time,temp_air,wind_speed,relative_humidity,dewpoint,ghi,dni,dhi
1990-01-01 05:30:00+05:30,-20.81,1.0,60.83,-26.400653557162066,0.0,0.0,0.0
1990-01-01 06:30:00+05:30,-20.98,1.0,58.24,-27.037508262849887,0.0,0.0,0.0
1990-01-01 07:30:00+05:30,-21.15,1.01,55.66,-27.690378114780454,0.0,0.0,0.0
1990-01-01 08:30:00+05:30,-21.32,1.02,53.07,-28.364746865785545,224.4,465.37,140.15
1990-01-01 09:30:00+05:30,-21.49,1.02,50.48,-29.060659686891956,387.0,498.96,219.8
1990-01-01 10:30:00+05:30,-21.66,1.03,47.89,-29.78032817915384,501.75,480.09,285.05
1990-01-01 11:30:00+05:30,-21.83,1.04,45.3,-30.526323274299678,595.15,684.96,237.65
1990-01-01 12:30:00+05:30,-22.0,1.05,42.71,-31.301658090298986,599.9,729.75,204.4
1990-01-01 13:30:00+05:30,-13.01,0.83,53.95,-20.393217855633555,536.2,769.33,143.75
1990-01-01 14:30:00+05:30,-12.23,0.76,56.55,-19.112561498196023,389.75,613.46,126.85
1990-01-01 15:30:00+05:30,-12.22,0.76,56.55,-19.10314880134688,214.4,452.9,77.25
1990-01-01 16:30:00+05:30,-12.73,0.76,53.95,-20.13090777779139,37.75,112.36,21.85
1990-01-01 17:30:00+05:30,-13.96,0.76,51.3,-21.860455396059027,0.0,0.0,0.0
1990-01-01 18:30:00+05:30,-15.26,0.83,55.75,-22.12828044168253,0.0,0.0,0.0
1990-01-01 19:30:00+05:30,-16.71,0.9,55.35,-23.57349830985859,0.0,0.0,0.0
1990-01-01 20:30:00+05:30,-18.11,0.97,55.1,-24.940467218958492,0.0,0.0,0.0
1990-01-01 21:30:00+05:30,-19.57,1.03,52.3,-26.884205395363885,0.0,0.0,0.0
1990-01-01 22:30:00+05:30,-20.92,1.03,51.85,-28.240743404103153,0.0,0.0,0.0
1990-01-01 23:30:00+05:30,-22.27,1.1,53.95,-29.079741384127914,0.0,0.0,0.0
1990-01-02 00:30:00+05:30,-24.14,1.17,58.9,-29.909164190942274,0.0,0.0,0.0
1990-01-02 01:30:00+05:30,-25.32,1.17,58.65,-31.07262226963856,0.0,0.0,0.0
1990-01-02 02:30:00+05:30,-26.2,1.24,58.35,-31.960230832596697,0.0,0.0,0.0
1990-01-02 03:30:00+05:30,-26.37,1.17,55.55,-32.631165607575184,0.0,0.0,0.0
1990-01-02 04:30:00+05:30,-25.65,1.17,50.55,-32.92951005516683,0.0,0.0,0.0
1990-01-02 05:30:00+05:30,-24.72,1.17,48.25,-32.54398534916768,0.0,0.0,0.0
1990-01-02 06:30:00+05:30,-23.3,1.1,46.35,-31.644459896747346,0.0,0.0,0.0
1990-01-02 07:30:00+05:30,-23.16,1.1,46.35,-31.514890208245767,0.0,0.0,0.0
1990-01-02 08:30:00+05:30,-22.94,1.1,44.25,-31.79576171169036,226.95,547.01,128.05
1990-01-02 09:30:00+05:30,-21.78,1.03,51.55,-29.107171138780075,385.8,582.63,190.5
1990-01-02 10:30:00+05:30,-18.56,0.9,60.45,-24.33298641458107,517.35,695.12,203.25
1990-01-02 11:30:00+05:30,-15.65,0.9,63.8,-20.951866582677386,611.4,846.73,168.7
1990-01-02 12:30:00+05:30,-13.33,0.83,61.55,-19.160456962091967,612.1,860.26,144.75
1990-01-02 13:30:00+05:30,-12.09,0.83,61.8,-17.934772430411762,546.8,844.79,114.45
1990-01-02 14:30:00+05:30,-11.43,0.83,59.4,-17.77828772261123,411.65,751.42,88.15
1990-01-02 15:30:00+05:30,-11.41,0.83,59.4,-17.759368749089784,209.4,401.79,86.85
1990-01-02 16:30:00+05:30,-11.98,0.83,59.25,-18.328423989978226,39.25,112.99,23.0
1990-01-02 17:30:00+05:30,-13.1,0.76,58.9,-19.457095484324263,0.0,0.0,0.0
1990-01-02 18:30:00+05:30,-14.54,0.83,58.6,-20.877727986058567,0.0,0.0,0.0
1990-01-02 19:30:00+05:30,-15.86,0.9,60.95,-21.676563507510323,0.0,0.0,0.0
1990-01-02 20:30:00+05:30,-17.15,0.97,66.4,-21.927707866600212,0.0,0.0,0.0
1990-01-02 21:30:00+05:30,-18.27,1.03,63.3,-23.540418163796748,0.0,0.0,0.0
1990-01-02 22:30:00+05:30,-19.59,1.03,65.95,-24.342160704264973,0.0,0.0,0.0
1990-01-02 23:30:00+05:30,-20.74,1.1,65.7,-25.485904977913798,0.0,0.0,0.0
1990-01-03 00:30:00+05:30,-21.32,1.03,65.6,-26.058198811364072,0.0,0.0,0.0
1990-01-03 01:30:00+05:30,-22.06,1.03,62.45,-27.30334729438463,0.0,0.0,0.0
1990-01-03 02:30:00+05:30,-22.57,1.1,62.35,-27.806811958439106,0.0,0.0,0.0
1990-01-03 03:30:00+05:30,-23.08,1.1,62.2,-28.318853347077276,0.0,0.0,0.0
1990-01-03 04:30:00+05:30,-23.42,1.03,62.1,-28.66014476422331,0.0,0.0,0.0
1990-01-03 05:30:00+05:30,-23.49,1.03,59.15,-29.24779423199496,0.0,0.0,0.0
1990-01-03 06:30:00+05:30,-25.0,1.03,58.75,-30.75138065026842,0.0,0.0,0.0
1990-01-03 07:30:00+05:30,-25.58,1.03,55.8,-31.839443839456504,0.0,0.0,0.0
1990-01-03 08:30:00+05:30,-26.06,1.03,55.65,-32.32017345030839,278.75,1221.86,58.0
1990-01-03 09:30:00+05:30,-25.26,1.03,55.8,-31.537606884304626,461.1,1162.57,71.15
1990-01-03 10:30:00+05:30,-23.26,0.9,68.3,-27.479601895086887,588.1,1117.86,82.3
1990-01-03 11:30:00+05:30,-19.6,0.9,69.05,-23.837345591480585,651.6,1082.29,84.65
1990-01-03 12:30:00+05:30,-17.09,0.9,66.4,-21.870218540313004,642.85,1025.38,84.35
1990-01-03 13:30:00+05:30,-15.3,0.9,63.9,-20.599902452125384,563.8,941.2,80.45
1990-01-03 14:30:00+05:30,-14.28,0.9,64.15,-19.581370678911124,423.7,822.86,67.75
1990-01-03 15:30:00+05:30,-14.15,0.9,64.15,-19.45732577530932,235.85,604.49,50.1
1990-01-03 16:30:00+05:30,-14.56,0.9,61.2,-20.395046815461246,46.85,211.35,15.95
1990-01-03 17:30:00+05:30,-15.97,0.83,60.95,-21.78100611015648,0.0,0.0,0.0
1990-01-03 18:30:00+05:30,-17.02,0.9,60.7,-22.824661498461982,0.0,0.0,0.0
1990-01-03 19:30:00+05:30,-18.3,0.97,60.45,-24.08619008153956,0.0,0.0,0.0
1990-01-03 20:30:00+05:30,-19.5,0.97,60.2,-25.271294397915906,0.0,0.0,0.0
1990-01-03 21:30:00+05:30,-20.55,1.03,59.95,-26.313589351826323,0.0,0.0,0.0
1990-01-03 22:30:00+05:30,-21.37,1.1,62.6,-26.619493366253984,0.0,0.0,0.0
1990-01-03 23:30:00+05:30,-21.6,1.1,59.7,-27.355458124862967,0.0,0.0,0.0
1990-01-04 00:30:00+05:30,-20.74,1.03,57.05,-27.035679881536137,0.0,0.0,0.0
1990-01-04 01:30:00+05:30,-20.68,1.1,57.05,-26.979029480414052,0.0,0.0,0.0
1990-01-04 02:30:00+05:30,-20.74,1.1,57.05,-27.035679881536137,0.0,0.0,0.0
1990-01-04 03:30:00+05:30,-20.63,1.03,57.05,-26.931821473900712,0.0,0.0,0.0
1990-01-04 04:30:00+05:30,-20.64,1.03,57.05,-26.94126302712483,0.0,0.0,0.0
1990-01-04 05:30:00+05:30,-20.52,1.03,57.2,-26.79928609454421,0.0,0.0,0.0
1990-01-04 06:30:00+05:30,-19.41,1.03,57.45,-25.70306105946805,0.0,0.0,0.0
1990-01-04 07:30:00+05:30,-18.98,0.97,57.6,-25.26804984826706,0.0,0.0,0.0
1990-01-04 08:30:00+05:30,-18.39,0.9,60.45,-24.171617918852732,141.25,36.26,134.7
1990-01-04 09:30:00+05:30,-16.83,0.0,72.8,-20.562181420724613,286.25,116.76,247.05
1990-01-04 10:30:00+05:30,-14.21,0.0,70.1,-18.474487252251038,386.85,100.18,341.45
1990-01-04 11:30:00+05:30,-11.95,0.76,70.6,-16.21291733202132,416.15,63.15,383.0
1990-01-04 12:30:00+05:30,-10.11,0.76,74.0,-13.864786864346417,442.0,176.86,345.4
1990-01-04 13:30:00+05:30,-8.81,0.76,71.2,-13.083923995864923,382.8,122.72,319.55
1990-01-04 14:30:00+05:30,-8.09,0.83,71.3,-12.372546271323078,291.85,158.61,222.9
1990-01-04 15:30:00+05:30,-7.72,0.83,68.45,-12.523395367135096,192.2,339.27,87.15
1990-01-04 16:30:00+05:30,-8.24,0.9,68.35,-13.040480806041389,39.4,118.72,21.75
1990-01-04 17:30:00+05:30,-9.56,0.83,74.1,-13.315743107999078,0.0,0.0,0.0
1990-01-04 18:30:00+05:30,-10.36,0.83,70.9,-14.629545847229387,0.0,0.0,0.0
1990-01-04 19:30:00+05:30,-11.27,0.9,70.7,-15.540689126804281,0.0,0.0,0.0
1990-01-04 20:30:00+05:30,-12.0,0.83,70.6,-16.261090465321967,0.0,0.0,0.0
1990-01-04 21:30:00+05:30,-12.75,0.83,70.4,-17.017593817468267,0.0,0.0,0.0
1990-01-04 22:30:00+05:30,-13.57,0.83,73.35,-17.320031792576675,0.0,0.0,0.0
1990-01-04 23:30:00+05:30,-14.15,0.83,70.1,-18.416702255245315,0.0,0.0,0.0
1990-01-05 00:30:00+05:30,-14.51,0.83,67.05,-19.28491074388249,0.0,0.0,0.0
1990-01-05 01:30:00+05:30,-14.9,0.83,66.95,-19.676199361872143,0.0,0.0,0.0
1990-01-05 02:30:00+05:30,-15.15,0.83,66.85,-19.933233060934427,0.0,0.0,0.0
1990-01-05 03:30:00+05:30,-15.51,0.83,63.9,-20.80024970694389,0.0,0.0,0.0
1990-01-05 04:30:00+05:30,-15.83,0.76,66.75,-20.60234242430775,0.0,0.0,0.0
1990-01-05 05:30:00+05:30,-16.2,0.76,66.6,-20.982897693665688,0.0,0.0,0.0
1990-01-05 06:30:00+05:30,-15.68,0.76,66.75,-20.45857730042356,0.0,0.0,0.0
1990-01-05 07:30:00+05:30,-16.07,0.76,63.65,-21.37955406461515,0.0,0.0,0.0
1990-01-05 08:30:00+05:30,-16.22,0.69,63.65,-21.522622816791365,241.1,836.18,90.0
1990-01-05 09:30:00+05:30,-15.7,0.62,60.95,-21.52465161392602,413.65,791.28,147.65
1990-01-05 10:30:00+05:30,-14.28,0.55,67.05,-19.064422925120503,554.65,899.99,146.05
1990-01-05 11:30:00+05:30,-12.62,0.41,76.85,-15.840181450640006,588.6,779.56,178.4
1990-01-05 12:30:00+05:30,-10.81,0.28,70.8,-15.080338940285438,566.8,651.05,210.15
1990-01-05 13:30:00+05:30,-9.88,0.41,71.0,-14.149762932931045,513.3,714.18,143.8
1990-01-05 14:30:00+05:30,-9.47,0.62,68.15,-14.256679567351481,392.2,603.47,128.5
1990-01-05 15:30:00+05:30,-9.39,0.62,68.15,-14.179924375942356,224.65,524.07,61.1
1990-01-05 16:30:00+05:30,-10.06,0.62,77.2,-13.295582429715068,46.5,177.92,19.6
1990-01-05 17:30:00+05:30,-10.9,0.62,70.8,-15.16706119612262,0.0,0.0,0.0
1990-01-05 18:30:00+05:30,-12.42,0.69,76.9,-15.637876282582,0.0,0.0,0.0
1990-01-05 19:30:00+05:30,-14.29,0.76,87.3,-15.938248366678094,0.0,0.0,0.0
1990-01-05 20:30:00+05:30,-15.63,0.83,87.15,-17.279546740886666,0.0,0.0,0.0
1990-01-05 21:30:00+05:30,-16.64,0.9,87.1,-18.281757301133876,0.0,0.0,0.0
1990-01-05 22:30:00+05:30,-17.59,0.9,87.0,-19.23150550193145,0.0,0.0,0.0
1990-01-05 23:30:00+05:30,-18.06,0.9,83.2,-20.21391866890564,0.0,0.0,0.0
1990-01-06 00:30:00+05:30,-17.84,0.9,83.2,-19.99811152207966,0.0,0.0,0.0
1990-01-06 01:30:00+05:30,-17.98,0.9,76.0,-21.181119454348035,0.0,0.0,0.0
1990-01-06 02:30:00+05:30,-18.36,0.83,72.65,-22.065824494591176,0.0,0.0,0.0
1990-01-06 03:30:00+05:30,-18.92,0.83,72.5,-22.63099088880643,0.0,0.0,0.0
1990-01-06 04:30:00+05:30,-19.6,0.83,75.75,-22.792884901008193,0.0,0.0,0.0
1990-01-06 05:30:00+05:30,-20.25,0.83,72.25,-23.956191110902424,0.0,0.0,0.0
1990-01-06 06:30:00+05:30,-21.89,0.83,71.95,-25.588266720677314,0.0,0.0,0.0
1990-01-06 07:30:00+05:30,-22.5,0.76,68.55,-26.70860528834174,0.0,0.0,0.0
1990-01-06 08:30:00+05:30,-22.72,0.83,68.45,-26.9362238130106,276.05,1169.89,64.45
1990-01-06 09:30:00+05:30,-22.06,0.83,62.45,-27.30334729438463,457.75,1109.3,84.25
1990-01-06 10:30:00+05:30,-20.62,0.83,62.7,-25.887057816184058,593.85,1114.11,87.0
1990-01-06 11:30:00+05:30,-19.52,0.76,69.2,-23.73597291071469,661.2,1086.67,87.95
1990-01-06 12:30:00+05:30,-17.34,0.76,66.4,-22.109761658329962,653.75,1028.24,88.7
1990-01-06 13:30:00+05:30,-15.83,0.76,63.8,-21.123576663455598,567.4,890.38,104.9
1990-01-06 14:30:00+05:30,-14.88,0.76,64.05,-20.172031231218078,388.9,516.95,161.8
1990-01-06 15:30:00+05:30,-14.48,0.76,61.35,-20.290709340072492,184.1,176.1,128.7
1990-01-06 16:30:00+05:30,-14.62,0.76,61.2,-20.452022750197905,36.55,20.16,33.45
1990-01-06 17:30:00+05:30,-15.24,0.76,61.1,-21.059644705019814,0.0,0.0,0.0
1990-01-06 18:30:00+05:30,-15.5,0.76,58.35,-21.834218520410396,0.0,0.0,0.0
1990-01-06 19:30:00+05:30,-15.83,0.83,58.25,-22.165670223915395,0.0,0.0,0.0
1990-01-06 20:30:00+05:30,-16.09,0.83,60.8,-21.923093910124187,0.0,0.0,0.0
1990-01-06 21:30:00+05:30,-16.41,0.83,60.8,-22.226872599707168,0.0,0.0,0.0
1990-01-06 22:30:00+05:30,-16.63,0.83,60.7,-22.45444576993123,0.0,0.0,0.0
1990-01-06 23:30:00+05:30,-16.84,0.83,60.7,-22.65378862641653,0.0,0.0,0.0
1990-01-07 00:30:00+05:30,-16.78,0.76,60.7,-22.596832554527634,0.0,0.0,0.0
1990-01-07 01:30:00+05:30,-17.04,0.76,60.7,-22.84364780429261,0.0,0.0,0.0
1990-01-07 02:30:00+05:30,-17.37,0.76,60.6,-23.175555406558647,0.0,0.0,0.0
1990-01-07 03:30:00+05:30,-17.7,0.76,63.3,-22.996858559099334,0.0,0.0,0.0
1990-01-07 04:30:00+05:30,-18.09,0.76,63.3,-23.368760783837637,0.0,0.0,0.0
1990-01-07 05:30:00+05:30,-18.36,0.76,60.45,-24.143141777487823,0.0,0.0,0.0
1990-01-07 06:30:00+05:30,-17.53,0.76,66.4,-22.291821923226355,0.0,0.0,0.0
1990-01-07 07:30:00+05:30,-18.15,0.76,66.3,-22.903021831432717,0.0,0.0,0.0
1990-01-07 08:30:00+05:30,-18.4,0.83,66.3,-23.14257536775593,254.5,977.4,77.45
1990-01-07 09:30:00+05:30,-17.82,0.83,66.3,-22.586828386598814,446.7,1068.66,86.2
1990-01-07 10:30:00+05:30,-16.58,0.76,69.6,-20.840038655179523,575.5,1033.5,104.25
1990-01-07 11:30:00+05:30,-14.87,0.69,73.2,-18.6021115029852,642.0,937.0,146.35
1990-01-07 12:30:00+05:30,-12.89,0.62,67.4,-17.67034898716274,633.55,884.18,146.05
1990-01-07 13:30:00+05:30,-11.64,0.55,64.7,-16.961058476768645,525.85,734.66,142.65
1990-01-07 14:30:00+05:30,-10.87,0.48,62.15,-16.708314694492813,387.95,502.57,165.95
1990-01-07 15:30:00+05:30,-10.72,0.41,62.15,-16.565763638906926,211.05,328.67,106.8
1990-01-07 16:30:00+05:30,-11.18,0.48,70.7,-15.453974819405845,42.85,69.34,32.0
1990-01-07 17:30:00+05:30,-11.83,0.55,61.95,-17.65900521764194,0.0,0.0,0.0
1990-01-07 18:30:00+05:30,-12.84,0.62,67.4,-17.622403983764862,0.0,0.0,0.0
1990-01-07 19:30:00+05:30,-13.77,0.69,70.2,-18.033885532063795,0.0,0.0,0.0
1990-01-07 20:30:00+05:30,-14.62,0.69,73.2,-18.36022448700527,0.0,0.0,0.0
1990-01-07 21:30:00+05:30,-15.42,0.76,73.1,-19.150302602663,0.0,0.0,0.0
1990-01-07 22:30:00+05:30,-16.11,0.83,76.25,-19.325743352398934,0.0,0.0,0.0
1990-01-07 23:30:00+05:30,-16.8,0.83,72.8,-20.533162898504763,0.0,0.0,0.0
1990-01-08 00:30:00+05:30,-16.65,0.9,69.6,-20.90743112865296,0.0,0.0,0.0
1990-01-08 01:30:00+05:30,-16.92,0.9,69.6,-21.167380862888926,0.0,0.0,0.0
1990-01-08 02:30:00+05:30,-17.14,0.9,69.5,-21.395702322335136,0.0,0.0,0.0
1990-01-08 03:30:00+05:30,-17.39,0.97,66.4,-22.1576716267489,0.0,0.0,0.0
1990-01-08 04:30:00+05:30,-17.54,0.9,66.4,-22.30140422175006,0.0,0.0,0.0
1990-01-08 05:30:00+05:30,-17.6,0.9,69.4,-21.855014120450917,0.0,0.0,0.0
1990-01-08 06:30:00+05:30,-17.63,0.9,69.4,-21.8838928183582,0.0,0.0,0.0
1990-01-08 07:30:00+05:30,-17.7,0.83,66.3,-22.47185381097975,0.0,0.0,0.0
1990-01-08 08:30:00+05:30,-17.59,0.83,66.3,-22.366462726344597,186.8,198.33,150.8
1990-01-08 09:30:00+05:30,-17.25,0.69,66.4,-22.023524844837844,360.3,466.01,202.75
1990-01-08 10:30:00+05:30,-16.16,0.55,69.7,-20.41907899941498,482.05,428.55,286.15
1990-01-08 11:30:00+05:30,-14.26,0.55,67.05,-19.045250509231973,585.55,661.9,234.4
1990-01-08 12:30:00+05:30,-13.25,0.48,64.35,-18.5620061628277,589.0,626.98,242.1
1990-01-08 13:30:00+05:30,-12.26,0.41,61.8,-18.096282663406882,515.8,566.67,218.95
1990-01-08 14:30:00+05:30,-11.62,0.48,61.95,-17.459461305413846,369.1,377.95,201.2
1990-01-08 15:30:00+05:30,-11.33,0.69,59.4,-17.68369374994509,183.6,262.77,99.55
1990-01-08 16:30:00+05:30,-11.42,0.83,62.05,-17.250220903262054,45.15,126.25,25.05
1990-01-08 17:30:00+05:30,-11.93,0.69,59.25,-18.28113312359657,0.0,0.0,0.0
1990-01-08 18:30:00+05:30,-12.62,0.62,64.5,-17.933267127241074,0.0,0.0,0.0
1990-01-08 19:30:00+05:30,-13.61,0.55,67.2,-18.395844320418444,0.0,0.0,0.0
1990-01-08 20:30:00+05:30,-14.69,0.62,70.0,-18.953534624228944,0.0,0.0,0.0
1990-01-08 21:30:00+05:30,-16.17,0.69,72.9,-19.907838992598823,0.0,0.0,0.0
1990-01-08 22:30:00+05:30,-17.38,0.76,76.1,-20.58288206349012,0.0,0.0,0.0
1990-01-08 23:30:00+05:30,-18.53,0.83,72.65,-22.230266867883753,0.0,0.0,0.0
1990-01-09 00:30:00+05:30,-17.93,0.76,69.4,-22.17268777066332,0.0,0.0,0.0
1990-01-09 01:30:00+05:30,-18.65,0.76,72.5,-22.369860279446005,0.0,0.0,0.0
1990-01-09 02:30:00+05:30,-19.36,0.76,69.2,-23.58195169984856,0.0,0.0,0.0
1990-01-09 03:30:00+05:30,-19.61,0.76,69.05,-23.84697004656695,0.0,0.0,0.0
1990-01-09 04:30:00+05:30,-20.03,0.76,65.95,-24.763668753565998,0.0,0.0,0.0
1990-01-09 05:30:00+05:30,-20.4,0.76,65.85,-25.134979531374057,0.0,0.0,0.0
1990-01-09 06:30:00+05:30,-22.55,0.76,65.35,-27.277881094958065,0.0,0.0,0.0
1990-01-09 07:30:00+05:30,-23.01,0.76,65.25,-27.734977442853825,0.0,0.0,0.0
1990-01-09 08:30:00+05:30,-23.26,0.83,65.15,-27.990936598988192,269.65,1048.66,78.8
1990-01-09 09:30:00+05:30,-23.05,0.83,59.3,-28.8034308154235,464.75,1141.23,77.95
1990-01-09 10:30:00+05:30,-22.28,0.76,59.4,-28.055041578195418,602.8,1132.48,83.7
1990-01-09 11:30:00+05:30,-20.95,0.76,65.7,-25.68704128088741,653.8,962.65,141.5
1990-01-09 12:30:00+05:30,-19.14,0.69,63.05,-24.414381651944268,658.75,995.84,105.75
1990-01-09 13:30:00+05:30,-17.6,0.69,63.3,-22.90150388497027,578.9,893.38,108.8
1990-01-09 14:30:00+05:30,-16.81,0.76,60.7,-22.625310493466504,443.2,805.89,83.1
1990-01-09 15:30:00+05:30,-16.5,0.76,58.1,-22.828104046193673,256.8,621.17,56.4
1990-01-09 16:30:00+05:30,-16.78,0.69,58.0,-23.11216056100843,59.05,234.86,21.0
1990-01-09 17:30:00+05:30,-17.51,0.69,52.7,-24.872696255323195,0.0,0.0,0.0
1990-01-09 18:30:00+05:30,-18.59,0.76,54.95,-25.421959705495716,0.0,0.0,0.0
1990-01-09 19:30:00+05:30,-19.71,0.76,54.7,-26.524947843850516,0.0,0.0,0.0
1990-01-09 20:30:00+05:30,-20.81,0.83,57.05,-27.101773110004427,0.0,0.0,0.0
1990-01-09 21:30:00+05:30,-21.88,0.9,56.8,-28.15958509342504,0.0,0.0,0.0
1990-01-09 22:30:00+05:30,-22.86,0.9,56.5,-29.141476652891956,0.0,0.0,0.0
1990-01-09 23:30:00+05:30,-23.76,0.97,59.05,-29.521854078526566,0.0,0.0,0.0
1990-01-10 00:30:00+05:30,-24.14,0.97,56.1,-30.424768410424164,0.0,0.0,0.0
1990-01-10 01:30:00+05:30,-24.73,0.97,55.95,-31.009554411873324,0.0,0.0,0.0
1990-01-10 02:30:00+05:30,-25.3,1.03,55.8,-31.57533510642367,0.0,0.0,0.0
1990-01-10 03:30:00+05:30,-25.9,1.03,55.65,-32.16927261248609,0.0,0.0,0.0
1990-01-10 04:30:00+05:30,-26.52,1.03,55.55,-32.77262762749358,0.0,0.0,0.0
1990-01-10 05:30:00+05:30,-26.99,1.1,58.25,-32.72662977653047,0.0,0.0,0.0
1990-01-10 06:30:00+05:30,-27.97,1.1,57.95,-33.70828132981353,0.0,0.0,0.0
1990-01-10 07:30:00+05:30,-28.27,1.1,57.8,-34.01895969916955,0.0,0.0,0.0
1990-01-10 08:30:00+05:30,-28.16,1.03,55.1,-34.402396037958574,292.0,1271.13,59.93
1990-01-10 09:30:00+05:30,-27.08,1.03,50.1,-34.356684717566566,477.45,1195.69,71.05
1990-01-10 10:30:00+05:30,-25.58,0.97,50.55,-32.86411863389803,610.0,1150.89,80.9
1990-01-10 11:30:00+05:30,-22.69,0.97,62.2,-27.94721869739746,676.4,1106.7,85.5
1990-01-10 12:30:00+05:30,-19.7,0.9,57.3,-26.005757295888163,671.7,1052.23,85.15
1990-01-10 13:30:00+05:30,-17.88,0.83,60.45,-23.687550115134222,595.85,976.27,79.75
1990-01-10 14:30:00+05:30,-16.76,0.83,58.0,-23.09326400708246,455.5,859.04,69.35
1990-01-10 15:30:00+05:30,-16.4,0.83,55.5,-23.251483593637086,264.85,650.35,53.2
1990-01-10 16:30:00+05:30,-16.72,0.76,55.35,-23.582901222791442,63.15,260.19,20.25
1990-01-10 17:30:00+05:30,-17.9,0.83,52.6,-25.258723570208197,0.0,0.0,0.0
1990-01-10 18:30:00+05:30,-19.27,0.9,49.85,-27.127302219977878,0.0,0.0,0.0
1990-01-10 19:30:00+05:30,-20.65,0.97,51.85,-27.988251618099763,0.0,0.0,0.0
1990-01-10 20:30:00+05:30,-21.83,0.97,51.55,-29.153915911880734,0.0,0.0,0.0
1990-01-10 21:30:00+05:30,-22.77,1.03,53.85,-29.569168054329282,0.0,0.0,0.0
1990-01-10 22:30:00+05:30,-23.47,1.03,51.15,-30.769561439533742,0.0,0.0,0.0
1990-01-10 23:30:00+05:30,-24.08,1.03,51.0,-31.37048815803055,0.0,0.0,0.0
1990-01-11 00:30:00+05:30,-24.29,1.03,50.85,-31.597516630199852,0.0,0.0,0.0
1990-01-11 01:30:00+05:30,-24.8,1.1,50.7,-32.10477282610187,0.0,0.0,0.0
1990-01-11 02:30:00+05:30,-25.35,1.1,50.55,-32.649271027866625,0.0,0.0,0.0
1990-01-11 03:30:00+05:30,-25.87,1.1,53.0,-32.64673641155577,0.0,0.0,0.0
1990-01-11 04:30:00+05:30,-26.32,1.1,52.85,-33.09831484440404,0.0,0.0,0.0
1990-01-11 05:30:00+05:30,-26.67,1.1,52.7,-33.45595843102447,0.0,0.0,0.0
1990-01-11 06:30:00+05:30,-26.09,1.1,50.4,-33.371098803402546,0.0,0.0,0.0
1990-01-11 07:30:00+05:30,-26.29,1.1,52.85,-33.07016155804763,0.0,0.0,0.0
1990-01-11 08:30:00+05:30,-26.14,1.1,47.95,-33.92810907438029,290.05,1267.09,57.85
1990-01-11 09:30:00+05:30,-24.99,1.1,45.9,-33.309348957999305,472.75,1146.94,81.7
1990-01-11 10:30:00+05:30,-23.4,1.03,48.7,-31.219872586842055,608.6,1135.75,84.8
1990-01-11 11:30:00+05:30,-20.53,0.0,62.85,-25.774922561795652,671.35,1040.98,113.6
1990-01-11 12:30:00+05:30,-17.14,0.0,60.6,-22.957238719069252,653.45,895.36,152.35
1990-01-11 13:30:00+05:30,-15.04,0.83,58.5,-21.37002156084686,561.35,751.64,162.1
1990-01-11 14:30:00+05:30,-13.82,0.83,56.15,-20.691502429500332,416.7,597.76,146.35
1990-01-11 15:30:00+05:30,-13.35,0.76,53.8,-20.743910009309506,233.55,406.6,100.05
1990-01-11 16:30:00+05:30,-13.66,0.76,51.3,-21.58079687583661,54.15,124.85,33.2
1990-01-11 17:30:00+05:30,-14.89,0.83,53.4,-22.271704045469033,0.0,0.0,0.0
1990-01-11 18:30:00+05:30,-15.51,0.83,48.6,-23.91391723444919,0.0,0.0,0.0
1990-01-11 19:30:00+05:30,-16.46,0.9,48.3,-24.864072059584004,0.0,0.0,0.0
1990-01-11 20:30:00+05:30,-17.27,0.97,48.0,-25.684004982780085,0.0,0.0,0.0
1990-01-11 21:30:00+05:30,-18.17,0.97,45.65,-27.06669396014218,0.0,0.0,0.0
1990-01-11 22:30:00+05:30,-19.01,1.03,43.35,-28.399521545663628,0.0,0.0,0.0
1990-01-11 23:30:00+05:30,-19.77,1.03,45.2,-28.649478443271484,0.0,0.0,0.0
1990-01-12 00:30:00+05:30,-19.76,0.97,43.05,-29.16232597487629,0.0,0.0,0.0
1990-01-12 01:30:00+05:30,-19.98,1.03,41.05,-29.8704062190746,0.0,0.0,0.0
1990-01-12 02:30:00+05:30,-20.06,1.03,41.05,-29.943472744572233,0.0,0.0,0.0
1990-01-12 03:30:00+05:30,-20.13,1.03,42.9,-29.53902993780195,0.0,0.0,0.0
1990-01-12 04:30:00+05:30,-20.09,1.03,41.05,-29.970873290336485,0.0,0.0,0.0
1990-01-12 05:30:00+05:30,-20.04,1.03,39.1,-30.440342898893494,0.0,0.0,0.0
1990-01-12 06:30:00+05:30,-18.17,1.03,41.5,-28.10029248475283,0.0,0.0,0.0
1990-01-12 07:30:00+05:30,-18.03,1.03,41.5,-27.972383620509376,0.0,0.0,0.0
1990-01-12 08:30:00+05:30,-17.92,1.03,43.5,-27.361616810432626,233.85,556.95,131.35
1990-01-12 09:30:00+05:30,-17.18,0.97,45.8,-26.117557421331217,426.6,770.65,162.95
1990-01-12 10:30:00+05:30,-15.78,0.9,63.8,-21.07587878343045,558.45,775.24,199.7
1990-01-12 11:30:00+05:30,-12.49,0.83,59.15,-18.830661365401618,644.0,874.38,173.8
1990-01-12 12:30:00+05:30,-10.93,0.76,62.15,-16.765336412797588,653.8,927.52,132.55
1990-01-12 13:30:00+05:30,-9.52,0.69,62.4,-15.3769260953332,574.5,815.67,139.1
1990-01-12 14:30:00+05:30,-8.78,0.69,60.0,-15.150439140556252,438.1,717.73,111.45
1990-01-12 15:30:00+05:30,-8.78,0.69,60.0,-15.150439140556252,261.75,596.13,64.25
1990-01-12 16:30:00+05:30,-9.54,0.76,68.0,-14.350764248883044,64.65,240.93,23.5
1990-01-12 17:30:00+05:30,-10.39,0.83,57.1,-17.265839092347818,0.0,0.0,0.0
1990-01-12 18:30:00+05:30,-11.96,0.83,59.25,-18.30950757599246,0.0,0.0,0.0
1990-01-12 19:30:00+05:30,-13.42,0.9,58.9,-19.759663766187597,0.0,0.0,0.0
1990-01-12 20:30:00+05:30,-14.75,0.9,61.2,-20.57547322872751,0.0,0.0,0.0
1990-01-12 21:30:00+05:30,-16.01,0.97,60.95,-21.818985879991,0.0,0.0,0.0
1990-01-12 22:30:00+05:30,-17.18,0.97,66.4,-21.956452771801555,0.0,0.0,0.0
1990-01-12 23:30:00+05:30,-18.22,1.03,63.3,-23.49273491206236,0.0,0.0,0.0
1990-01-13 00:30:00+05:30,-21.18,1.1,72.05,-24.886402830125622,0.0,0.0,0.0
1990-01-13 01:30:00+05:30,-21.76,1.1,68.65,-25.980571091236452,0.0,0.0,0.0
1990-01-13 02:30:00+05:30,-22.15,1.1,68.55,-26.371841498148626,0.0,0.0,0.0
1990-01-13 03:30:00+05:30,-22.38,1.1,65.35,-27.11509352062531,0.0,0.0,0.0
1990-01-13 04:30:00+05:30,-22.7,1.1,65.25,-27.438152757239006,0.0,0.0,0.0
1990-01-13 05:30:00+05:30,-22.77,1.1,62.2,-28.023448889103033,0.0,0.0,0.0
1990-01-13 06:30:00+05:30,-23.6,1.1,59.15,-29.352103707445757,0.0,0.0,0.0
1990-01-13 07:30:00+05:30,-23.73,1.1,61.95,-28.981433712310576,0.0,0.0,0.0
1990-01-13 08:30:00+05:30,-24.11,1.1,59.05,-29.853722804599375,278.9,1105.59,74.45
1990-01-13 09:30:00+05:30,-23.93,1.03,65.0,-28.657206519105323,467.85,1086.83,94.65
1990-01-13 10:30:00+05:30,-21.99,0.9,65.5,-26.716598961578658,610.05,1133.86,83.45
1990-01-13 11:30:00+05:30,-18.84,0.83,66.2,-23.581201062030413,679.5,1098.72,86.4
1990-01-13 12:30:00+05:30,-16.71,0.76,63.55,-22.007957911163167,676.85,1048.12,85.3
1990-01-13 13:30:00+05:30,-15.06,0.83,63.9,-20.370944682010204,604.85,981.92,78.05
1990-01-13 14:30:00+05:30,-14.12,0.76,61.35,-19.948788749217005,464.55,861.73,69.85
1990-01-13 15:30:00+05:30,-13.9,0.76,61.45,-19.720877958298253,275.45,663.86,53.5
1990-01-13 16:30:00+05:30,-14.24,0.76,61.35,-20.06275923911854,71.1,285.89,21.4
1990-01-13 17:30:00+05:30,-15.25,0.76,58.35,-21.597946162038568,0.0,0.0,0.0
1990-01-13 18:30:00+05:30,-16.73,0.83,63.55,-22.02703290801845,0.0,0.0,0.0
1990-01-13 19:30:00+05:30,-18.2,0.9,66.3,-22.9509316388161,0.0,0.0,0.0
1990-01-13 20:30:00+05:30,-19.58,0.97,66.05,-24.3156494017061,0.0,0.0,0.0
1990-01-13 21:30:00+05:30,-20.86,0.97,68.85,-25.082351111100344,0.0,0.0,0.0
1990-01-13 22:30:00+05:30,-21.97,1.03,68.65,-26.182643138104464,0.0,0.0,0.0
1990-01-13 23:30:00+05:30,-22.89,1.03,71.75,-26.585656898103448,0.0,0.0,0.0
1990-01-14 00:30:00+05:30,-23.66,1.03,71.55,-27.36041295078238,0.0,0.0,0.0
1990-01-14 01:30:00+05:30,-24.28,1.03,71.45,-27.974822941804874,0.0,0.0,0.0
1990-01-14 02:30:00+05:30,-24.59,1.03,68.1,-28.790640903179252,0.0,0.0,0.0
1990-01-14 03:30:00+05:30,-24.66,1.03,68.0,-28.873723283927696,0.0,0.0,0.0
1990-01-14 04:30:00+05:30,-24.78,1.03,64.8,-29.50383828107569,0.0,0.0,0.0
1990-01-14 05:30:00+05:30,-24.99,0.97,61.7,-30.224793271554404,0.0,0.0,0.0
1990-01-14 06:30:00+05:30,-25.71,0.97,64.55,-30.434939907937725,0.0,0.0,0.0
1990-01-14 07:30:00+05:30,-25.87,0.97,61.45,-31.105755403873058,43.95,0.0,43.95
1990-01-14 08:30:00+05:30,-25.32,0.97,58.65,-31.07262226963856,231.3,495.67,139.15
1990-01-14 09:30:00+05:30,-23.8,0.9,56.25,-30.075730669652266,387.5,438.86,236.2
1990-01-14 10:30:00+05:30,-22.34,0.83,68.55,-26.554653597967768,520.75,471.9,300.75
1990-01-14 11:30:00+05:30,-17.85,0.76,66.3,-22.615572435397677,621.85,717.2,233.15
1990-01-14 12:30:00+05:30,-15.86,0.76,60.95,-21.676563507510323,582.45,463.13,319.9
1990-01-14 13:30:00+05:30,-14.07,0.69,58.6,-20.43345492611585,488.8,344.06,303.25
1990-01-14 14:30:00+05:30,-12.9,0.69,56.45,-19.76388149026392,343.9,197.71,252.75
1990-01-14 15:30:00+05:30,-12.55,0.69,59.0,-18.917206935705323,187.35,86.24,158.25
1990-01-14 16:30:00+05:30,-12.7,0.69,56.45,-19.57563436373107,42.95,1.98,42.6
1990-01-14 17:30:00+05:30,-13.24,0.69,58.9,-19.58946624472217,0.0,0.0,0.0
1990-01-14 18:30:00+05:30,-13.95,0.62,58.75,-20.29040379656606,0.0,0.0,0.0
1990-01-14 19:30:00+05:30,-14.4,0.69,58.6,-20.745386032736036,0.0,0.0,0.0
1990-01-14 20:30:00+05:30,-14.92,0.69,58.5,-21.256591629694533,0.0,0.0,0.0
1990-01-14 21:30:00+05:30,-15.34,0.69,61.1,-21.154603349440183,0.0,0.0,0.0
1990-01-14 22:30:00+05:30,-15.76,0.76,60.95,-21.581617932458148,0.0,0.0,0.0
1990-01-14 23:30:00+05:30,-16.22,0.69,63.65,-21.522622816791365,0.0,0.0,0.0
1990-01-15 00:30:00+05:30,-16.8,0.69,63.55,-22.093796018018743,0.0,0.0,0.0
1990-01-15 01:30:00+05:30,-17.13,0.69,66.4,-21.908544686117327,0.0,0.0,0.0
1990-01-15 02:30:00+05:30,-17.49,0.69,63.45,-22.769792199083078,0.0,0.0,0.0
1990-01-15 03:30:00+05:30,-17.92,0.76,66.3,-22.682642512443273,0.0,0.0,0.0
1990-01-15 04:30:00+05:30,-18.26,0.76,63.3,-23.530881473683618,0.0,0.0,0.0
1990-01-15 05:30:00+05:30,-18.62,0.69,66.2,-23.370408565108622,0.0,0.0,0.0
1990-01-15 06:30:00+05:30,-17.32,0.76,66.4,-22.090597796481205,0.0,0.0,0.0
1990-01-15 07:30:00+05:30,-17.31,0.76,66.4,-22.081015892453518,44.25,0.0,44.25
1990-01-15 08:30:00+05:30,-17.05,0.69,66.5,-21.8146887216768,182.4,209.09,143.3
1990-01-15 09:30:00+05:30,-15.9,0.62,69.8,-20.15211377256308,329.9,279.29,233.2
1990-01-15 10:30:00+05:30,-14.48,0.55,76.6,-17.687440434775993,479.15,351.01,314.85
1990-01-15 11:30:00+05:30,-12.27,0.48,70.5,-16.538220680445093,582.15,521.11,298.55
1990-01-15 12:30:00+05:30,-11.36,0.62,67.7,-16.150032181329177,467.55,340.65,273.55
1990-01-15 13:30:00+05:30,-10.6,0.9,67.8,-15.40330670772642,522.1,604.24,194.5
1990-01-15 14:30:00+05:30,-9.97,0.97,65.15,-15.283259130612059,304.2,242.73,191.55
1990-01-15 15:30:00+05:30,-9.71,0.97,65.15,-15.034980700446146,209.05,350.85,89.55
1990-01-15 16:30:00+05:30,-9.85,0.83,62.4,-15.690596830547769,55.5,152.14,28.1
1990-01-15 17:30:00+05:30,-10.29,0.69,62.3,-16.128151809736973,0.0,0.0,0.0
1990-01-15 18:30:00+05:30,-10.8,0.62,62.15,-16.641790292529542,0.0,0.0,0.0
1990-01-15 19:30:00+05:30,-11.68,0.62,64.7,-16.999240795164415,0.0,0.0,0.0
1990-01-15 20:30:00+05:30,-12.66,0.69,67.4,-17.44980555167619,0.0,0.0,0.0
1990-01-15 21:30:00+05:30,-13.83,0.76,70.2,-18.09167561027305,0.0,0.0,0.0
1990-01-15 22:30:00+05:30,-14.95,0.83,70.0,-19.203924971599818,0.0,0.0,0.0
1990-01-15 23:30:00+05:30,-16.29,0.9,72.9,-20.023919783402008,0.0,0.0,0.0
1990-01-16 00:30:00+05:30,-17.44,0.9,76.1,-20.64119175788011,0.0,0.0,0.0
1990-01-16 01:30:00+05:30,-18.57,0.9,72.65,-22.268959787081865,0.0,0.0,0.0
1990-01-16 02:30:00+05:30,-19.47,0.97,72.45,-23.170747216636602,0.0,0.0,0.0
1990-01-16 03:30:00+05:30,-20.22,0.97,72.25,-23.927180642867416,0.0,0.0,0.0
1990-01-16 04:30:00+05:30,-21.14,0.97,72.05,-24.847727792642754,0.0,0.0,0.0
1990-01-16 05:30:00+05:30,-21.95,0.97,68.65,-26.163397866303384,0.0,0.0,0.0
1990-01-16 06:30:00+05:30,-25.36,0.97,64.65,-30.083600396513475,0.0,0.0,0.0
1990-01-16 07:30:00+05:30,-25.78,0.9,64.55,-30.501930839249095,29.0,0.0,29.0
1990-01-16 08:30:00+05:30,-26.04,0.9,61.45,-31.26766314848534,298.2,1270.39,59.12
1990-01-16 09:30:00+05:30,-25.72,0.9,58.5,-31.47856968148862,488.1,1192.6,73.3
1990-01-16 10:30:00+05:30,-24.39,0.76,58.9,-30.146172031787316,623.75,1145.73,85.2
1990-01-16 11:30:00+05:30,-21.94,0.83,62.45,-27.18897384276492,695.45,1110.91,88.25
1990-01-16 12:30:00+05:30,-20.21,0.83,62.85,-25.469835644342854,696.25,1066.26,86.15
1990-01-16 13:30:00+05:30,-18.47,0.83,57.7,-24.766990107681593,622.95,994.28,80.95
1990-01-16 14:30:00+05:30,-17.31,0.76,57.85,-23.6420764233397,483.6,883.29,70.9
1990-01-16 15:30:00+05:30,-16.89,0.76,55.35,-23.742754595202936,292.1,689.75,54.95
1990-01-16 16:30:00+05:30,-17.08,0.69,55.2,-23.951856319631897,81.55,317.23,23.4
1990-01-16 17:30:00+05:30,-17.92,0.69,52.6,-25.277438036020524,0.0,0.0,0.0
1990-01-16 18:30:00+05:30,-19.14,0.76,52.3,-26.48190825162423,0.0,0.0,0.0
1990-01-16 19:30:00+05:30,-20.33,0.83,54.55,-27.13765567424771,0.0,0.0,0.0
1990-01-16 20:30:00+05:30,-21.5,0.83,54.25,-28.296849009269987,0.0,0.0,0.0
1990-01-16 21:30:00+05:30,-22.57,0.9,53.95,-29.36153786960995,0.0,0.0,0.0
1990-01-16 22:30:00+05:30,-23.61,0.97,53.7,-30.387694323027596,0.0,0.0,0.0
1990-01-16 23:30:00+05:30,-24.5,0.97,53.4,-31.282390684081186,0.0,0.0,0.0
1990-01-17 00:30:00+05:30,-24.7,0.97,53.25,-31.499590030034586,0.0,0.0,0.0
1990-01-17 01:30:00+05:30,-25.45,0.97,53.1,-32.232985806406965,0.0,0.0,0.0
1990-01-17 02:30:00+05:30,-26.22,1.03,55.55,-32.489709243396405,0.0,0.0,0.0
1990-01-17 03:30:00+05:30,-26.94,1.03,55.4,-33.19657072579378,0.0,0.0,0.0
1990-01-17 04:30:00+05:30,-27.52,1.03,55.25,-33.77126913721261,0.0,0.0,0.0
1990-01-17 05:30:00+05:30,-27.98,1.03,55.1,-34.23270269760473,0.0,0.0,0.0
1990-01-17 06:30:00+05:30,-26.99,1.1,52.7,-33.75622213263409,0.0,0.0,0.0
1990-01-17 07:30:00+05:30,-27.24,1.1,52.55,-34.01991908063382,25.55,0.0,25.55
1990-01-17 08:30:00+05:30,-27.08,1.03,50.1,-34.356684717566566,303.4,1270.23,62.71
1990-01-17 09:30:00+05:30,-26.03,1.03,45.6,-34.33845323404336,493.45,1208.19,71.2
1990-01-17 10:30:00+05:30,-24.18,0.97,48.4,-32.009738512744825,630.45,1163.89,80.95
1990-01-17 11:30:00+05:30,-21.54,0.83,65.6,-26.268904181595456,700.9,1120.53,85.7
1990-01-17 12:30:00+05:30,-18.07,0.76,57.7,-24.389118869720363,698.8,1066.51,85.6
1990-01-17 13:30:00+05:30,-16.13,0.69,60.8,-21.96106504306121,624.7,992.7,80.55
1990-01-17 14:30:00+05:30,-14.94,0.62,55.9,-21.79657299861435,485.05,880.78,70.7
1990-01-17 15:30:00+05:30,-14.53,0.69,51.15,-22.42517526277075,293.8,688.26,54.9
1990-01-17 16:30:00+05:30,-14.88,0.69,53.4,-22.262340463227776,83.95,321.88,23.9
1990-01-17 17:30:00+05:30,-16.02,0.76,50.75,-23.902448718406873,0.0,0.0,0.0
1990-01-17 18:30:00+05:30,-17.69,0.83,55.1,-24.54560183904141,0.0,0.0,0.0
1990-01-17 19:30:00+05:30,-19.27,0.9,54.8,-26.09132606579897,0.0,0.0,0.0
1990-01-17 20:30:00+05:30,-20.69,0.97,54.4,-27.505894910688898,0.0,0.0,0.0
1990-01-17 21:30:00+05:30,-21.86,0.97,54.1,-28.664853131718388,0.0,0.0,0.0
1990-01-17 22:30:00+05:30,-22.78,1.03,56.5,-29.06597532479909,0.0,0.0,0.0
1990-01-17 23:30:00+05:30,-23.54,1.03,53.7,-30.321950941449305,0.0,0.0,0.0
1990-01-18 00:30:00+05:30,-23.8,1.03,53.55,-30.595644000130473,0.0,0.0,0.0
1990-01-18 01:30:00+05:30,-24.27,1.03,56.1,-30.547415530900732,0.0,0.0,0.0
1990-01-18 02:30:00+05:30,-24.62,1.03,53.4,-31.395062422428246,0.0,0.0,0.0
1990-01-18 03:30:00+05:30,-24.75,1.03,53.25,-31.546525740543057,0.0,0.0,0.0
1990-01-18 04:30:00+05:30,-25.09,1.03,50.7,-32.37570329368595,0.0,0.0,0.0
1990-01-18 05:30:00+05:30,-25.35,1.03,50.55,-32.649271027866625,0.0,0.0,0.0
1990-01-18 06:30:00+05:30,-24.17,1.03,50.85,-31.48539932624694,0.0,0.0,0.0
1990-01-18 07:30:00+05:30,-24.01,0.97,48.55,-31.819438101570558,36.5,0.0,36.5
1990-01-18 08:30:00+05:30,-23.62,0.97,46.35,-31.940642711992638,261.15,840.08,100.8
1990-01-18 09:30:00+05:30,-22.92,0.9,46.5,-31.258936301975126,391.2,750.56,127.55
1990-01-18 10:30:00+05:30,-21.21,0.83,51.7,-28.54310476288193,580.5,958.48,125.9
1990-01-18 11:30:00+05:30,-18.2,0.76,66.3,-22.9509316388161,666.55,890.46,175.4
1990-01-18 12:30:00+05:30,-15.98,0.69,58.25,-22.307426933447275,663.35,802.07,199.9
1990-01-18 13:30:00+05:30,-14.1,0.62,58.6,-20.461811267583915,578.8,703.11,191.2
1990-01-18 14:30:00+05:30,-12.89,0.62,56.45,-19.75446890233913,446.3,630.13,147.8
1990-01-18 15:30:00+05:30,-12.37,0.62,54.1,-19.761351525178856,257.9,433.45,106.0
1990-01-18 16:30:00+05:30,-12.49,0.69,54.1,-19.87378887673277,69.85,178.28,36.0
1990-01-18 17:30:00+05:30,-13.37,0.62,58.9,-19.712385938416794,0.0,0.0,0.0
1990-01-18 18:30:00+05:30,-14.08,0.62,58.6,-20.442907017009187,0.0,0.0,0.0
1990-01-18 19:30:00+05:30,-15.13,0.62,61.1,-20.955192654402506,0.0,0.0,0.0
1990-01-18 20:30:00+05:30,-16.14,0.62,63.65,-21.446318932174485,0.0,0.0,0.0
1990-01-18 21:30:00+05:30,-17.1,0.69,66.4,-21.87980004986903,0.0,0.0,0.0
1990-01-18 22:30:00+05:30,-18.34,0.69,66.3,-23.08508149316024,0.0,0.0,0.0
1990-01-18 23:30:00+05:30,-19.3,0.76,69.2,-23.5241948172453,0.0,0.0,0.0
1990-01-19 00:30:00+05:30,-19.02,0.69,66.2,-23.75367415290973,0.0,0.0,0.0
1990-01-19 01:30:00+05:30,-19.54,0.69,66.05,-24.277326378873525,0.0,0.0,0.0
1990-01-19 02:30:00+05:30,-20.18,0.69,68.95,-24.41177500715896,0.0,0.0,0.0
1990-01-19 03:30:00+05:30,-20.61,0.76,65.7,-25.361396091161918,0.0,0.0,0.0
1990-01-19 04:30:00+05:30,-20.88,0.76,65.7,-25.61999494575813,0.0,0.0,0.0
1990-01-19 05:30:00+05:30,-20.8,0.76,62.7,-26.058639987779568,0.0,0.0,0.0
1990-01-19 06:30:00+05:30,-20.48,0.76,59.95,-26.247168339504995,0.0,0.0,0.0
1990-01-19 07:30:00+05:30,-20.4,0.69,59.95,-26.17125993590902,48.5,0.0,48.5
1990-01-19 08:30:00+05:30,-20.09,0.69,60.1,-25.84959361419312,217.0,341.27,151.35
1990-01-19 09:30:00+05:30,-18.77,0.62,66.2,-23.514129773843486,391.15,419.51,243.0
1990-01-19 10:30:00+05:30,-17.09,0.62,76.1,-20.30105807365096,522.25,521.65,273.65
1990-01-19 11:30:00+05:30,-15.02,0.62,66.95,-19.79123045389945,617.15,595.01,287.4
1990-01-19 12:30:00+05:30,-13.93,0.83,64.25,-19.229185727257885,610.1,530.85,301.8
1990-01-19 13:30:00+05:30,-13.1,0.97,67.3,-17.88930701739994,497.35,523.67,207.0
1990-01-19 14:30:00+05:30,-12.7,1.03,64.5,-18.009622078111672,395.8,510.64,152.2
1990-01-19 15:30:00+05:30,-12.63,0.97,64.5,-17.942811429286202,240.4,434.37,86.7
1990-01-19 16:30:00+05:30,-12.94,0.76,61.7,-18.761414608914762,78.35,260.33,28.05
1990-01-19 17:30:00+05:30,-13.76,0.62,64.25,-19.06695889210666,0.0,0.0,0.0
1990-01-19 18:30:00+05:30,-15.01,0.69,66.95,-19.78164443286838,0.0,0.0,0.0
1990-01-19 19:30:00+05:30,-16.38,0.69,69.7,-20.630903387974158,0.0,0.0,0.0
1990-01-19 20:30:00+05:30,-17.81,0.76,76.0,-21.015921099680174,0.0,0.0,0.0
1990-01-19 21:30:00+05:30,-19.17,0.83,75.8,-22.367587275143105,0.0,0.0,0.0
1990-01-19 22:30:00+05:30,-20.39,0.83,79.2,-23.0581731026135,0.0,0.0,0.0
1990-01-19 23:30:00+05:30,-21.46,0.9,79.05,-24.123976716128418,0.0,0.0,0.0
1990-01-20 00:30:00+05:30,-23.13,0.9,82.55,-25.27533404078714,0.0,0.0,0.0
1990-01-20 01:30:00+05:30,-24.73,0.97,78.5,-27.39229303214575,0.0,0.0,0.0
1990-01-20 02:30:00+05:30,-26.03,1.03,78.35,-28.681416116073144,0.0,0.0,0.0
1990-01-20 03:30:00+05:30,-26.82,1.03,78.2,-29.472692032155493,0.0,0.0,0.0
1990-01-20 04:30:00+05:30,-27.26,1.03,78.1,-29.915555547053742,0.0,0.0,0.0
1990-01-20 05:30:00+05:30,-27.53,0.97,74.4,-30.69145597391695,0.0,0.0,0.0
1990-01-20 06:30:00+05:30,-29.67,0.97,70.5,-33.32413912763685,0.0,0.0,0.0
1990-01-20 07:30:00+05:30,-30.37,0.97,73.9,-33.518484433670444,28.05,0.0,28.05
1990-01-20 08:30:00+05:30,-30.56,0.97,70.3,-34.21293537569439,311.85,1269.66,65.58
1990-01-20 09:30:00+05:30,-29.77,0.9,63.7,-34.456780956254256,505.8,1215.48,74.15
1990-01-20 10:30:00+05:30,-27.59,0.83,61.05,-32.81161244118465,646.5,1177.12,82.75
1990-01-20 11:30:00+05:30,-24.53,0.76,61.85,-29.76082899115309,718.75,1131.95,88.35
1990-01-20 12:30:00+05:30,-22.19,0.83,56.65,-28.480691068874673,718.3,1079.93,87.85
1990-01-20 13:30:00+05:30,-20.45,0.83,52.0,-27.769964604837018,644.75,1008.23,82.45
1990-01-20 14:30:00+05:30,-19.35,0.9,49.85,-27.20178559979821,504.3,898.84,72.45
1990-01-20 15:30:00+05:30,-18.99,0.83,47.7,-27.346850609880185,310.8,711.05,56.75
1990-01-20 16:30:00+05:30,-19.19,0.83,47.55,-27.566387737957676,95.25,348.15,26.8
1990-01-20 17:30:00+05:30,-19.94,0.76,43.05,-29.32749635642947,0.05,0.0,0.05
1990-01-20 18:30:00+05:30,-21.11,0.76,46.95,-29.48138766292734,0.0,0.0,0.0
1990-01-20 19:30:00+05:30,-22.38,0.76,46.65,-30.72519748872598,0.0,0.0,0.0
1990-01-20 20:30:00+05:30,-23.71,0.83,48.55,-31.54045559753882,0.0,0.0,0.0
1990-01-20 21:30:00+05:30,-24.94,0.9,48.25,-32.74851246268936,0.0,0.0,0.0
1990-01-20 22:30:00+05:30,-26.08,0.9,50.4,-33.36175853886502,0.0,0.0,0.0
1990-01-20 23:30:00+05:30,-27.08,0.97,50.1,-34.356684717566566,0.0,0.0,0.0
1990-01-21 00:30:00+05:30,-27.75,0.97,49.8,-35.043096587879866,0.0,0.0,0.0
1990-01-21 01:30:00+05:30,-28.51,0.97,47.15,-36.30002867446522,0.0,0.0,0.0
1990-01-21 02:30:00+05:30,-29.22,0.97,44.65,-37.498614997436384,0.0,0.0,0.0
1990-01-21 03:30:00+05:30,-29.92,1.03,42.2,-38.69756621016651,0.0,0.0,0.0
1990-01-21 04:30:00+05:30,-30.55,1.03,42.05,-39.31136338761104,0.0,0.0,0.0
1990-01-21 05:30:00+05:30,-31.06,1.1,39.75,-40.321711209709434,0.0,0.0,0.0
1990-01-21 06:30:00+05:30,-31.92,1.1,39.4,-41.192586149899896,0.0,0.0,0.0
1990-01-21 07:30:00+05:30,-32.26,1.1,39.25,-41.53959711872519,27.35,0.0,27.35
1990-01-21 08:30:00+05:30,-32.1,1.1,37.35,-41.863626293489666,315.35,1269.45,66.98
1990-01-21 09:30:00+05:30,-30.93,1.03,35.7,-41.230481793288966,509.45,1221.85,73.0
1990-01-21 10:30:00+05:30,-28.74,0.97,49.65,-35.997540731613114,649.9,1178.07,82.8
1990-01-21 11:30:00+05:30,-24.63,0.83,56.1,-30.887075523955872,723.6,1136.01,87.75
1990-01-21 12:30:00+05:30,-21.73,0.76,54.1,-28.5427286774808,723.25,1082.74,87.8
1990-01-21 13:30:00+05:30,-19.6,0.76,52.15,-26.94361214553536,649.75,1010.45,82.85
1990-01-21 14:30:00+05:30,-18.41,0.83,50.15,-26.260874847173962,509.4,901.81,73.0
1990-01-21 15:30:00+05:30,-18.03,0.76,50.15,-25.906984642750025,315.7,716.07,57.35
1990-01-21 16:30:00+05:30,-18.35,0.76,45.65,-27.23274289222239,98.9,355.42,27.8
1990-01-21 17:30:00+05:30,-19.49,0.76,43.2,-28.877328877501746,0.15,0.0,0.15
1990-01-21 18:30:00+05:30,-21.02,0.83,44.9,-29.873035822647157,0.0,0.0,0.0
1990-01-21 19:30:00+05:30,-22.68,0.9,48.85,-30.51784435126786,0.0,0.0,0.0
1990-01-21 20:30:00+05:30,-24.2,0.97,48.4,-32.028333670807,0.0,0.0,0.0
1990-01-21 21:30:00+05:30,-25.51,1.03,50.55,-32.79872862173274,0.0,0.0,0.0
1990-01-21 22:30:00+05:30,-26.66,1.03,47.8,-34.44334610276513,0.0,0.0,0.0
1990-01-21 23:30:00+05:30,-27.59,1.1,47.45,-35.381863298312666,0.0,0.0,0.0
1990-01-22 00:30:00+05:30,-28.48,1.1,49.65,-35.75485660441292,0.0,0.0,0.0
1990-01-22 01:30:00+05:30,-29.23,1.1,47.0,-37.00039563867444,0.0,0.0,0.0
1990-01-22 02:30:00+05:30,-29.98,1.1,44.5,-38.234002485554726,0.0,0.0,0.0
1990-01-22 03:30:00+05:30,-30.61,1.1,44.3,-38.86010092833758,0.0,0.0,0.0
1990-01-22 04:30:00+05:30,-31.13,1.1,41.9,-39.879062043345506,0.0,0.0,0.0
1990-01-22 05:30:00+05:30,-31.55,1.1,41.75,-40.299586275485005,0.0,0.0,0.0
1990-01-22 06:30:00+05:30,-31.65,1.1,39.55,-40.90952414140281,0.0,0.0,0.0
1990-01-22 07:30:00+05:30,-31.9,1.1,39.4,-41.1743038457953,27.75,0.0,27.75
1990-01-22 08:30:00+05:30,-31.6,1.1,35.55,-41.87691932694856,316.8,1269.23,66.2
1990-01-22 09:30:00+05:30,-30.28,1.03,35.9,-40.58866435383535,511.35,1219.75,73.0
1990-01-22 10:30:00+05:30,-27.68,0.97,52.4,-34.46179878695287,652.35,1176.51,83.0
1990-01-22 11:30:00+05:30,-23.48,0.83,56.35,-29.75492012828943,726.4,1134.78,87.95
1990-01-22 12:30:00+05:30,-20.57,0.83,54.55,-27.36322012334265,726.8,1082.66,87.95
1990-01-22 13:30:00+05:30,-18.34,0.83,52.6,-25.670466906059993,653.9,1011.19,83.15
1990-01-22 14:30:00+05:30,-17.09,0.83,55.2,-23.96125755325897,513.9,903.91,73.3
1990-01-22 15:30:00+05:30,-16.75,0.76,52.85,-24.12975528106777,320.2,720.21,57.8
1990-01-22 16:30:00+05:30,-17.2,0.76,50.3,-25.101025801424214,102.55,362.37,28.8
1990-01-22 17:30:00+05:30,-18.59,0.76,50.0,-26.461350965986377,0.2,0.0,0.2
1990-01-22 18:30:00+05:30,-20.23,0.83,49.6,-28.075514373255402,0.0,0.0,0.0
1990-01-22 19:30:00+05:30,-21.97,0.9,51.55,-29.284804995968297,0.0,0.0,0.0
1990-01-22 20:30:00+05:30,-23.56,0.97,51.15,-30.853680096960602,0.0,0.0,0.0
1990-01-22 21:30:00+05:30,-24.91,1.03,50.7,-32.207536720192245,0.0,0.0,0.0
1990-01-22 22:30:00+05:30,-26.1,1.1,53.0,-32.862618434320424,0.0,0.0,0.0
1990-01-22 23:30:00+05:30,-27.04,1.1,50.1,-34.31933414051235,0.0,0.0,0.0
1990-01-23 00:30:00+05:30,-27.64,1.1,45.1,-35.93853469451958,0.0,0.0,0.0
1990-01-23 01:30:00+05:30,-28.38,1.1,47.15,-36.179297662396564,0.0,0.0,0.0
1990-01-23 02:30:00+05:30,-29.17,1.1,42.55,-37.927000847787816,0.0,0.0,0.0
1990-01-23 03:30:00+05:30,-29.87,1.1,44.5,-38.13235921295633,0.0,0.0,0.0
1990-01-23 04:30:00+05:30,-30.47,1.1,42.05,-39.237823244130226,0.0,0.0,0.0
1990-01-23 05:30:00+05:30,-30.97,1.1,41.9,-39.732000849882674,0.0,0.0,0.0
1990-01-23 06:30:00+05:30,-31.36,1.1,41.75,-40.12498290282568,0.0,0.0,0.0
1990-01-23 07:30:00+05:30,-31.66,1.1,39.55,-40.918667603545146,28.3,0.0,28.3
1990-01-23 08:30:00+05:30,-31.44,1.1,37.5,-41.2252445388178,318.95,1268.99,66.0
1990-01-23 09:30:00+05:30,-30.15,1.1,36.05,-40.43097600495023,513.85,1218.18,73.3
1990-01-23 10:30:00+05:30,-27.84,0.97,57.95,-33.585125318480024,654.95,1175.16,83.15
1990-01-23 11:30:00+05:30,-22.89,0.9,56.5,-29.16979005417338,728.85,1132.79,88.15
1990-01-23 12:30:00+05:30,-20.15,0.83,57.2,-26.44988259021451,729.45,1080.84,88.15
1990-01-23 13:30:00+05:30,-17.94,0.83,55.1,-24.78063536520267,656.65,1009.43,83.4
1990-01-23 14:30:00+05:30,-16.69,0.9,52.85,-24.073604048497806,516.85,902.62,73.65
1990-01-23 15:30:00+05:30,-16.39,0.76,53.0,-23.761031325208886,323.4,720.92,58.15
1990-01-23 16:30:00+05:30,-16.83,0.76,50.45,-24.723323340879666,105.65,367.34,29.6
1990-01-23 17:30:00+05:30,-18.18,0.69,50.15,-26.04667314919414,0.35,0.0,0.35
1990-01-23 18:30:00+05:30,-19.77,0.76,49.7,-27.625527217351394,0.0,0.0,0.0
1990-01-23 19:30:00+05:30,-21.53,0.0,49.3,-29.350592970052467,0.0,0.0,0.0
1990-01-23 20:30:00+05:30,-23.14,0.0,53.7,-29.946299309849152,0.0,0.0,0.0
1990-01-23 21:30:00+05:30,-24.55,1.03,50.85,-31.840451542533454,0.0,0.0,0.0
1990-01-23 22:30:00+05:30,-25.78,1.03,53.0,-32.562264718724485,0.0,0.0,0.0
1990-01-23 23:30:00+05:30,-26.83,1.1,50.1,-34.12325125364449,0.0,0.0,0.0
1990-01-24 00:30:00+05:30,-27.3,1.1,49.95,-34.59256283480037,0.0,0.0,0.0
1990-01-24 01:30:00+05:30,-28.14,1.1,47.3,-35.92459725629061,0.0,0.0,0.0
1990-01-24 02:30:00+05:30,-28.85,1.1,44.8,-37.12350671797565,0.0,0.0,0.0
1990-01-24 03:30:00+05:30,-29.51,1.1,44.65,-37.76661560475604,0.0,0.0,0.0
1990-01-24 04:30:00+05:30,-30.1,1.1,42.2,-38.86305565901897,0.0,0.0,0.0
1990-01-24 05:30:00+05:30,-30.61,1.1,42.05,-39.36651999244493,0.0,0.0,0.0
1990-01-24 06:30:00+05:30,-30.75,1.1,41.9,-39.529806667197484,0.0,0.0,0.0
1990-01-24 07:30:00+05:30,-31.14,1.1,39.75,-40.39487702237588,28.6,0.0,28.6
1990-01-24 08:30:00+05:30,-30.94,1.1,39.75,-40.211967011271916,320.2,1268.75,64.78
1990-01-24 09:30:00+05:30,-29.66,1.03,38.15,-39.44034939619412,515.05,1213.16,73.45
1990-01-24 10:30:00+05:30,-27.21,0.97,61.05,-32.44981726183916,656.25,1170.85,83.35
1990-01-24 11:30:00+05:30,-21.98,0.83,54.1,-28.777587314593745,730.15,1128.8,88.25
1990-01-24 12:30:00+05:30,-19.06,0.83,52.45,-26.375664686055238,730.9,1076.06,88.85
1990-01-24 13:30:00+05:30,-17.04,0.9,52.85,-24.4011665854818,658.35,1003.72,84.8
1990-01-24 14:30:00+05:30,-15.94,0.83,50.75,-23.82790671633043,519.15,898.92,74.5
1990-01-24 15:30:00+05:30,-15.59,0.69,53.15,-22.98032046931686,326.55,721.13,58.6
1990-01-24 16:30:00+05:30,-15.99,0.69,48.45,-24.393688619221095,108.85,372.07,30.5
1990-01-24 17:30:00+05:30,-17.22,0.69,50.3,-25.119651414009144,0.5,0.0,0.5
1990-01-24 18:30:00+05:30,-18.77,0.76,50.0,-26.628956370942664,0.0,0.0,0.0
1990-01-24 19:30:00+05:30,-20.53,0.83,49.6,-28.354779870654777,0.0,0.0,0.0
1990-01-24 20:30:00+05:30,-22.2,0.9,53.95,-29.0139922674585,0.0,0.0,0.0
1990-01-24 21:30:00+05:30,-23.76,1.03,53.55,-30.55808461445169,0.0,0.0,0.0
1990-01-24 22:30:00+05:30,-25.09,1.03,50.7,-32.37570329368595,0.0,0.0,0.0
1990-01-24 23:30:00+05:30,-26.21,1.1,52.85,-32.99508731869544,0.0,0.0,0.0
1990-01-25 00:30:00+05:30,-26.98,1.03,50.1,-34.263309148399095,0.0,0.0,0.0
1990-01-25 01:30:00+05:30,-27.87,1.1,49.8,-35.1551091616655,0.0,0.0,0.0
1990-01-25 02:30:00+05:30,-28.6,1.1,49.65,-35.86686218690397,0.0,0.0,0.0
1990-01-25 03:30:00+05:30,-29.17,1.1,44.8,-37.41928885226758,0.0,0.0,0.0
1990-01-25 04:30:00+05:30,-29.72,1.17,46.85,-37.487036103121376,0.0,0.0,0.0
1990-01-25 05:30:00+05:30,-30.11,1.17,42.2,-38.872249854627945,0.0,0.0,0.0
1990-01-25 06:30:00+05:30,-30.28,1.17,42.05,-39.06317454653478,0.0,0.0,0.0
1990-01-25 07:30:00+05:30,-30.44,1.1,39.9,-39.718388133267524,29.5,0.0,29.5
1990-01-25 08:30:00+05:30,-30.05,1.1,38.0,-39.83347193155854,318.95,1268.49,60.94
1990-01-25 09:30:00+05:30,-28.58,1.03,40.4,-37.89541917314712,505.95,1128.89,92.25
1990-01-25 10:30:00+05:30,-26.27,0.97,64.4,-30.99533387443436,637.55,1023.02,134.1
1990-01-25 11:30:00+05:30,-20.67,0.83,57.05,-26.969587831032655,702.5,945.79,161.7
1990-01-25 12:30:00+05:30,-17.85,0.83,55.1,-24.696021469435333,685.3,799.07,205.8
1990-01-25 13:30:00+05:30,-15.79,0.83,53.15,-23.167544556314777,599.95,642.16,230.7
1990-01-25 14:30:00+05:30,-14.53,0.9,46.7,-23.455217054383766,461.3,559.27,182.6
1990-01-25 15:30:00+05:30,-14.07,0.83,46.7,-23.030470244173156,276.95,394.94,128.75
1990-01-25 16:30:00+05:30,-14.19,0.76,46.7,-23.14126732542823,102.1,296.05,38.7
1990-01-25 17:30:00+05:30,-15.25,0.69,61.1,-21.06914047368478,0.65,0.0,0.65
1990-01-25 18:30:00+05:30,-16.35,0.69,48.3,-24.762079803636507,0.0,0.0,0.0
1990-01-25 19:30:00+05:30,-17.89,0.76,50.15,-25.776614581456457,0.0,0.0,0.0
1990-01-25 20:30:00+05:30,-19.44,0.9,49.85,-27.28558163583113,0.0,0.0,0.0
1990-01-25 21:30:00+05:30,-20.93,0.97,51.85,-28.25009533998092,0.0,0.0,0.0
1990-01-25 22:30:00+05:30,-22.26,1.03,51.45,-29.576621730639726,0.0,0.0,0.0
1990-01-25 23:30:00+05:30,-23.39,1.1,53.7,-30.181076626050118,0.0,0.0,0.0
1990-01-26 00:30:00+05:30,-24.02,1.03,53.55,-30.802228209623042,0.0,0.0,0.0
1990-01-26 01:30:00+05:30,-24.34,1.1,50.85,-31.644233385421792,0.0,0.0,0.0
1990-01-26 02:30:00+05:30,-24.18,1.03,50.85,-31.49474227807833,0.0,0.0,0.0
1990-01-26 03:30:00+05:30,-23.81,1.03,48.55,-31.633446740259693,0.0,0.0,0.0
1990-01-26 04:30:00+05:30,-23.41,1.03,46.35,-31.746269047213822,0.0,0.0,0.0
1990-01-26 05:30:00+05:30,-23.04,0.97,46.5,-31.370021930465548,0.0,0.0,0.0
1990-01-26 06:30:00+05:30,-21.9,0.97,46.8,-30.24688752784844,0.0,0.0,0.0
1990-01-26 07:30:00+05:30,-21.64,0.9,49.15,-29.485437753226474,48.95,0.0,48.95
1990-01-26 08:30:00+05:30,-21.3,0.9,51.7,-28.627255998518237,174.7,41.59,166.15
1990-01-26 09:30:00+05:30,-20.42,0.83,68.95,-24.642754995200512,289.25,32.65,277.2
1990-01-26 10:30:00+05:30,-17.24,0.83,66.4,-22.013943066326508,413.3,118.48,354.65
1990-01-26 11:30:00+05:30,-14.83,0.76,66.95,-19.609099060639654,517.85,172.26,418.8
1990-01-26 12:30:00+05:30,-13.33,0.76,67.3,-18.109833538209852,466.25,161.55,368.75
1990-01-26 13:30:00+05:30,-12.29,0.76,64.6,-17.59992457629069,427.7,221.03,299.8
1990-01-26 14:30:00+05:30,-11.58,0.76,64.7,-16.90378556792583,321.75,155.26,243.8
1990-01-26 15:30:00+05:30,-11.15,0.76,64.8,-16.474831817002453,187.2,122.57,140.75
1990-01-26 16:30:00+05:30,-11.14,0.69,67.7,-15.939036295038129,60.3,67.5,45.6
1990-01-26 17:30:00+05:30,-11.5,0.62,67.7,-16.28430660149638,0.75,0.0,0.75
1990-01-26 18:30:00+05:30,-12.13,0.62,73.65,-15.877647462858171,0.0,0.0,0.0
1990-01-26 19:30:00+05:30,-12.35,0.62,70.5,-16.615290257874616,0.0,0.0,0.0
1990-01-26 20:30:00+05:30,-12.87,0.62,70.4,-17.133190124676823,0.0,0.0,0.0
1990-01-26 21:30:00+05:30,-13.34,0.69,73.45,-17.081240366025927,0.0,0.0,0.0
1990-01-26 22:30:00+05:30,-13.74,0.69,73.35,-17.484524759660538,0.0,0.0,0.0
1990-01-26 23:30:00+05:30,-14.17,0.76,73.3,-17.908686946684288,0.0,0.0,0.0
1990-01-27 00:30:00+05:30,-14.08,0.62,76.6,-17.298593934891343,0.0,0.0,0.0
1990-01-27 01:30:00+05:30,-14.29,0.62,73.3,-18.024800809387916,0.0,0.0,0.0
1990-01-27 02:30:00+05:30,-14.45,0.62,70.1,-18.705632883690555,0.0,0.0,0.0
1990-01-27 03:30:00+05:30,-14.56,0.55,73.2,-18.302172892336216,0.0,0.0,0.0
1990-01-27 04:30:00+05:30,-14.62,0.55,73.2,-18.36022448700527,0.0,0.0,0.0
1990-01-27 05:30:00+05:30,-14.68,0.48,70.0,-18.943904438710195,0.0,0.0,0.0
1990-01-27 06:30:00+05:30,-13.85,0.55,70.2,-18.110939094596393,0.0,0.0,0.0
1990-01-27 07:30:00+05:30,-13.92,0.48,70.2,-18.178361781607606,48.25,0.0,48.25
1990-01-27 08:30:00+05:30,-14.14,0.48,70.1,-18.40707147727619,165.15,226.84,118.0
1990-01-27 09:30:00+05:30,-13.97,0.48,70.2,-18.22652131222046,380.75,322.74,260.8
1990-01-27 10:30:00+05:30,-12.69,0.48,76.85,-15.908239542885884,426.9,325.09,265.0
1990-01-27 11:30:00+05:30,-11.07,0.34,73.8,-14.827089580726193,619.4,505.78,326.9
1990-01-27 12:30:00+05:30,-9.71,0.21,68.0,-14.51383623693311,535.4,407.52,288.0
1990-01-27 13:30:00+05:30,-8.77,0.0,65.4,-14.090576063784784,527.35,460.71,259.05
1990-01-27 14:30:00+05:30,-8.04,0.0,62.75,-13.901851680658408,445.45,506.78,189.1
1990-01-27 15:30:00+05:30,-7.49,0.55,60.25,-13.878807404129839,281.55,409.96,124.65
1990-01-27 16:30:00+05:30,-7.53,0.55,71.4,-11.815288479622215,103.15,269.42,43.5
1990-01-27 17:30:00+05:30,-7.81,0.55,57.7,-14.7095961439432,1.1,0.0,1.1
1990-01-27 18:30:00+05:30,-8.73,0.41,62.65,-14.577365762442874,0.0,0.0,0.0
1990-01-27 19:30:00+05:30,-9.84,0.41,65.15,-15.159118338146715,0.0,0.0,0.0
1990-01-27 20:30:00+05:30,-10.99,0.41,67.8,-15.777373162663554,0.0,0.0,0.0
1990-01-27 21:30:00+05:30,-12.13,0.41,73.65,-15.877647462858171,0.0,0.0,0.0
1990-01-27 22:30:00+05:30,-13.35,0.48,76.75,-16.56556077240012,0.0,0.0,0.0
1990-01-27 23:30:00+05:30,-14.56,0.48,83.55,-16.730888394232434,0.0,0.0,0.0
1990-01-28 00:30:00+05:30,-15.55,0.62,79.8,-18.24561189385973,0.0,0.0,0.0
1990-01-28 01:30:00+05:30,-16.09,0.55,79.7,-18.78764144389648,0.0,0.0,0.0
1990-01-28 02:30:00+05:30,-16.38,0.55,76.25,-19.58815250426337,0.0,0.0,0.0
1990-01-28 03:30:00+05:30,-16.88,0.48,76.2,-20.0817363529787,0.0,0.0,0.0
1990-01-28 04:30:00+05:30,-17.25,0.48,72.7,-20.98428869691153,0.0,0.0,0.0
1990-01-28 05:30:00+05:30,-17.7,0.48,76.0,-20.909029936810313,0.0,0.0,0.0
1990-01-28 06:30:00+05:30,-18.6,0.48,72.5,-22.32150390160517,0.0,0.0,0.0
1990-01-28 07:30:00+05:30,-18.7,0.41,69.3,-22.930315749187763,41.5,0.0,41.5
1990-01-28 08:30:00+05:30,-18.57,0.41,66.3,-23.305478197831214,294.4,905.48,104.05
1990-01-28 09:30:00+05:30,-17.89,0.41,66.3,-22.65389808573475,469.25,846.32,152.4
1990-01-28 10:30:00+05:30,-16.47,0.41,63.65,-21.761080561042167,622.35,947.44,147.6
1990-01-28 11:30:00+05:30,-14.56,0.0,73.2,-18.302172892336216,718.3,997.19,138.25
1990-01-28 12:30:00+05:30,-13.05,0.0,64.35,-18.371146693628592,727.5,1021.39,103.75
1990-01-28 13:30:00+05:30,-11.84,0.21,59.25,-18.196010980184717,658.8,945.88,104.4
1990-01-28 14:30:00+05:30,-10.94,0.28,56.95,-17.81503125950857,522.8,849.0,90.1
1990-01-28 15:30:00+05:30,-10.51,0.34,56.95,-17.410141712275674,318.4,596.62,87.8
1990-01-28 16:30:00+05:30,-10.57,0.34,64.95,-15.893320975708674,102.85,233.93,50.2
1990-01-28 17:30:00+05:30,-10.89,0.41,54.5,-18.28803933462645,1.35,0.0,1.35
1990-01-28 18:30:00+05:30,-11.73,0.48,59.25,-18.09197527734223,0.0,0.0,0.0
1990-01-28 19:30:00+05:30,-12.63,0.55,61.7,-18.46690659541933,0.0,0.0,0.0
1990-01-28 20:30:00+05:30,-13.71,0.62,64.25,-19.01924617601018,0.0,0.0,0.0
1990-01-28 21:30:00+05:30,-15.27,0.76,69.9,-19.528797365155327,0.0,0.0,0.0
1990-01-28 22:30:00+05:30,-16.09,0.83,72.9,-19.830452921929247,0.0,0.0,0.0
1990-01-28 23:30:00+05:30,-16.29,0.83,69.7,-20.544247024838043,0.0,0.0,0.0
1990-01-29 00:30:00+05:30,-14.96,0.62,66.95,-19.733714591429365,0.0,0.0,0.0
1990-01-29 01:30:00+05:30,-15.03,0.55,66.95,-19.800816492511732,0.0,0.0,0.0
1990-01-29 02:30:00+05:30,-14.84,0.55,66.95,-19.61868476521734,0.0,0.0,0.0
1990-01-29 03:30:00+05:30,-15.11,0.55,69.9,-19.374724683911474,0.0,0.0,0.0
1990-01-29 04:30:00+05:30,-15.28,0.62,66.85,-20.057836500947456,0.0,0.0,0.0
1990-01-29 05:30:00+05:30,-15.09,0.62,69.9,-19.355465883130492,0.0,0.0,0.0
1990-01-29 06:30:00+05:30,-14.53,0.62,64.15,-19.81992774732061,0.0,0.0,0.0
1990-01-29 07:30:00+05:30,-14.2,0.55,67.05,-18.98773368195464,54.6,0.0,54.6
1990-01-29 08:30:00+05:30,-13.85,0.55,64.25,-19.152842994047337,240.3,414.94,152.05
1990-01-29 09:30:00+05:30,-12.94,0.55,64.5,-18.23869426136739,410.9,463.54,236.05
1990-01-29 10:30:00+05:30,-11.24,0.34,67.7,-16.034942489743965,461.7,201.89,359.9
1990-01-29 11:30:00+05:30,-9.6,0.0,71.0,-13.879926560763188,574.45,344.8,372.7
1990-01-29 12:30:00+05:30,-8.44,0.14,65.5,-13.756638499410046,617.35,455.27,337.65
1990-01-29 13:30:00+05:30,-7.34,0.34,68.45,-12.15875714445786,512.4,330.04,317.7
1990-01-29 14:30:00+05:30,-6.63,0.55,68.55,-11.459236310056582,434.35,454.41,201.0
1990-01-29 15:30:00+05:30,-6.19,0.83,65.8,-11.550707836581536,240.85,202.39,161.85
1990-01-29 16:30:00+05:30,-6.25,0.55,68.65,-11.076288138636567,87.3,86.99,67.4
1990-01-29 17:30:00+05:30,-6.55,0.41,68.55,-11.382470755469578,1.55,0.0,1.55
1990-01-29 18:30:00+05:30,-7.1,0.28,71.4,-11.400803028176304,0.0,0.0,0.0
1990-01-29 19:30:00+05:30,-7.67,0.28,71.4,-11.950243170275664,0.0,0.0,0.0
1990-01-29 20:30:00+05:30,-8.01,0.55,74.35,-11.773277969393229,0.0,0.0,0.0
1990-01-29 21:30:00+05:30,-8.25,0.55,74.35,-12.005660156884758,0.0,0.0,0.0
1990-01-29 22:30:00+05:30,-8.55,0.34,74.25,-12.312886993406318,0.0,0.0,0.0
1990-01-29 23:30:00+05:30,-9.1,0.21,74.15,-12.862084065750425,0.0,0.0,0.0
1990-01-30 00:30:00+05:30,-9.88,0.07,74.1,-13.625541209588917,0.0,0.0,0.0
1990-01-30 01:30:00+05:30,-10.51,0.07,77.15,-13.741143871633456,0.0,0.0,0.0
1990-01-30 02:30:00+05:30,-11.16,0.0,77.05,-14.389077356406915,0.0,0.0,0.0
1990-01-30 03:30:00+05:30,-11.93,0.07,80.35,-14.627848604791325,0.0,0.0,0.0
1990-01-30 04:30:00+05:30,-12.64,0.21,83.75,-14.818251091030973,0.0,0.0,0.0
1990-01-30 05:30:00+05:30,-13.31,0.34,80.15,-16.005935512048197,0.0,0.0,0.0
1990-01-30 06:30:00+05:30,-12.55,0.41,83.75,-14.729944546094375,0.0,0.0,0.0
1990-01-30 07:30:00+05:30,-13.28,0.48,83.7,-15.45345358386565,40.5,0.0,40.5
1990-01-30 08:30:00+05:30,-13.54,0.48,80.1,-16.2380722347816,287.3,767.77,122.05
1990-01-30 09:30:00+05:30,-13.2,0.48,73.45,-16.94576351042174,475.1,848.83,152.45
1990-01-30 10:30:00+05:30,-11.91,0.41,67.6,-16.695250547314036,628.4,843.1,200.55
1990-01-30 11:30:00+05:30,-10.06,0.28,70.9,-14.340457615997579,716.05,926.8,170.5
1990-01-30 12:30:00+05:30,-8.33,0.07,68.35,-13.126840233889135,706.8,862.99,173.4
1990-01-30 13:30:00+05:30,-7.28,0.14,68.45,-12.10118488408912,654.9,892.74,124.8
1990-01-30 14:30:00+05:30,-6.51,0.34,68.55,-11.344088375885642,458.3,508.68,195.1
1990-01-30 15:30:00+05:30,-6.2,0.55,65.8,-11.560260450866151,286.3,364.17,142.75
1990-01-30 16:30:00+05:30,-6.31,0.41,65.8,-11.6653404121541,101.85,189.92,57.7
1990-01-30 17:30:00+05:30,-6.85,0.28,65.7,-12.200153232737353,1.8,0.0,1.8
1990-01-30 18:30:00+05:30,-7.67,0.14,68.45,-12.475415281176382,0.0,0.0,0.0
1990-01-30 19:30:00+05:30,-8.57,0.14,71.2,-12.852603890711121,0.0,0.0,0.0
1990-01-30 20:30:00+05:30,-9.53,0.14,77.3,-12.764178530150634,0.0,0.0,0.0
1990-01-30 21:30:00+05:30,-10.52,0.21,77.15,-13.750867990569608,0.0,0.0,0.0
1990-01-30 22:30:00+05:30,-11.5,0.28,77.05,-14.719683821669376,0.0,0.0,0.0
1990-01-30 23:30:00+05:30,-12.45,0.41,80.3,-15.14334902117181,0.0,0.0,0.0
1990-01-31 00:30:00+05:30,-12.22,0.34,80.3,-14.91869133189736,0.0,0.0,0.0
1990-01-31 01:30:00+05:30,-13.09,0.34,83.7,-15.267031473873853,0.0,0.0,0.0
1990-01-31 02:30:00+05:30,-13.88,0.41,83.65,-16.049366677512317,0.0,0.0,0.0
1990-01-31 03:30:00+05:30,-14.48,0.48,80.0,-17.171040945051338,0.0,0.0,0.0
1990-01-31 04:30:00+05:30,-15.1,0.55,83.45,-17.274951564576913,0.0,0.0,0.0
1990-01-31 05:30:00+05:30,-15.98,0.62,79.8,-18.6654947533879,0.0,0.0,0.0
1990-01-31 06:30:00+05:30,-19.21,0.76,79.35,-21.884731294121806,0.0,0.0,0.0
1990-01-31 07:30:00+05:30,-20.06,0.83,79.3,-22.721730416939447,43.15,0.0,43.15
1990-01-31 08:30:00+05:30,-20.21,0.83,82.9,-22.364257383979812,317.95,1085.48,81.45
1990-01-31 09:30:00+05:30,-19.18,0.76,75.8,-22.377303757382467,457.4,928.73,101.6
1990-01-31 10:30:00+05:30,-17.7,0.76,69.4,-21.951277010561576,645.25,1047.9,110.0
1990-01-31 11:30:00+05:30,-15.79,0.55,66.75,-20.56400466836972,730.85,991.6,143.6
1990-01-31 12:30:00+05:30,-13.22,0.48,70.3,-17.487253295526887,714.25,887.25,162.5
1990-01-31 13:30:00+05:30,-11.89,0.48,64.7,-17.199702943465258,609.0,605.66,247.0
1990-01-31 14:30:00+05:30,-11.11,0.48,64.8,-16.436647277544196,484.2,568.7,187.7
1990-01-31 15:30:00+05:30,-10.85,0.62,62.15,-16.689307619640573,296.3,382.61,144.0
1990-01-31 16:30:00+05:30,-11.13,0.55,70.7,-15.405800740012268,121.6,303.56,49.9
1990-01-31 17:30:00+05:30,-11.97,0.62,61.95,-17.79203956590179,2.05,0.0,2.05
1990-01-31 18:30:00+05:30,-13.5,0.69,67.3,-18.272837303415848,0.0,0.0,0.0
1990-01-31 19:30:00+05:30,-15.05,0.69,76.4,-18.27243841524835,0.0,0.0,0.0
1990-01-31 20:30:00+05:30,-16.38,0.76,79.7,-19.070794945180097,0.0,0.0,0.0
1990-01-31 21:30:00+05:30,-22.27,1.0,83.84,-24.258809792510608,0.0,0.0,0.0
1990-01-31 22:30:00+05:30,-22.1,1.0,81.95,-24.34690553766676,0.0,0.0,0.0
1990-01-31 23:30:00+05:30,-21.94,0.99,80.07,-24.449505866961896,0.0,0.0,0.0
1990-02-01 00:30:00+05:30,-21.77,0.99,78.18,-24.550061262345213,0.0,0.0,0.0
1990-02-01 01:30:00+05:30,-21.6,0.99,76.29,-24.657291879105173,0.0,0.0,0.0
1990-02-01 02:30:00+05:30,-21.44,0.98,74.41,-24.779708969130773,0.0,0.0,0.0
1990-02-01 03:30:00+05:30,-21.27,0.98,72.52,-24.901167958763377,0.0,0.0,0.0
1990-02-01 04:30:00+05:30,-21.1,0.98,70.63,-25.030287909381205,0.0,0.0,0.0
1990-02-01 05:30:00+05:30,-20.94,0.97,68.74,-25.177071809952327,0.0,0.0,0.0
1990-02-01 06:30:00+05:30,-20.77,0.97,66.86,-25.321002528964947,0.0,0.0,0.0
1990-02-01 07:30:00+05:30,-20.61,0.97,64.97,-25.4850076091728,33.85,0.0,33.85
1990-02-01 08:30:00+05:30,-20.44,0.96,63.08,-25.648794313577483,336.6,1243.6,62.25
1990-02-01 09:30:00+05:30,-20.27,0.96,61.2,-25.82068069899628,534.3,1189.61,74.9
1990-02-01 10:30:00+05:30,-20.11,0.95,59.31,-26.0142641326734,677.0,1152.63,84.35
1990-02-01 11:30:00+05:30,-19.94,0.95,57.42,-26.209432637433867,752.15,1112.07,89.5
1990-02-01 12:30:00+05:30,-19.77,0.95,55.53,-26.416378746750965,755.2,1063.35,89.85
1990-02-01 13:30:00+05:30,-9.43,0.83,52.4,-17.38821990766297,685.25,997.84,84.9
1990-02-01 14:30:00+05:30,-8.29,0.83,46.35,-17.788318347999454,546.35,891.81,77.85
1990-02-01 15:30:00+05:30,-7.71,0.76,44.5,-17.73837948725546,355.55,730.29,62.0
1990-02-01 16:30:00+05:30,-7.86,0.69,46.35,-17.39242915126509,135.4,409.06,37.25
1990-02-01 17:30:00+05:30,-9.13,0.69,54.9,-16.551191145217636,2.2,0.0,2.2
1990-02-01 18:30:00+05:30,-10.52,0.69,47.7,-19.50774134904092,0.0,0.0,0.0
1990-02-01 19:30:00+05:30,-12.38,0.76,53.95,-19.803048981125354,0.0,0.0,0.0
1990-02-01 20:30:00+05:30,-14.13,0.83,56.05,-21.00374397827611,0.0,0.0,0.0
1990-02-01 21:30:00+05:30,-15.74,0.97,55.75,-22.57980838362863,0.0,0.0,0.0
1990-02-01 22:30:00+05:30,-17.16,0.97,58.0,-23.47121283754505,0.0,0.0,0.0
1990-02-01 23:30:00+05:30,-18.37,1.03,55.1,-25.184930117838597,0.0,0.0,0.0
1990-02-02 00:30:00+05:30,-19.03,1.03,57.45,-25.344156642301616,0.0,0.0,0.0
1990-02-02 01:30:00+05:30,-19.88,1.1,54.7,-26.684738304237968,0.0,0.0,0.0
1990-02-02 02:30:00+05:30,-20.63,1.1,57.05,-26.931821473900712,0.0,0.0,0.0
1990-02-02 03:30:00+05:30,-21.29,1.1,54.25,-28.099538172778036,0.0,0.0,0.0
1990-02-02 04:30:00+05:30,-21.83,1.1,56.8,-28.11238347364102,0.0,0.0,0.0
1990-02-02 05:30:00+05:30,-22.3,1.1,56.65,-28.58451751284723,0.0,0.0,0.0
1990-02-02 06:30:00+05:30,-22.27,1.1,56.65,-28.556200917987887,0.0,0.0,0.0
1990-02-02 07:30:00+05:30,-22.71,1.1,56.5,-28.99991294574529,33.15,0.0,33.15
1990-02-02 08:30:00+05:30,-22.38,1.1,51.45,-29.688804755377078,340.4,1256.98,59.55
1990-02-02 09:30:00+05:30,-20.16,1.03,57.2,-26.459325497376827,536.2,1189.08,73.25
1990-02-02 10:30:00+05:30,-16.34,0.97,69.8,-20.575815209736376,665.1,1068.71,111.9
1990-02-02 11:30:00+05:30,-11.31,0.9,59.4,-17.664775223891013,727.2,942.32,162.2
1990-02-02 12:30:00+05:30,-8.62,0.83,55.05,-16.040222061054198,697.4,758.33,219.95
1990-02-02 13:30:00+05:30,-6.89,0.83,50.85,-15.383262747542076,603.1,585.0,248.8
1990-02-02 14:30:00+05:30,-5.82,0.83,46.9,-15.372311822917055,466.05,483.53,210.1
1990-02-02 15:30:00+05:30,-5.25,0.76,43.3,-15.814700906629227,259.2,180.47,185.95
1990-02-02 16:30:00+05:30,-5.29,0.69,47.05,-14.845329832753055,99.15,112.84,71.65
1990-02-02 17:30:00+05:30,-6.11,0.69,53.35,-14.072156775023707,2.95,0.0,2.95
1990-02-02 18:30:00+05:30,-7.11,0.62,48.7,-16.10863972846617,0.0,0.0,0.0
1990-02-02 19:30:00+05:30,-8.08,0.69,48.4,-17.079947555316057,0.0,0.0,0.0
1990-02-02 20:30:00+05:30,-9.15,0.76,50.3,-17.613570431908673,0.0,0.0,0.0
1990-02-02 21:30:00+05:30,-10.15,0.76,54.65,-17.561868268828473,0.0,0.0,0.0
1990-02-02 22:30:00+05:30,-11.15,0.76,56.8,-18.04397751522011,0.0,0.0,0.0
1990-02-02 23:30:00+05:30,-12.01,0.83,56.55,-18.905487781659158,0.0,0.0,0.0
1990-02-03 00:30:00+05:30,-12.45,0.83,56.45,-19.3403391678317,0.0,0.0,0.0
1990-02-03 01:30:00+05:30,-13.18,0.83,56.3,-20.058353092429936,0.0,0.0,0.0
1990-02-03 02:30:00+05:30,-14.01,0.9,56.05,-20.89084186550455,0.0,0.0,0.0
1990-02-03 03:30:00+05:30,-14.75,0.9,55.9,-21.617824519399075,0.0,0.0,0.0
1990-02-03 04:30:00+05:30,-15.37,0.9,53.4,-22.721187204938484,0.0,0.0,0.0
1990-02-03 05:30:00+05:30,-15.77,0.9,53.25,-23.12758749172627,0.0,0.0,0.0
1990-02-03 06:30:00+05:30,-15.07,0.9,55.9,-21.91887974362148,0.0,0.0,0.0
1990-02-03 07:30:00+05:30,-15.59,0.9,55.75,-22.438699741789296,48.35,0.0,48.35
1990-02-03 08:30:00+05:30,-15.49,0.9,55.75,-22.344630425092674,326.4,1109.6,75.25
1990-02-03 09:30:00+05:30,-13.59,0.76,64.25,-18.90473762117846,522.75,1083.36,97.45
1990-02-03 10:30:00+05:30,-9.96,0.55,74.0,-13.719583702192274,663.85,1076.24,102.95
1990-02-03 11:30:00+05:30,-6.41,0.34,60.5,-12.805443229130157,724.7,929.05,164.15
1990-02-03 12:30:00+05:30,-6.04,0.48,60.6,-12.43466680040055,718.05,858.34,174.25
1990-02-03 13:30:00+05:30,-5.02,0.41,53.65,-12.985012297504573,604.75,605.98,235.3
1990-02-03 14:30:00+05:30,-4.36,0.48,51.55,-12.863733680029512,465.0,478.65,209.7
1990-02-03 15:30:00+05:30,-3.92,0.48,51.55,-12.454544682068803,272.2,276.57,158.85
1990-02-03 16:30:00+05:30,-4.13,0.34,53.75,-12.130473419412587,94.4,87.88,72.65
1990-02-03 17:30:00+05:30,-5.11,0.48,55.95,-12.549321126761166,3.4,0.0,3.4
1990-02-03 18:30:00+05:30,-6.89,0.62,68.55,-11.708731687189188,0.0,0.0,0.0
1990-02-03 19:30:00+05:30,-8.96,0.83,74.15,-12.726550442664655,0.0,0.0,0.0
1990-02-03 20:30:00+05:30,-10.75,0.97,77.15,-13.974525931596089,0.0,0.0,0.0
1990-02-03 21:30:00+05:30,-12.62,1.1,80.25,-15.316949367348904,0.0,0.0,0.0
1990-02-03 22:30:00+05:30,-13.89,1.1,83.6,-16.066374092202363,0.0,0.0,0.0
1990-02-03 23:30:00+05:30,-15.12,1.17,79.95,-17.803494395125835,0.0,0.0,0.0
1990-02-04 00:30:00+05:30,-17.12,1.17,83.3,-19.27781280363892,0.0,0.0,0.0
1990-02-04 01:30:00+05:30,-16.87,1.17,76.25,-20.064399106483158,0.0,0.0,0.0
1990-02-04 02:30:00+05:30,-16.94,1.17,72.8,-20.668583754565123,0.0,0.0,0.0
1990-02-04 03:30:00+05:30,-16.98,1.17,69.6,-21.225149052943177,0.0,0.0,0.0
1990-02-04 04:30:00+05:30,-17.59,1.17,66.4,-22.349315983352874,0.0,0.0,0.0
1990-02-04 05:30:00+05:30,-17.89,1.17,63.45,-23.15130687610703,0.0,0.0,0.0
1990-02-04 06:30:00+05:30,-18.02,1.17,63.3,-23.302006875782293,0.0,0.0,0.0
1990-02-04 07:30:00+05:30,-17.87,1.17,63.45,-23.132230390451006,59.65,0.0,59.65
1990-02-04 08:30:00+05:30,-17.22,1.03,63.55,-22.4943949653123,274.0,562.05,145.1
1990-02-04 09:30:00+05:30,-15.14,0.97,73.2,-18.863359211772813,434.7,497.61,237.7
1990-02-04 10:30:00+05:30,-11.47,0.76,70.6,-15.750474803801382,546.6,484.59,292.3
1990-02-04 11:30:00+05:30,-8.96,0.48,71.1,-13.245841955494846,645.25,579.88,293.15
1990-02-04 12:30:00+05:30,-8.08,0.41,68.35,-12.886956274061255,654.05,748.66,176.75
1990-02-04 13:30:00+05:30,-6.89,0.83,68.55,-11.708731687189188,559.4,661.75,153.25
1990-02-04 14:30:00+05:30,-6.04,1.03,65.95,-11.378877987339996,497.3,705.3,118.25
1990-02-04 15:30:00+05:30,-5.48,1.1,63.35,-11.349319340659,303.65,540.84,79.85
1990-02-04 16:30:00+05:30,-5.31,0.97,63.35,-11.187615940067369,125.3,303.26,49.1
1990-02-04 17:30:00+05:30,-5.7,0.69,60.75,-12.081972318505942,3.3,0.0,3.3
1990-02-04 18:30:00+05:30,-6.64,0.48,63.1,-12.501962351160353,0.0,0.0,0.0
1990-02-04 19:30:00+05:30,-7.73,0.48,68.45,-12.532991434235749,0.0,0.0,0.0
1990-02-04 20:30:00+05:30,-8.79,0.48,71.2,-13.064646990294575,0.0,0.0,0.0
1990-02-04 21:30:00+05:30,-9.9,0.55,77.2,-13.139995648725963,0.0,0.0,0.0
1990-02-04 22:30:00+05:30,-10.67,0.62,77.15,-13.896731168298707,0.0,0.0,0.0
1990-02-04 23:30:00+05:30,-11.33,0.62,77.05,-14.554378902535806,0.0,0.0,0.0
1990-02-05 00:30:00+05:30,-11.88,0.62,76.9,-15.112852544294714,0.0,0.0,0.0
1990-02-05 01:30:00+05:30,-12.06,0.62,73.65,-15.809900769849051,0.0,0.0,0.0
1990-02-05 02:30:00+05:30,-12.27,0.55,73.65,-16.013142847421875,0.0,0.0,0.0
1990-02-05 03:30:00+05:30,-12.54,0.48,73.55,-16.290783078300834,0.0,0.0,0.0
1990-02-05 04:30:00+05:30,-13.08,0.41,76.75,-16.30306934377949,0.0,0.0,0.0
1990-02-05 05:30:00+05:30,-13.62,0.41,76.65,-16.84364510094177,0.0,0.0,0.0
1990-02-05 06:30:00+05:30,-14.28,0.48,76.6,-17.493014799072082,0.0,0.0,0.0
1990-02-05 07:30:00+05:30,-14.81,0.48,79.95,-17.500753518292406,49.55,0.0,49.55
1990-02-05 08:30:00+05:30,-14.92,0.48,79.95,-17.60817659132559,306.0,837.92,111.25
1990-02-05 09:30:00+05:30,-13.73,0.41,76.65,-16.95057731950485,498.1,906.24,136.25
1990-02-05 10:30:00+05:30,-11.69,0.48,77.0,-14.91233237238974,649.35,907.0,170.05
1990-02-05 11:30:00+05:30,-9.4,0.55,74.1,-13.160849176192677,746.2,992.25,139.85
1990-02-05 12:30:00+05:30,-8.43,0.55,71.2,-12.717671154296067,727.2,931.14,129.8
1990-02-05 13:30:00+05:30,-7.32,0.55,65.6,-12.6680146689685,617.05,680.34,196.7
1990-02-05 14:30:00+05:30,-6.45,0.41,63.1,-12.321268795973685,494.75,585.3,177.8
1990-02-05 15:30:00+05:30,-5.91,0.28,58.1,-12.834314604913674,321.75,450.71,133.45
1990-02-05 16:30:00+05:30,-5.7,0.41,55.8,-13.13620955333597,104.3,85.66,82.45
1990-02-05 17:30:00+05:30,-5.99,0.55,58.1,-12.909713010369787,4.05,0.0,4.05
1990-02-05 18:30:00+05:30,-6.66,0.55,65.8,-11.999700431252716,0.0,0.0,0.0
1990-02-05 19:30:00+05:30,-7.19,0.41,65.7,-12.524940075715374,0.0,0.0,0.0
1990-02-05 20:30:00+05:30,-7.7,0.34,68.45,-12.504203282842836,0.0,0.0,0.0
1990-02-05 21:30:00+05:30,-8.27,0.48,71.3,-12.5460487962035,0.0,0.0,0.0
1990-02-05 22:30:00+05:30,-8.77,0.48,74.25,-12.525888490915968,0.0,0.0,0.0
1990-02-05 23:30:00+05:30,-9.18,0.55,77.35,-12.415776599854839,0.0,0.0,0.0
1990-02-06 00:30:00+05:30,-9.63,0.55,80.65,-12.335149230093581,0.0,0.0,0.0
1990-02-06 01:30:00+05:30,-10.16,0.62,80.55,-12.86830894911091,0.0,0.0,0.0
1990-02-06 02:30:00+05:30,-10.65,0.69,84.0,-12.82895252736442,0.0,0.0,0.0
1990-02-06 03:30:00+05:30,-11.04,0.69,83.95,-13.219028473511326,0.0,0.0,0.0
1990-02-06 04:30:00+05:30,-11.34,0.69,80.45,-14.036319109980436,0.0,0.0,0.0
1990-02-06 05:30:00+05:30,-11.58,0.62,80.35,-14.285975563292356,0.0,0.0,0.0
1990-02-06 06:30:00+05:30,-11.18,0.76,80.45,-13.880021303375544,0.0,0.0,0.0
1990-02-06 07:30:00+05:30,-11.28,0.76,77.05,-14.505760450598919,57.25,0.0,57.25
1990-02-06 08:30:00+05:30,-11.27,0.76,77.05,-14.496036795225201,219.55,268.48,156.3
1990-02-06 09:30:00+05:30,-10.39,0.76,77.15,-13.624455350280893,389.1,294.47,270.5
1990-02-06 10:30:00+05:30,-8.94,0.9,74.15,-12.70718870931696,471.4,259.78,333.15
1990-02-06 11:30:00+05:30,-7.83,0.83,71.3,-12.1219400619796,635.25,508.27,322.65
1990-02-06 12:30:00+05:30,-6.4,0.41,71.55,-10.6996569361346,647.85,573.28,277.7
1990-02-06 13:30:00+05:30,-5.69,0.41,68.85,-10.50216104681852,570.0,465.6,280.4
1990-02-06 14:30:00+05:30,-5.06,0.62,66.15,-10.404331405820345,445.5,415.94,218.55
1990-02-06 15:30:00+05:30,-4.75,0.69,63.55,-10.61521577216407,289.45,304.43,161.05
1990-02-06 16:30:00+05:30,-4.89,0.76,66.15,-10.241881168301427,122.3,227.14,63.5
1990-02-06 17:30:00+05:30,-5.41,0.41,66.05,-10.75787363676718,4.3,0.0,4.3
1990-02-06 18:30:00+05:30,-6.04,0.0,65.95,-11.378877987339996,0.0,0.0,0.0
1990-02-06 19:30:00+05:30,-6.72,0.21,68.65,-11.52734874997911,0.0,0.0,0.0
1990-02-06 20:30:00+05:30,-7.61,0.34,74.45,-11.369140742254046,0.0,0.0,0.0
1990-02-06 21:30:00+05:30,-8.55,0.41,77.45,-11.786967740905009,0.0,0.0,0.0
1990-02-06 22:30:00+05:30,-9.41,0.41,80.65,-12.120219761786302,0.0,0.0,0.0
1990-02-06 23:30:00+05:30,-10.41,0.55,80.5,-13.120200964905242,0.0,0.0,0.0
1990-02-07 00:30:00+05:30,-11.96,0.76,87.5,-13.613727817973938,0.0,0.0,0.0
1990-02-07 01:30:00+05:30,-12.94,0.76,91.25,-14.06698183713,0.0,0.0,0.0
1990-02-07 02:30:00+05:30,-13.53,0.76,87.35,-15.182231090734602,0.0,0.0,0.0
1990-02-07 03:30:00+05:30,-14.05,0.76,87.3,-15.701695112346682,0.0,0.0,0.0
1990-02-07 04:30:00+05:30,-14.52,0.76,87.25,-16.171837016773104,0.0,0.0,0.0
1990-02-07 05:30:00+05:30,-14.52,0.69,83.55,-16.69164469983081,0.0,0.0,0.0
1990-02-07 06:30:00+05:30,-14.83,0.62,79.95,-17.520284895375973,0.0,0.0,0.0
1990-02-07 07:30:00+05:30,-14.8,0.62,79.95,-17.490987844873974,56.45,0.0,56.45
1990-02-07 08:30:00+05:30,-14.64,0.55,79.95,-17.334738441349135,296.4,651.93,140.7
1990-02-07 09:30:00+05:30,-13.53,0.48,73.35,-17.28132814346553,519.25,903.63,152.1
1990-02-07 10:30:00+05:30,-11.51,0.62,70.6,-15.789010328588743,664.55,885.1,190.15
1990-02-07 11:30:00+05:30,-10.11,0.62,67.9,-14.915446639037162,727.9,848.1,202.9
1990-02-07 12:30:00+05:30,-9.14,0.34,65.25,-14.472005620941069,671.2,651.36,247.95
1990-02-07 13:30:00+05:30,-8.38,0.41,65.4,-13.718097877208463,569.05,392.31,323.4
1990-02-07 14:30:00+05:30,-7.86,0.62,62.75,-13.73071982925708,483.2,496.22,210.4
1990-02-07 15:30:00+05:30,-7.6,0.83,62.9,-13.454146171833877,320.25,425.22,139.2
1990-02-07 16:30:00+05:30,-7.66,0.69,62.9,-13.511200852030125,142.8,331.57,55.7
1990-02-07 17:30:00+05:30,-8.14,0.34,71.3,-12.420740931383273,3.5,0.0,3.5
1990-02-07 18:30:00+05:30,-8.83,0.28,68.15,-13.642668184472896,0.0,0.0,0.0
1990-02-07 19:30:00+05:30,-9.75,0.34,71.0,-14.024480285212473,0.0,0.0,0.0
1990-02-07 20:30:00+05:30,-10.66,0.48,73.9,-14.413737111690315,0.0,0.0,0.0
1990-02-07 21:30:00+05:30,-11.64,0.55,77.0,-14.863715182589694,0.0,0.0,0.0
1990-02-07 22:30:00+05:30,-12.73,0.62,80.25,-15.424390931441302,0.0,0.0,0.0
1990-02-07 23:30:00+05:30,-13.91,0.69,87.3,-15.563707364506936,0.0,0.0,0.0
1990-02-08 00:30:00+05:30,-15.19,0.76,83.55,-17.348993790772134,0.0,0.0,0.0
1990-02-08 01:30:00+05:30,-15.89,0.76,87.15,-17.535791976477707,0.0,0.0,0.0
1990-02-08 02:30:00+05:30,-16.35,0.76,83.4,-18.50834206603459,0.0,0.0,0.0
1990-02-08 03:30:00+05:30,-16.81,0.83,83.35,-18.966670261201394,0.0,0.0,0.0
1990-02-08 04:30:00+05:30,-16.99,0.83,83.3,-19.15028409257796,0.0,0.0,0.0
1990-02-08 05:30:00+05:30,-16.95,0.76,83.3,-19.11104477099166,0.0,0.0,0.0
1990-02-08 06:30:00+05:30,-17.22,0.76,76.2,-20.41218815184136,0.0,0.0,0.0
1990-02-08 07:30:00+05:30,-17.34,0.76,76.2,-20.528821554542102,60.05,0.0,60.05
1990-02-08 08:30:00+05:30,-16.8,0.76,72.9,-20.51728570072189,286.5,530.23,158.1
1990-02-08 09:30:00+05:30,-15.29,0.62,70.0,-19.53137455588812,524.05,856.87,172.8
1990-02-08 10:30:00+05:30,-13.68,0.62,73.35,-17.42646796384497,691.3,1023.9,138.55
1990-02-08 11:30:00+05:30,-11.74,0.62,64.7,-17.056514841517945,766.3,951.72,173.3
1990-02-08 12:30:00+05:30,-10.75,0.62,62.15,-16.594273479725484,764.75,940.51,149.7
1990-02-08 13:30:00+05:30,-9.84,0.76,62.3,-15.700456869300128,705.8,943.43,111.1
1990-02-08 14:30:00+05:30,-9.03,0.83,57.35,-15.932608028462877,566.45,825.23,109.35
1990-02-08 15:30:00+05:30,-8.7,0.9,55.05,-16.115240133820997,379.75,696.61,80.35
1990-02-08 16:30:00+05:30,-8.68,0.76,52.7,-16.620160177079075,162.45,445.59,43.7
1990-02-08 17:30:00+05:30,-9.39,0.62,57.2,-16.303162307387257,4.65,0.0,4.65
1990-02-08 18:30:00+05:30,-10.6,0.62,56.95,-17.49488236163613,0.0,0.0,0.0
1990-02-08 19:30:00+05:30,-12.15,0.69,64.6,-17.46629336976032,0.0,0.0,0.0
1990-02-08 20:30:00+05:30,-13.68,0.83,70.2,-17.94720146875008,0.0,0.0,0.0
1990-02-08 21:30:00+05:30,-15.03,0.83,73.2,-18.75692374010189,0.0,0.0,0.0
1990-02-08 22:30:00+05:30,-16.3,0.9,73.0,-20.01766658849721,0.0,0.0,0.0
1990-02-08 23:30:00+05:30,-17.41,1.03,79.6,-20.091126907219884,0.0,0.0,0.0
1990-02-09 00:30:00+05:30,-17.25,0.97,72.8,-20.96845405661656,0.0,0.0,0.0
1990-02-09 01:30:00+05:30,-17.94,0.97,76.0,-21.14224893412856,0.0,0.0,0.0
1990-02-09 02:30:00+05:30,-18.41,1.03,76.0,-21.59898994994398,0.0,0.0,0.0
1990-02-09 03:30:00+05:30,-18.44,0.97,75.9,-21.643222132747642,0.0,0.0,0.0
1990-02-09 04:30:00+05:30,-18.42,0.97,72.5,-22.147423897257767,0.0,0.0,0.0
1990-02-09 05:30:00+05:30,-18.45,1.03,69.3,-22.68965696931825,0.0,0.0,0.0
1990-02-09 06:30:00+05:30,-18.05,1.03,66.3,-22.807203566443487,0.0,0.0,0.0
1990-02-09 07:30:00+05:30,-18.18,1.03,63.3,-23.454588668568164,67.2,0.0,67.2
1990-02-09 08:30:00+05:30,-17.87,1.03,60.6,-23.6501963709035,312.4,671.71,147.45
1990-02-09 09:30:00+05:30,-17.01,1.03,66.5,-21.77635718966588,544.1,1020.65,121.95
1990-02-09 10:30:00+05:30,-14.16,1.03,73.3,-17.89901088117783,683.5,1072.69,100.2
1990-02-09 11:30:00+05:30,-11.37,1.03,64.7,-16.70333576150595,709.85,654.12,299.6
1990-02-09 12:30:00+05:30,-8.53,0.9,60.0,-14.913853551163145,665.5,442.68,374.15
1990-02-09 13:30:00+05:30,-7.26,0.83,55.45,-14.676998622784533,521.1,218.65,382.35
1990-02-09 14:30:00+05:30,-6.46,0.97,55.55,-13.90450547470124,329.5,83.05,283.15
1990-02-09 15:30:00+05:30,-6.26,0.97,53.35,-14.212250784724018,239.55,88.63,201.1
1990-02-09 16:30:00+05:30,-6.37,0.9,58.0,-13.2891193146378,91.0,6.29,89.3
1990-02-09 17:30:00+05:30,-6.78,0.69,58.0,-13.675524214539891,5.55,0.0,5.55
1990-02-09 18:30:00+05:30,-7.49,0.62,65.6,-12.830393469504374,0.0,0.0,0.0
1990-02-09 19:30:00+05:30,-7.96,0.62,68.35,-12.77181568037515,0.0,0.0,0.0
1990-02-09 20:30:00+05:30,-8.47,0.62,68.25,-13.279236619541134,0.0,0.0,0.0
1990-02-09 21:30:00+05:30,-9.16,0.69,71.1,-13.43859074944341,0.0,0.0,0.0
1990-02-09 22:30:00+05:30,-9.84,0.76,74.0,-13.603423341460642,0.0,0.0,0.0
1990-02-09 23:30:00+05:30,-10.41,0.83,73.9,-14.171750067565192,0.0,0.0,0.0
1990-02-10 00:30:00+05:30,-10.56,0.76,73.9,-14.316941285466344,0.0,0.0,0.0
1990-02-10 01:30:00+05:30,-11.06,0.83,73.8,-14.817410783283817,0.0,0.0,0.0
1990-02-10 02:30:00+05:30,-11.36,0.83,73.75,-15.11600556079627,0.0,0.0,0.0
1990-02-10 03:30:00+05:30,-11.63,0.76,70.6,-15.904618378437865,0.0,0.0,0.0
1990-02-10 04:30:00+05:30,-12.03,0.76,73.65,-15.780866676774917,0.0,0.0,0.0
1990-02-10 05:30:00+05:30,-12.31,0.83,70.5,-16.576755345706903,0.0,0.0,0.0
1990-02-10 06:30:00+05:30,-11.89,0.83,73.65,-15.645375860244561,0.0,0.0,0.0
1990-02-10 07:30:00+05:30,-12.1,0.83,73.65,-15.848613084281952,73.65,0.0,73.65
1990-02-10 08:30:00+05:30,-11.96,0.83,73.65,-15.713120935432398,299.2,578.0,155.25
1990-02-10 09:30:00+05:30,-10.76,0.76,70.8,-15.032160442981631,523.85,831.4,176.85
1990-02-10 10:30:00+05:30,-9.32,0.76,77.35,-12.551931648439174,660.0,757.91,244.85
1990-02-10 11:30:00+05:30,-6.84,0.83,71.5,-11.132615317641383,674.9,501.96,358.0
1990-02-10 12:30:00+05:30,-5.51,0.9,66.05,-10.853425660675704,641.25,544.62,280.5
1990-02-10 13:30:00+05:30,-4.58,0.9,60.95,-10.980170382080779,666.3,625.29,266.85
1990-02-10 14:30:00+05:30,-3.73,1.03,58.6,-10.672246912736343,516.85,508.33,231.05
1990-02-10 15:30:00+05:30,-3.23,1.03,58.75,-10.168474283470292,296.2,194.24,211.15
1990-02-10 16:30:00+05:30,-3.2,0.9,56.35,-10.66748112998189,106.75,24.62,100.0
1990-02-10 17:30:00+05:30,-3.69,0.83,58.6,-10.634533435009692,6.3,0.0,6.3
1990-02-10 18:30:00+05:30,-4.79,0.83,66.15,-10.146324638069286,0.0,0.0,0.0
1990-02-10 19:30:00+05:30,-5.2,0.76,58.35,-12.11174278747198,0.0,0.0,0.0
1990-02-10 20:30:00+05:30,-5.91,0.76,63.25,-11.778097890539094,0.0,0.0,0.0
1990-02-10 21:30:00+05:30,-6.64,0.69,65.8,-11.980593542316166,0.0,0.0,0.0
1990-02-10 22:30:00+05:30,-7.31,0.69,68.45,-12.12997093941785,0.0,0.0,0.0
1990-02-10 23:30:00+05:30,-7.73,0.69,68.45,-12.532991434235749,0.0,0.0,0.0
1990-02-11 00:30:00+05:30,-8.4,0.83,74.25,-12.167662374373892,0.0,0.0,0.0
1990-02-11 01:30:00+05:30,-8.51,0.83,74.25,-12.274160137006701,0.0,0.0,0.0
1990-02-11 02:30:00+05:30,-8.8,0.69,68.25,-13.595857426746473,0.0,0.0,0.0
1990-02-11 03:30:00+05:30,-9.03,0.9,71.1,-13.313303347863085,0.0,0.0,0.0
1990-02-11 04:30:00+05:30,-9.26,0.83,68.15,-14.05519948644884,0.0,0.0,0.0
1990-02-11 05:30:00+05:30,-9.57,0.9,68.0,-14.379541303297472,0.0,0.0,0.0
1990-02-11 06:30:00+05:30,-9.51,0.83,71.0,-13.79319595981075,0.0,0.0,0.0
1990-02-11 07:30:00+05:30,-9.7,0.83,68.0,-14.50424363171618,89.65,0.0,89.65
1990-02-11 08:30:00+05:30,-9.52,0.83,68.0,-14.331579630519979,251.65,177.55,206.8
1990-02-11 09:30:00+05:30,-8.67,0.83,65.4,-13.995066153222163,385.15,127.26,331.55
1990-02-11 10:30:00+05:30,-7.34,0.76,74.45,-11.107696056764764,525.05,172.44,429.9
1990-02-11 11:30:00+05:30,-5.12,0.83,66.15,-10.461668027347534,608.0,208.1,475.75
1990-02-11 12:30:00+05:30,-4.11,0.9,63.55,-10.006363573729859,642.45,235.2,485.65
1990-02-11 13:30:00+05:30,-3.1,0.76,61.2,-9.526628382496698,602.9,390.61,351.7
1990-02-11 14:30:00+05:30,-2.41,0.28,58.85,-9.373610075439043,466.45,324.76,282.5
1990-02-11 15:30:00+05:30,-2.4,0.14,54.15,-10.42107145738253,266.8,108.63,218.8
1990-02-11 16:30:00+05:30,-2.65,0.83,54.15,-10.654696533416574,105.6,55.77,90.1
1990-02-11 17:30:00+05:30,-3.71,0.62,61.1,-10.125164706445375,7.8,4.08,7.45
1990-02-11 18:30:00+05:30,-4.39,0.21,53.75,-12.373366019511062,0.0,0.0,0.0
1990-02-11 19:30:00+05:30,-5.25,0.07,55.95,-12.680708541796456,0.0,0.0,0.0
1990-02-11 20:30:00+05:30,-6.15,0.28,58.1,-13.060514275044266,0.0,0.0,0.0
1990-02-11 21:30:00+05:30,-7.09,0.41,63.0,-12.949566117058401,0.0,0.0,0.0
1990-02-11 22:30:00+05:30,-8.13,0.41,65.5,-13.460534258107986,0.0,0.0,0.0
1990-02-11 23:30:00+05:30,-9.03,0.48,71.1,-13.313303347863085,0.0,0.0,0.0
1990-02-12 00:30:00+05:30,-9.7,0.41,74.1,-13.451278097741831,0.0,0.0,0.0
1990-02-12 01:30:00+05:30,-10.57,0.48,77.15,-13.799488759460186,0.0,0.0,0.0
1990-02-12 02:30:00+05:30,-11.94,0.55,87.5,-13.594012968159287,0.0,0.0,0.0
1990-02-12 03:30:00+05:30,-12.63,0.55,87.45,-14.281177056646484,0.0,0.0,0.0
1990-02-12 04:30:00+05:30,-13.11,0.62,87.4,-14.76129388603992,0.0,0.0,0.0
1990-02-12 05:30:00+05:30,-13.74,0.76,87.35,-15.389220823277642,0.0,0.0,0.0
1990-02-12 06:30:00+05:30,-14.44,0.83,87.25,-16.092989180481464,0.0,0.0,0.0
1990-02-12 07:30:00+05:30,-14.92,0.83,83.55,-17.084087514898975,62.16,0.0,62.16
1990-02-12 08:30:00+05:30,-14.94,0.83,79.95,-17.62770819022038,354.85,989.29,101.35
1990-02-12 09:30:00+05:30,-14.25,0.76,76.6,-17.46385136526466,557.35,982.64,139.65
1990-02-12 10:30:00+05:30,-13.13,0.76,76.75,-16.351678216257294,709.9,1012.8,146.9
1990-02-12 11:30:00+05:30,-10.64,0.69,70.8,-14.916533604823895,785.9,967.34,167.05
1990-02-12 12:30:00+05:30,-9.64,0.69,68.0,-14.446688355663262,799.05,990.53,134.45
1990-02-12 13:30:00+05:30,-8.49,0.55,65.4,-13.823152977537141,721.8,832.67,182.75
1990-02-12 14:30:00+05:30,-7.64,0.48,60.25,-14.020786009870776,516.0,594.62,176.7
1990-02-12 15:30:00+05:30,-7.25,0.41,55.45,-14.667617678696692,337.1,354.78,178.9
1990-02-12 16:30:00+05:30,-7.13,0.55,55.45,-14.555048300759168,137.85,185.62,85.55
1990-02-12 17:30:00+05:30,-7.66,0.55,62.9,-13.511200852030125,10.9,38.05,7.5
1990-02-12 18:30:00+05:30,-8.49,0.48,57.5,-15.392401005217188,0.0,0.0,0.0
1990-02-12 19:30:00+05:30,-9.61,0.55,62.4,-15.462470455835382,0.0,0.0,0.0
1990-02-12 20:30:00+05:30,-10.72,0.62,64.95,-16.036534366118254,0.0,0.0,0.0
1990-02-12 21:30:00+05:30,-11.82,0.69,67.6,-16.60893807135571,0.0,0.0,0.0
1990-02-12 22:30:00+05:30,-13.19,0.83,73.45,-16.936086695016808,0.0,0.0,0.0
1990-02-12 23:30:00+05:30,-14.68,0.9,79.95,-17.37380055026077,0.0,0.0,0.0
1990-02-13 00:30:00+05:30,-15.82,0.9,79.85,-18.5018800745625,0.0,0.0,0.0
1990-02-13 01:30:00+05:30,-16.69,0.97,83.35,-18.848947090294367,0.0,0.0,0.0
1990-02-13 02:30:00+05:30,-17.42,0.97,87.0,-19.063972083206203,0.0,0.0,0.0
1990-02-13 03:30:00+05:30,-17.91,0.97,83.2,-20.06677699444525,0.0,0.0,0.0
1990-02-13 04:30:00+05:30,-18.23,0.97,79.5,-20.906287366154036,0.0,0.0,0.0
1990-02-13 05:30:00+05:30,-18.1,0.97,76.0,-21.29773219332156,0.0,0.0,0.0
1990-02-13 06:30:00+05:30,-18.12,0.97,72.65,-21.833677538134243,0.0,0.0,0.0
1990-02-13 07:30:00+05:30,-18.18,1.03,72.65,-21.89171351091716,63.6,0.0,63.6
1990-02-13 08:30:00+05:30,-18.22,1.03,69.4,-22.451870005273577,370.95,1071.93,92.3
1990-02-13 09:30:00+05:30,-17.21,0.9,69.6,-21.44659911249826,569.45,1062.75,113.5
1990-02-13 10:30:00+05:30,-15.66,0.83,76.4,-18.865345017567137,719.3,1012.01,152.55
1990-02-13 11:30:00+05:30,-12.77,0.83,67.4,-17.555281705421006,790.1,952.62,176.6
1990-02-13 12:30:00+05:30,-11.0,0.97,64.8,-16.331641352679366,782.95,834.26,219.6
1990-02-13 13:30:00+05:30,-9.61,0.9,59.75,-15.986297064791044,697.3,718.77,228.9
1990-02-13 14:30:00+05:30,-8.63,0.76,57.5,-15.524287374417277,500.25,391.0,275.5
1990-02-13 15:30:00+05:30,-8.15,0.76,52.8,-16.102686084530898,331.0,306.26,193.2
1990-02-13 16:30:00+05:30,-8.09,0.69,52.8,-16.046679301914132,126.0,83.52,102.15
1990-02-13 17:30:00+05:30,-8.55,0.62,57.5,-15.448923167918199,10.0,2.69,9.75
1990-02-13 18:30:00+05:30,-9.36,0.62,57.2,-16.274910823081665,0.0,0.0,0.0
1990-02-13 19:30:00+05:30,-10.26,0.55,59.65,-16.621392015221208,0.0,0.0,0.0
1990-02-13 20:30:00+05:30,-11.31,0.62,62.05,-17.14568831983445,0.0,0.0,0.0
1990-02-13 21:30:00+05:30,-12.38,0.69,67.4,-17.18133023947304,0.0,0.0,0.0
1990-02-13 22:30:00+05:30,-13.33,0.76,70.3,-17.59320863813204,0.0,0.0,0.0
1990-02-13 23:30:00+05:30,-14.32,0.76,73.3,-18.053829585632602,0.0,0.0,0.0
1990-02-14 00:30:00+05:30,-15.86,0.83,76.4,-19.05975038020569,0.0,0.0,0.0
1990-02-14 01:30:00+05:30,-16.84,0.9,76.25,-20.035240314244003,0.0,0.0,0.0
1990-02-14 02:30:00+05:30,-17.71,0.9,79.6,-20.384046681004666,0.0,0.0,0.0
1990-02-14 03:30:00+05:30,-18.53,0.9,79.45,-21.206426850516127,0.0,0.0,0.0
1990-02-14 04:30:00+05:30,-19.15,0.97,75.8,-22.348154347833294,0.0,0.0,0.0
1990-02-14 05:30:00+05:30,-19.43,0.97,75.75,-22.627708757725124,0.0,0.0,0.0
1990-02-14 06:30:00+05:30,-19.78,0.97,72.35,-23.48613459794041,0.0,0.0,0.0
1990-02-14 07:30:00+05:30,-19.93,0.97,72.25,-23.646752814224143,75.1,0.0,75.1
1990-02-14 08:30:00+05:30,-19.61,0.9,65.95,-24.36131939571424,349.2,782.81,142.75
1990-02-14 09:30:00+05:30,-18.1,0.83,66.3,-22.855112473977293,576.7,1038.59,126.95
1990-02-14 10:30:00+05:30,-15.81,0.76,73.1,-19.527639486497733,723.4,1013.88,151.35
1990-02-14 11:30:00+05:30,-12.7,0.69,64.5,-18.009622078111672,707.55,491.19,389.1
1990-02-14 12:30:00+05:30,-10.87,0.55,59.4,-17.248590290943692,782.3,806.85,233.95
1990-02-14 13:30:00+05:30,-9.62,0.48,54.75,-17.043281326830506,694.0,706.96,230.25
1990-02-14 14:30:00+05:30,-8.89,0.55,52.55,-16.850253687161302,539.2,519.15,238.6
1990-02-14 15:30:00+05:30,-8.54,0.83,50.45,-17.0114259461873,315.85,294.84,182.0
1990-02-14 16:30:00+05:30,-8.59,0.69,50.45,-17.05788019542204,150.0,213.05,88.35
1990-02-14 17:30:00+05:30,-9.04,0.41,52.55,-16.99023454610461,11.05,14.0,9.7
1990-02-14 18:30:00+05:30,-9.81,0.28,54.75,-17.22139725082157,0.0,0.0,0.0
1990-02-14 19:30:00+05:30,-10.64,0.28,59.5,-17.010983008175845,0.0,0.0,0.0
1990-02-14 20:30:00+05:30,-11.46,0.34,61.95,-17.307433977682745,0.0,0.0,0.0
1990-02-14 21:30:00+05:30,-12.52,0.41,67.4,-17.315566200754223,0.0,0.0,0.0
1990-02-14 22:30:00+05:30,-13.59,0.48,73.35,-17.339383699765364,0.0,0.0,0.0
1990-02-14 23:30:00+05:30,-14.42,0.55,79.95,-17.11989972574931,0.0,0.0,0.0
1990-02-15 00:30:00+05:30,-15.68,0.62,76.4,-18.884785337037627,0.0,0.0,0.0
1990-02-15 01:30:00+05:30,-15.89,0.62,79.8,-18.57761073910981,0.0,0.0,0.0
1990-02-15 02:30:00+05:30,-16.15,0.62,76.35,-19.3492993926673,0.0,0.0,0.0
1990-02-15 03:30:00+05:30,-16.26,0.62,76.35,-19.45622092641981,0.0,0.0,0.0
1990-02-15 04:30:00+05:30,-16.5,0.62,76.25,-19.704781632311892,0.0,0.0,0.0
1990-02-15 05:30:00+05:30,-16.84,0.62,76.25,-20.035240314244003,0.0,0.0,0.0
1990-02-15 06:30:00+05:30,-16.93,0.62,79.65,-19.61515210416307,0.0,0.0,0.0
1990-02-15 07:30:00+05:30,-17.24,0.62,76.2,-20.43162693069297,62.1,0.0,62.1
1990-02-15 08:30:00+05:30,-16.94,0.55,76.2,-20.140050354928473,313.85,557.22,164.75
1990-02-15 09:30:00+05:30,-14.9,0.41,76.5,-18.111190151158343,527.1,791.22,181.25
1990-02-15 10:30:00+05:30,-12.69,0.28,73.55,-16.435944285772347,729.3,1044.15,135.75
1990-02-15 11:30:00+05:30,-11.43,0.41,70.6,-15.711939524924597,810.9,1003.89,155.7
1990-02-15 12:30:00+05:30,-10.32,0.34,65.05,-15.636057947917376,811.0,933.71,172.35
1990-02-15 13:30:00+05:30,-9.6,0.28,62.4,-15.452965445276318,694.25,734.28,209.4
1990-02-15 14:30:00+05:30,-9.11,0.34,59.9,-15.482932556169837,539.35,614.09,181.2
1990-02-15 15:30:00+05:30,-8.74,0.41,55.05,-16.15274977757728,323.05,388.65,145.05
1990-02-15 16:30:00+05:30,-8.75,0.41,55.05,-16.162127251785467,118.15,124.16,81.75
1990-02-15 17:30:00+05:30,-9.17,0.34,57.35,-16.06447572600673,9.35,22.01,7.15
1990-02-15 18:30:00+05:30,-9.7,0.07,59.75,-16.071449931828063,0.0,0.0,0.0
1990-02-15 19:30:00+05:30,-10.45,0.07,64.95,-15.778753308345374,0.0,0.0,0.0
1990-02-15 20:30:00+05:30,-11.18,0.28,67.7,-15.977398567656648,0.0,0.0,0.0
1990-02-15 21:30:00+05:30,-11.99,0.41,70.5,-16.26848493677829,0.0,0.0,0.0
1990-02-15 22:30:00+05:30,-12.9,0.48,76.75,-16.12807985420222,0.0,0.0,0.0
1990-02-15 23:30:00+05:30,-13.8,0.55,76.65,-17.018625844629145,0.0,0.0,0.0
1990-02-16 00:30:00+05:30,-14.67,0.62,79.95,-17.364035007909866,0.0,0.0,0.0
1990-02-16 01:30:00+05:30,-15.13,0.62,76.5,-18.33476638568826,0.0,0.0,0.0
1990-02-16 02:30:00+05:30,-15.38,0.69,76.4,-18.5931856033419,0.0,0.0,0.0
1990-02-16 03:30:00+05:30,-15.99,0.69,79.8,-18.675259694691434,0.0,0.0,0.0
1990-02-16 04:30:00+05:30,-16.36,0.69,76.35,-19.553423588437145,0.0,0.0,0.0
1990-02-16 05:30:00+05:30,-16.73,0.76,76.25,-19.928325676765674,0.0,0.0,0.0
1990-02-16 06:30:00+05:30,-16.84,0.76,76.25,-20.035240314244003,0.0,0.0,0.0
1990-02-16 07:30:00+05:30,-16.9,0.76,76.2,-20.101174304992504,82.45,0.0,82.45
1990-02-16 08:30:00+05:30,-16.58,0.69,76.25,-19.78253535474226,313.75,484.73,182.15
1990-02-16 09:30:00+05:30,-14.93,0.69,76.5,-18.140351909115005,510.5,633.79,230.85
1990-02-16 10:30:00+05:30,-13.21,0.62,73.45,-16.955440339540225,713.8,888.37,205.0
1990-02-16 11:30:00+05:30,-11.31,0.55,67.7,-16.102077843816268,804.1,898.97,213.45
1990-02-16 12:30:00+05:30,-10.25,0.14,67.9,-15.049733310336658,793.85,849.53,209.05
1990-02-16 13:30:00+05:30,-9.54,0.34,62.4,-15.395935810398337,702.2,688.57,244.55
1990-02-16 14:30:00+05:30,-8.78,0.62,52.7,-16.71350250915576,524.75,514.28,222.65
1990-02-16 15:30:00+05:30,-8.64,0.76,52.7,-16.582823999392794,344.0,315.14,198.4
1990-02-16 16:30:00+05:30,-8.77,0.76,52.7,-16.70416815458332,160.95,269.58,80.9
1990-02-16 17:30:00+05:30,-9.21,0.34,54.9,-16.626197894558533,14.85,51.23,9.55
1990-02-16 18:30:00+05:30,-9.96,0.0,59.65,-16.337569229593925,0.0,0.0,0.0
1990-02-16 19:30:00+05:30,-10.79,0.14,62.15,-16.63228688882444,0.0,0.0,0.0
1990-02-16 20:30:00+05:30,-11.73,0.34,64.7,-17.04696911972861,0.0,0.0,0.0
1990-02-16 21:30:00+05:30,-12.73,0.48,67.4,-17.516926498292587,0.0,0.0,0.0
1990-02-16 22:30:00+05:30,-13.56,0.55,73.35,-17.31035585964065,0.0,0.0,0.0
1990-02-16 23:30:00+05:30,-14.48,0.69,76.5,-17.7029368664189,0.0,0.0,0.0
1990-02-17 00:30:00+05:30,-16.44,0.76,79.7,-19.12937950137527,0.0,0.0,0.0
1990-02-17 01:30:00+05:30,-17.66,0.83,83.25,-19.814551862390182,0.0,0.0,0.0
1990-02-17 02:30:00+05:30,-18.86,0.9,83.1,-21.012556439562353,0.0,0.0,0.0
1990-02-17 03:30:00+05:30,-19.49,0.9,83.0,-21.644325423331313,0.0,0.0,0.0
1990-02-17 04:30:00+05:30,-19.58,0.9,79.3,-22.253129589875787,0.0,0.0,0.0
1990-02-17 05:30:00+05:30,-19.53,0.83,79.3,-22.204318387659452,0.0,0.0,0.0
1990-02-17 06:30:00+05:30,-18.83,0.83,72.5,-22.54394619564208,0.0,0.0,0.0
1990-02-17 07:30:00+05:30,-18.69,0.76,69.3,-22.92068920393914,87.05,0.0,87.05
1990-02-17 08:30:00+05:30,-18.46,0.76,69.3,-22.699283126462944,272.0,411.66,158.6
1990-02-17 09:30:00+05:30,-17.45,0.83,69.5,-21.694144005589923,514.7,692.39,206.3
1990-02-17 10:30:00+05:30,-15.54,0.76,69.9,-19.78880418617064,669.5,633.99,303.65
1990-02-17 11:30:00+05:30,-13.61,0.69,70.2,-17.879781405031363,780.75,735.3,294.4
1990-02-17 12:30:00+05:30,-11.37,0.41,67.6,-16.177396551251718,766.15,681.02,294.35
1990-02-17 13:30:00+05:30,-10.36,0.28,64.95,-15.69282933398916,620.05,521.25,271.35
1990-02-17 14:30:00+05:30,-9.73,0.55,59.75,-16.099834619151984,457.05,317.01,269.5
1990-02-17 15:30:00+05:30,-9.48,0.55,59.75,-15.863301643342643,320.5,245.16,206.25
1990-02-17 16:30:00+05:30,-9.42,0.48,57.2,-16.331414006200117,137.85,116.89,102.7
1990-02-17 17:30:00+05:30,-9.59,0.28,57.2,-16.491511018061463,12.45,13.56,11.0
1990-02-17 18:30:00+05:30,-10.1,0.0,57.1,-16.992731695478984,0.0,0.0,0.0
1990-02-17 19:30:00+05:30,-10.68,0.07,59.5,-17.048820871922842,0.0,0.0,0.0
1990-02-17 20:30:00+05:30,-11.19,0.14,62.05,-17.03165562260621,0.0,0.0,0.0
1990-02-17 21:30:00+05:30,-11.81,0.14,64.7,-17.12333542489744,0.0,0.0,0.0
1990-02-17 22:30:00+05:30,-12.39,0.14,67.4,-17.190918410012873,0.0,0.0,0.0
1990-02-17 23:30:00+05:30,-13.15,0.21,70.3,-17.419828148285166,0.0,0.0,0.0
1990-02-18 00:30:00+05:30,-13.91,0.28,76.6,-17.13333995181661,0.0,0.0,0.0
1990-02-18 01:30:00+05:30,-14.7,0.41,76.5,-17.91678118823639,0.0,0.0,0.0
1990-02-18 02:30:00+05:30,-15.61,0.48,76.4,-18.816744429658996,0.0,0.0,0.0
1990-02-18 03:30:00+05:30,-16.27,0.55,76.35,-19.46594113829127,0.0,0.0,0.0
1990-02-18 04:30:00+05:30,-16.8,0.62,76.25,-19.996362094422583,0.0,0.0,0.0
1990-02-18 05:30:00+05:30,-17.14,0.62,76.2,-20.33443352282287,0.0,0.0,0.0
1990-02-18 06:30:00+05:30,-17.64,0.62,76.1,-20.835560582163907,0.0,0.0,0.0
1990-02-18 07:30:00+05:30,-18.11,0.62,76.0,-21.307450001351963,66.9,0.0,66.9
1990-02-18 08:30:00+05:30,-18.22,0.62,72.65,-21.930404443262606,367.2,845.76,130.8
1990-02-18 09:30:00+05:30,-17.11,0.55,72.8,-20.833027080924996,580.5,979.21,140.2
1990-02-18 10:30:00+05:30,-15.11,0.69,73.2,-18.83433118950389,748.75,1006.5,163.55
1990-02-18 11:30:00+05:30,-12.82,0.76,67.4,-17.603226103475116,838.25,1055.03,135.75
1990-02-18 12:30:00+05:30,-11.33,0.76,62.05,-17.164694058330593,846.35,1054.5,111.15
1990-02-18 13:30:00+05:30,-10.37,0.69,62.15,-16.233162509093567,759.35,879.38,167.25
1990-02-18 14:30:00+05:30,-9.63,0.41,54.75,-17.052655619401712,568.2,572.14,227.3
1990-02-18 15:30:00+05:30,-9.11,0.28,50.3,-17.576412219488553,335.4,196.38,243.1
1990-02-18 16:30:00+05:30,-8.86,0.34,50.3,-17.34418380416153,129.25,43.03,116.15
1990-02-18 17:30:00+05:30,-8.98,0.28,50.3,-17.455651203137943,11.3,0.0,11.3
1990-02-18 18:30:00+05:30,-9.4,0.48,52.4,-17.36022851466891,0.0,0.0,0.0
1990-02-18 19:30:00+05:30,-9.89,0.55,54.65,-17.318157395312006,0.0,0.0,0.0
1990-02-18 20:30:00+05:30,-10.31,0.48,54.65,-17.711852793162294,0.0,0.0,0.0
1990-02-18 21:30:00+05:30,-10.66,0.34,59.5,-17.029901895446464,0.0,0.0,0.0
1990-02-18 22:30:00+05:30,-11.07,0.28,64.8,-16.39846304037077,0.0,0.0,0.0
1990-02-18 23:30:00+05:30,-11.41,0.28,70.6,-15.692671977701934,0.0,0.0,0.0
1990-02-19 00:30:00+05:30,-11.62,0.07,67.6,-16.417137548192997,0.0,0.0,0.0
1990-02-19 01:30:00+05:30,-11.8,0.0,67.6,-16.58975771000316,0.0,0.0,0.0
1990-02-19 02:30:00+05:30,-12.28,0.14,67.5,-17.06776570262603,0.0,0.0,0.0
1990-02-19 03:30:00+05:30,-12.89,0.14,70.3,-17.16939855931705,0.0,0.0,0.0
1990-02-19 04:30:00+05:30,-13.55,0.21,73.35,-17.300679940476808,0.0,0.0,0.0
1990-02-19 05:30:00+05:30,-14.25,0.28,73.3,-17.9860959676389,0.0,0.0,0.0
1990-02-19 06:30:00+05:30,-15.03,0.34,73.2,-18.75692374010189,0.0,0.0,0.0
1990-02-19 07:30:00+05:30,-16.11,0.41,76.35,-19.310419197132607,70.4,0.0,70.4
1990-02-19 08:30:00+05:30,-16.62,0.48,76.25,-19.821412507081224,404.5,1099.38,92.7
1990-02-19 09:30:00+05:30,-15.35,0.34,73.2,-19.06655886126754,596.05,1019.43,133.3
1990-02-19 10:30:00+05:30,-13.18,0.21,70.3,-17.448724546640307,674.25,824.22,191.4
1990-02-19 11:30:00+05:30,-11.56,0.34,67.6,-16.359598730372635,835.25,1005.8,161.05
1990-02-19 12:30:00+05:30,-10.06,0.76,59.65,-16.432174605031975,819.2,995.03,121.05
1990-02-19 13:30:00+05:30,-9.26,0.76,54.9,-16.6730779389543,760.7,931.29,129.6
1990-02-19 14:30:00+05:30,-8.7,0.76,52.7,-16.638828427737,615.55,826.56,119.6
1990-02-19 15:30:00+05:30,-8.41,0.76,52.7,-16.36814935126103,437.55,757.17,78.65
1990-02-19 16:30:00+05:30,-8.41,0.62,50.45,-16.890648245034022,203.0,478.74,55.45
1990-02-19 17:30:00+05:30,-8.8,0.41,50.45,-17.252995852009924,20.6,94.37,9.85
1990-02-19 18:30:00+05:30,-9.92,0.28,54.65,-17.346276997506283,0.0,0.0,0.0
1990-02-19 19:30:00+05:30,-11.25,0.34,59.4,-17.60802018267565,0.0,0.0,0.0
1990-02-19 20:30:00+05:30,-12.62,0.41,67.4,-17.411451105523568,0.0,0.0,0.0
1990-02-19 21:30:00+05:30,-13.72,0.48,70.2,-17.98572756296495,0.0,0.0,0.0
1990-02-19 22:30:00+05:30,-14.72,0.55,73.2,-18.456978253735222,0.0,0.0,0.0
1990-02-19 23:30:00+05:30,-15.16,0.62,70.0,-19.406171095882,0.0,0.0,0.0
1990-02-20 00:30:00+05:30,-15.65,0.55,69.9,-19.894736193200874,0.0,0.0,0.0
1990-02-20 01:30:00+05:30,-16.56,0.62,76.25,-19.763096851354007,0.0,0.0,0.0
1990-02-20 02:30:00+05:30,-16.62,0.69,72.9,-20.343152383204405,0.0,0.0,0.0
1990-02-20 03:30:00+05:30,-16.59,0.69,69.7,-20.83310658431861,0.0,0.0,0.0
1990-02-20 04:30:00+05:30,-16.65,0.69,69.7,-20.890880215919456,0.0,0.0,0.0
1990-02-20 05:30:00+05:30,-16.75,0.69,66.6,-21.509983755170325,0.0,0.0,0.0
1990-02-20 06:30:00+05:30,-17.7,0.69,66.4,-22.454723436945084,0.0,0.0,0.0
1990-02-20 07:30:00+05:30,-18.11,0.76,69.4,-22.3459717008006,78.95,0.0,78.95
1990-02-20 08:30:00+05:30,-17.86,0.69,66.4,-22.608047242993642,352.95,647.2,166.7
1990-02-20 09:30:00+05:30,-16.65,0.69,69.7,-20.890880215919456,523.35,695.02,204.85
1990-02-20 10:30:00+05:30,-14.58,0.62,76.5,-17.80013811175316,659.55,497.41,365.95
1990-02-20 11:30:00+05:30,-12.11,0.55,64.6,-17.428113709907773,800.6,753.65,292.05
1990-02-20 12:30:00+05:30,-10.62,0.34,59.5,-16.99206421011035,788.55,775.34,241.1
1990-02-20 13:30:00+05:30,-9.6,0.34,57.2,-16.50092870386663,752.3,860.77,165.25
1990-02-20 14:30:00+05:30,-8.85,0.41,54.9,-16.288680332061425,596.5,724.43,158.8
1990-02-20 15:30:00+05:30,-8.42,0.48,52.7,-16.37748273497772,422.8,666.14,104.4
1990-02-20 16:30:00+05:30,-8.27,0.55,50.55,-16.73689755688136,183.25,301.99,89.05
1990-02-20 17:30:00+05:30,-8.79,0.48,57.5,-15.67502032323541,17.05,20.87,14.6
1990-02-20 18:30:00+05:30,-9.33,0.48,54.75,-16.771437945838734,0.0,0.0,0.0
1990-02-20 19:30:00+05:30,-9.97,0.55,59.65,-16.347029667251427,0.0,0.0,0.0
1990-02-20 20:30:00+05:30,-10.57,0.62,62.15,-16.423217211963614,0.0,0.0,0.0
1990-02-20 21:30:00+05:30,-11.31,0.62,62.05,-17.14568831983445,0.0,0.0,0.0
1990-02-20 22:30:00+05:30,-11.97,0.69,67.5,-16.77049981563556,0.0,0.0,0.0
1990-02-20 23:30:00+05:30,-12.58,0.76,67.4,-17.373096936083808,0.0,0.0,0.0
1990-02-21 00:30:00+05:30,-13.87,0.83,73.35,-17.610316184865262,0.0,0.0,0.0
1990-02-21 01:30:00+05:30,-14.29,0.83,73.3,-18.024800809387916,0.0,0.0,0.0
1990-02-21 02:30:00+05:30,-14.68,0.83,76.5,-17.897340555633,0.0,0.0,0.0
1990-02-21 03:30:00+05:30,-14.72,0.83,73.2,-18.456978253735222,0.0,0.0,0.0
1990-02-21 04:30:00+05:30,-14.56,0.83,73.2,-18.302172892336216,0.0,0.0,0.0
1990-02-21 05:30:00+05:30,-14.53,0.97,70.0,-18.799453544371342,0.0,0.0,0.0
1990-02-21 06:30:00+05:30,-14.8,0.83,66.95,-19.58034205238811,0.0,0.0,0.0
1990-02-21 07:30:00+05:30,-14.84,0.83,66.95,-19.61868476521734,103.1,0.0,103.1
1990-02-21 08:30:00+05:30,-14.34,0.83,67.05,-19.121940593179765,257.5,65.07,238.5
1990-02-21 09:30:00+05:30,-13.09,0.69,70.3,-17.362035771509944,405.4,95.0,361.45
1990-02-21 10:30:00+05:30,-11.25,0.62,70.7,-15.521419173549164,520.25,151.83,429.95
1990-02-21 11:30:00+05:30,-9.45,0.48,71.0,-13.735376239875238,593.55,167.75,479.6
1990-02-21 12:30:00+05:30,-8.01,0.62,68.35,-12.819790635531563,622.6,214.0,470.55
1990-02-21 13:30:00+05:30,-6.87,0.69,65.7,-12.219257755212913,547.55,121.29,464.3
1990-02-21 14:30:00+05:30,-5.95,0.9,65.95,-11.29288655749988,426.1,105.77,361.75
1990-02-21 15:30:00+05:30,-5.36,0.9,66.05,-10.710098303055936,250.95,36.31,233.45
1990-02-21 16:30:00+05:30,-5.32,0.69,68.85,-10.147018376424098,116.85,29.15,107.65
1990-02-21 17:30:00+05:30,-5.57,0.62,74.8,-9.334192785438844,13.2,0.0,13.2
1990-02-21 18:30:00+05:30,-5.86,0.76,71.65,-10.161424577269019,0.0,0.0,0.0
1990-02-21 19:30:00+05:30,-6.17,0.69,68.75,-10.981205935257082,0.0,0.0,0.0
1990-02-21 20:30:00+05:30,-6.58,0.62,68.65,-11.39298645597147,0.0,0.0,0.0
1990-02-21 21:30:00+05:30,-7.02,0.62,68.55,-11.833483576871119,0.0,0.0,0.0
1990-02-21 22:30:00+05:30,-7.67,0.76,71.4,-11.950243170275664,0.0,0.0,0.0
1990-02-21 23:30:00+05:30,-8.28,0.55,71.3,-12.555687967350579,0.0,0.0,0.0
1990-02-22 00:30:00+05:30,-9.37,0.0,74.1,-13.131806943890567,0.0,0.0,0.0
1990-02-22 01:30:00+05:30,-10.34,0.07,77.15,-13.575835626634506,0.0,0.0,0.0
1990-02-22 02:30:00+05:30,-11.02,0.07,80.45,-13.723726007010734,0.0,0.0,0.0
1990-02-22 03:30:00+05:30,-11.86,0.14,83.8,-14.04563850097006,0.0,0.0,0.0
1990-02-22 04:30:00+05:30,-12.92,0.21,87.4,-14.574013309912353,0.0,0.0,0.0
1990-02-22 05:30:00+05:30,-14.41,0.34,91.15,-15.535926383304549,0.0,0.0,0.0
1990-02-22 06:30:00+05:30,-14.82,0.41,87.25,-16.467519954462304,0.0,0.0,0.0
1990-02-22 07:30:00+05:30,-15.65,0.48,83.45,-17.81452175150114,67.35,0.0,67.35
1990-02-22 08:30:00+05:30,-15.69,0.48,83.45,-17.853764188167972,418.75,1032.34,112.9
1990-02-22 09:30:00+05:30,-15.06,0.48,79.95,-17.74489863051759,605.5,928.38,171.9
1990-02-22 10:30:00+05:30,-13.68,0.48,76.65,-16.901971587119792,752.7,960.91,176.9
1990-02-22 11:30:00+05:30,-11.8,0.41,70.6,-16.068400237777507,843.95,890.55,235.0
1990-02-22 12:30:00+05:30,-9.62,0.28,65.15,-14.94904110695538,839.7,880.58,210.1
1990-02-22 13:30:00+05:30,-8.51,0.21,62.65,-14.368210492661364,762.4,813.62,200.45
1990-02-22 14:30:00+05:30,-7.77,0.28,57.7,-14.671907646591597,631.9,744.77,175.7
1990-02-22 15:30:00+05:30,-7.36,0.28,57.7,-14.285622209002034,425.6,588.84,139.5
1990-02-22 16:30:00+05:30,-7.34,0.41,55.3,-14.785020101775695,196.05,328.67,91.1
1990-02-22 17:30:00+05:30,-7.85,0.34,55.15,-15.29626831310713,22.1,55.54,15.2
1990-02-22 18:30:00+05:30,-9.03,0.28,57.35,-15.932608028462877,0.0,0.0,0.0
1990-02-22 19:30:00+05:30,-10.31,0.34,62.3,-16.147161435917717,0.0,0.0,0.0
1990-02-22 20:30:00+05:30,-11.51,0.41,67.6,-16.31165018763786,0.0,0.0,0.0
1990-02-22 21:30:00+05:30,-12.45,0.55,70.4,-16.72861280954121,0.0,0.0,0.0
1990-02-22 22:30:00+05:30,-13.23,0.62,70.3,-17.496885521632066,0.0,0.0,0.0
1990-02-22 23:30:00+05:30,-13.96,0.62,76.6,-17.18194370664095,0.0,0.0,0.0
1990-02-23 00:30:00+05:30,-14.7,0.62,76.5,-17.91678118823639,0.0,0.0,0.0
1990-02-23 01:30:00+05:30,-15.29,0.69,73.2,-19.00850119468739,0.0,0.0,0.0
1990-02-23 02:30:00+05:30,-15.97,0.69,76.35,-19.174340033946407,0.0,0.0,0.0
1990-02-23 03:30:00+05:30,-16.81,0.76,76.25,-20.006081631181857,0.0,0.0,0.0
1990-02-23 04:30:00+05:30,-17.79,0.83,79.6,-20.462160182840467,0.0,0.0,0.0
1990-02-23 05:30:00+05:30,-18.95,0.9,83.05,-21.107762673592653,0.0,0.0,0.0
1990-02-23 06:30:00+05:30,-20.9,0.97,79.15,-23.56314757825372,0.0,0.0,0.0
1990-02-23 07:30:00+05:30,-21.97,0.97,82.65,-24.124353699146422,65.1,0.0,65.1
1990-02-23 08:30:00+05:30,-21.75,1.03,75.4,-24.933665063021305,427.15,1101.32,96.1
1990-02-23 09:30:00+05:30,-20.09,0.97,72.25,-23.801470115492886,638.85,1099.77,120.3
1990-02-23 10:30:00+05:30,-17.79,0.9,69.5,-22.021484873536117,791.7,1099.96,127.6
1990-02-23 11:30:00+05:30,-15.64,0.9,73.1,-19.363156702843376,874.2,1103.05,114.95
1990-02-23 12:30:00+05:30,-13.07,0.83,67.3,-17.86054336556626,878.15,1066.24,111.05
1990-02-23 13:30:00+05:30,-11.73,0.83,61.95,-17.563983168151154,805.5,1008.69,104.45
1990-02-23 14:30:00+05:30,-10.89,0.76,59.4,-17.267506848329926,662.55,922.84,93.45
1990-02-23 15:30:00+05:30,-10.52,0.69,59.5,-16.897471557837687,461.7,783.91,77.75
1990-02-23 16:30:00+05:30,-10.76,0.55,64.95,-16.074725317833494,225.3,530.98,53.8
1990-02-23 17:30:00+05:30,-11.36,0.55,61.95,-17.212419589593342,27.5,123.78,11.7
1990-02-23 18:30:00+05:30,-12.86,0.55,67.3,-17.659202176796708,0.0,0.0,0.0
1990-02-23 19:30:00+05:30,-14.51,0.69,73.2,-18.25379694464054,0.0,0.0,0.0
1990-02-23 20:30:00+05:30,-15.99,0.76,76.35,-19.193779769528238,0.0,0.0,0.0
1990-02-23 21:30:00+05:30,-17.32,0.83,76.2,-20.50938253249286,0.0,0.0,0.0
1990-02-23 22:30:00+05:30,-18.54,0.9,79.45,-21.216189936917072,0.0,0.0,0.0
1990-02-23 23:30:00+05:30,-19.75,0.97,79.3,-22.41908963055673,0.0,0.0,0.0
1990-02-24 00:30:00+05:30,-22.42,1.1,78.9,-25.082169514027722,0.0,0.0,0.0
1990-02-24 01:30:00+05:30,-23.75,1.17,78.7,-26.408200485861528,0.0,0.0,0.0
1990-02-24 02:30:00+05:30,-24.36,1.17,78.6,-27.017388744688713,0.0,0.0,0.0
1990-02-24 03:30:00+05:30,-24.3,1.17,78.6,-26.95883778695087,0.0,0.0,0.0
1990-02-24 04:30:00+05:30,-24.09,1.17,71.45,-27.791187268198133,0.0,0.0,0.0
1990-02-24 05:30:00+05:30,-24.05,1.1,71.45,-27.75252781238568,0.0,0.0,0.0
1990-02-24 06:30:00+05:30,-24.92,1.1,68.0,-29.123795835642976,0.0,0.0,0.0
1990-02-24 07:30:00+05:30,-25.38,1.1,67.9,-29.58192631952012,74.88,0.0,74.88
1990-02-24 08:30:00+05:30,-25.05,1.1,64.65,-29.78691259202999,449.1,1216.02,78.25
1990-02-24 09:30:00+05:30,-23.56,1.03,65.0,-28.30300668162706,655.8,1179.2,94.5
1990-02-24 10:30:00+05:30,-20.85,0.9,62.7,-26.106302868427502,805.2,1150.58,105.3
1990-02-24 11:30:00+05:30,-17.93,0.83,72.65,-21.649900327987364,880.8,1073.96,136.7
1990-02-24 12:30:00+05:30,-14.72,0.83,61.2,-20.546984338542906,880.35,1003.03,154.25
1990-02-24 13:30:00+05:30,-12.96,0.76,61.55,-18.80900912363528,796.5,883.27,178.8
1990-02-24 14:30:00+05:30,-11.84,0.76,56.7,-18.714348243133447,634.05,690.23,205.55
1990-02-24 15:30:00+05:30,-11.33,0.69,56.8,-18.21344147066435,424.0,518.65,167.95
1990-02-24 16:30:00+05:30,-11.43,0.69,56.7,-18.32837926714051,197.25,306.77,97.05
1990-02-24 17:30:00+05:30,-12.07,0.62,56.55,-18.961961265070926,24.8,58.77,17.1
1990-02-24 18:30:00+05:30,-13.45,0.69,58.75,-19.817716417270315,0.0,0.0,0.0
1990-02-24 19:30:00+05:30,-15.11,0.83,61.2,-20.91735480427766,0.0,0.0,0.0
1990-02-24 20:30:00+05:30,-16.67,0.9,63.65,-21.951855598550626,0.0,0.0,0.0
1990-02-24 21:30:00+05:30,-17.97,0.9,66.3,-22.730550250210538,0.0,0.0,0.0
1990-02-24 22:30:00+05:30,-19.03,0.97,66.05,-23.788733304831883,0.0,0.0,0.0
1990-02-24 23:30:00+05:30,-19.93,1.03,68.95,-24.171180890702665,0.0,0.0,0.0
1990-02-25 00:30:00+05:30,-19.88,0.97,62.95,-25.137603230685357,0.0,0.0,0.0
1990-02-25 01:30:00+05:30,-20.28,0.97,59.95,-26.057399979974342,0.0,0.0,0.0
1990-02-25 02:30:00+05:30,-20.46,0.97,62.7,-25.73454584727354,0.0,0.0,0.0
1990-02-25 03:30:00+05:30,-20.52,0.97,59.8,-26.312616099282245,0.0,0.0,0.0
1990-02-25 04:30:00+05:30,-20.52,0.97,59.8,-26.312616099282245,0.0,0.0,0.0
1990-02-25 05:30:00+05:30,-20.35,0.97,57.2,-26.638745280617503,0.0,0.0,0.0
1990-02-25 06:30:00+05:30,-19.1,0.97,57.45,-25.410268036797426,0.0,0.0,0.0
1990-02-25 07:30:00+05:30,-18.82,0.9,54.95,-25.638182591238817,99.2,0.0,99.2
1990-02-25 08:30:00+05:30,-18.37,0.9,55.1,-25.184930117838597,385.35,668.24,178.6
1990-02-25 09:30:00+05:30,-16.89,0.83,60.8,-22.682581892287807,561.15,546.27,298.65
1990-02-25 10:30:00+05:30,-14.56,0.76,76.5,-17.78069776680337,734.25,699.73,305.4
1990-02-25 11:30:00+05:30,-11.58,0.69,64.7,-16.90378556792583,830.7,753.22,305.4
1990-02-25 12:30:00+05:30,-9.7,0.62,59.75,-16.071449931828063,826.2,681.45,329.85
1990-02-25 13:30:00+05:30,-8.42,0.55,57.5,-15.326459556892111,751.7,664.11,284.4
1990-02-25 14:30:00+05:30,-7.51,0.34,55.3,-14.944457346041814,461.65,358.36,237.7
1990-02-25 15:30:00+05:30,-7.26,0.41,53.1,-15.203334822417277,326.45,209.62,222.15
1990-02-25 16:30:00+05:30,-7.27,0.62,55.45,-14.686379591887158,161.8,98.26,129.35
1990-02-25 17:30:00+05:30,-7.97,0.55,68.35,-12.781410638011003,19.7,11.53,18.15
1990-02-25 18:30:00+05:30,-8.58,0.48,62.65,-14.434758834227626,0.0,0.0,0.0
1990-02-25 19:30:00+05:30,-9.52,0.48,65.15,-14.85355444301577,0.0,0.0,0.0
1990-02-25 20:30:00+05:30,-10.56,0.48,67.8,-15.364942383128074,0.0,0.0,0.0
1990-02-25 21:30:00+05:30,-11.51,0.55,73.75,-15.261184547598768,0.0,0.0,0.0
1990-02-25 22:30:00+05:30,-12.5,0.62,76.85,-15.723511778905388,0.0,0.0,0.0
1990-02-25 23:30:00+05:30,-13.21,0.69,73.45,-16.955440339540225,0.0,0.0,0.0
1990-02-26 00:30:00+05:30,-13.67,0.62,76.65,-16.892250476341438,0.0,0.0,0.0
1990-02-26 01:30:00+05:30,-14.17,0.62,76.6,-17.386082733307916,0.0,0.0,0.0
1990-02-26 02:30:00+05:30,-14.56,0.62,79.95,-17.25661470745901,0.0,0.0,0.0
1990-02-26 03:30:00+05:30,-15.12,0.55,76.5,-18.325045547987653,0.0,0.0,0.0
1990-02-26 04:30:00+05:30,-15.94,0.62,79.8,-18.6264350898304,0.0,0.0,0.0
1990-02-26 05:30:00+05:30,-16.48,0.62,79.7,-19.168436076589735,0.0,0.0,0.0
1990-02-26 06:30:00+05:30,-17.07,0.55,79.65,-19.751848895545493,0.0,0.0,0.0
1990-02-26 07:30:00+05:30,-17.46,0.55,79.6,-20.139946227193036,160.9,608.52,90.65
1990-02-26 08:30:00+05:30,-16.86,0.48,72.9,-20.575331150900602,322.65,554.54,148.6
1990-02-26 09:30:00+05:30,-15.38,0.41,73.2,-19.095587881721045,469.4,615.34,170.9
1990-02-26 10:30:00+05:30,-13.77,0.34,73.35,-17.513553343499456,734.65,906.68,174.8
1990-02-26 11:30:00+05:30,-11.79,0.34,70.6,-16.058765887794294,872.1,1020.42,155.8
1990-02-26 12:30:00+05:30,-10.15,0.41,67.9,-14.95381391982146,854.7,940.95,165.15
1990-02-26 13:30:00+05:30,-9.19,0.41,62.5,-15.043834553978758,798.45,954.46,122.75
1990-02-26 14:30:00+05:30,-8.46,0.48,62.65,-14.320676570070953,649.0,823.03,131.3
1990-02-26 15:30:00+05:30,-7.94,0.55,57.6,-14.853187202625437,459.45,721.55,97.65
1990-02-26 16:30:00+05:30,-7.82,0.55,57.6,-14.740140080709462,221.45,457.83,68.6
1990-02-26 17:30:00+05:30,-8.18,0.48,55.15,-15.60572369319686,30.7,128.86,12.95
1990-02-26 18:30:00+05:30,-9.25,0.55,57.35,-16.139830784282218,0.0,0.0,0.0
1990-02-26 19:30:00+05:30,-10.43,0.69,64.95,-15.759658960255711,0.0,0.0,0.0
1990-02-26 20:30:00+05:30,-11.19,0.76,64.8,-16.51301665874913,0.0,0.0,0.0
1990-02-26 21:30:00+05:30,-11.86,0.76,70.5,-16.143254596621187,0.0,0.0,0.0
1990-02-26 22:30:00+05:30,-12.28,0.76,70.5,-16.547854323613247,0.0,0.0,0.0
1990-02-26 23:30:00+05:30,-12.46,0.76,70.4,-16.73824528517576,0.0,0.0,0.0
1990-02-27 00:30:00+05:30,-11.62,0.55,67.6,-16.417137548192997,0.0,0.0,0.0
1990-02-27 01:30:00+05:30,-11.63,0.48,70.6,-15.904618378437865,0.0,0.0,0.0
1990-02-27 02:30:00+05:30,-11.74,0.41,70.6,-16.010594368436312,0.0,0.0,0.0
1990-02-27 03:30:00+05:30,-11.82,0.41,70.6,-16.087668983855846,0.0,0.0,0.0
1990-02-27 04:30:00+05:30,-11.76,0.41,70.6,-16.029862930068035,0.0,0.0,0.0
1990-02-27 05:30:00+05:30,-11.59,0.34,73.75,-15.33861458589619,0.0,0.0,0.0
1990-02-27 06:30:00+05:30,-11.79,0.34,70.6,-16.058765887794294,0.0,0.0,0.0
1990-02-27 07:30:00+05:30,-11.66,0.28,73.75,-15.406366580075085,106.8,39.64,102.05
1990-02-27 08:30:00+05:30,-11.39,0.21,73.75,-15.145041114507464,255.3,64.39,234.8
1990-02-27 09:30:00+05:30,-10.57,0.14,73.9,-14.32662080757363,372.8,29.0,358.6
1990-02-27 10:30:00+05:30,-9.63,0.14,77.3,-12.861429169458395,443.65,36.49,420.95
1990-02-27 11:30:00+05:30,-8.5,0.28,74.25,-12.264478456012059,613.35,151.23,506.5
1990-02-27 12:30:00+05:30,-7.36,0.62,74.45,-11.127062001631973,574.95,38.66,546.45
1990-02-27 13:30:00+05:30,-6.65,0.62,71.55,-10.940662301457891,512.95,53.49,474.85
1990-02-27 14:30:00+05:30,-6.17,0.41,71.65,-10.460293207436816,388.75,43.36,361.3
1990-02-27 15:30:00+05:30,-5.99,0.55,74.7,-9.758007124615329,228.95,4.16,226.85
1990-02-27 16:30:00+05:30,-6.06,0.55,77.85,-9.299844565587517,115.0,4.3,113.55
1990-02-27 17:30:00+05:30,-6.32,0.41,81.05,-9.038667404078193,16.35,0.71,16.25
1990-02-27 18:30:00+05:30,-6.77,0.28,81.05,-9.478403539508315,0.0,0.0,0.0
1990-02-27 19:30:00+05:30,-7.06,0.14,84.4,-9.245803404683702,0.0,0.0,0.0
1990-02-27 20:30:00+05:30,-7.17,0.07,84.4,-9.353776206392979,0.0,0.0,0.0
1990-02-27 21:30:00+05:30,-7.23,0.28,84.4,-9.412670854598026,0.0,0.0,0.0
1990-02-27 22:30:00+05:30,-7.17,0.55,84.4,-9.353776206392979,0.0,0.0,0.0
1990-02-27 23:30:00+05:30,-7.2,0.76,81.0,-9.906448911157709,0.0,0.0,0.0
1990-02-28 00:30:00+05:30,-7.42,0.21,80.9,-10.13708684131083,0.0,0.0,0.0
1990-02-28 01:30:00+05:30,-7.62,0.0,77.6,-10.858144207820528,0.0,0.0,0.0
1990-02-28 02:30:00+05:30,-7.9,0.07,80.85,-10.613897130257607,0.0,0.0,0.0
1990-02-28 03:30:00+05:30,-8.07,0.07,77.55,-11.303951529049106,0.0,0.0,0.0
1990-02-28 04:30:00+05:30,-8.34,0.07,77.45,-11.582726098230015,0.0,0.0,0.0
1990-02-28 05:30:00+05:30,-8.7,0.14,74.25,-12.45811459193055,0.0,0.0,0.0
1990-02-28 06:30:00+05:30,-7.97,0.14,74.35,-11.73454834311073,0.0,0.0,0.0
1990-02-28 07:30:00+05:30,-8.18,0.28,74.35,-11.937881234412044,138.45,105.84,125.3
1990-02-28 08:30:00+05:30,-8.03,0.28,74.35,-11.792642861636802,339.3,350.23,226.2
1990-02-28 09:30:00+05:30,-7.43,0.21,71.4,-11.718894058229512,455.1,109.44,401.0
1990-02-28 10:30:00+05:30,-6.71,0.14,68.65,-11.517751335938748,579.3,159.0,479.65
1990-02-28 11:30:00+05:30,-5.81,0.21,71.65,-10.11322128552817,622.75,93.73,556.1
1990-02-28 12:30:00+05:30,-5.06,0.41,71.85,-9.354663131275013,584.4,47.86,548.9
1990-02-28 13:30:00+05:30,-4.69,0.41,74.95,-8.456160903150753,497.05,20.17,482.6
1990-02-28 14:30:00+05:30,-4.56,0.55,74.95,-8.33023642569267,409.15,37.75,385.1
1990-02-28 15:30:00+05:30,-4.73,1.03,71.95,-9.018678481710353,248.4,6.48,245.1
1990-02-28 16:30:00+05:30,-5.41,1.31,81.2,-8.125648732044887,103.35,1.76,102.75
1990-02-28 17:30:00+05:30,-6.47,1.31,84.45,-8.659092712807404,14.25,0.0,14.25
1990-02-28 18:30:00+05:30,-6.86,1.17,84.4,-9.049491606888786,0.0,0.0,0.0
1990-02-28 19:30:00+05:30,-6.61,1.03,81.05,-9.322050715229759,0.0,0.0,0.0
1990-02-28 20:30:00+05:30,-6.71,0.83,77.75,-9.948537417040985,0.0,0.0,0.0
1990-02-28 21:30:00+05:30,-8.35,0.61,82.57,-10.788633480515774,0.0,0.0,0.0
1990-02-28 22:30:00+05:30,-8.54,0.6,81.47,-11.143308165165388,0.0,0.0,0.0
1990-02-28 23:30:00+05:30,-8.72,0.59,80.36,-11.491278357313336,0.0,0.0,0.0
1990-03-01 00:30:00+05:30,-8.91,0.58,79.26,-11.849033050629771,0.0,0.0,0.0
1990-03-01 01:30:00+05:30,-9.09,0.58,78.15,-12.200238273014811,0.0,0.0,0.0
1990-03-01 02:30:00+05:30,-9.28,0.57,77.05,-12.561261604550419,0.0,0.0,0.0
1990-03-01 03:30:00+05:30,-9.46,0.56,75.94,-12.91590096100268,0.0,0.0,0.0
1990-03-01 04:30:00+05:30,-9.65,0.56,74.84,-13.280397969323888,0.0,0.0,0.0
1990-03-01 05:30:00+05:30,-9.84,0.55,73.73,-13.648364268151836,0.0,0.0,0.0
1990-03-01 06:30:00+05:30,-10.02,0.54,72.63,-14.006882205511033,0.0,0.0,0.0
1990-03-01 07:30:00+05:30,-10.21,0.53,71.52,-14.378704702377906,192.1,668.74,103.0
1990-03-01 08:30:00+05:30,-10.39,0.53,70.42,-14.741194673839368,419.2,739.41,173.6
1990-03-01 09:30:00+05:30,-10.58,0.52,69.31,-15.117131101060876,641.45,953.85,161.05
1990-03-01 10:30:00+05:30,-10.76,0.51,68.21,-15.483861107016242,805.6,1025.85,153.15
1990-03-01 11:30:00+05:30,-10.95,0.5,67.1,-15.864194133059272,869.9,919.36,207.75
1990-03-01 12:30:00+05:30,-11.13,0.5,66.0,-16.235458506089074,831.1,782.27,243.95
1990-03-01 13:30:00+05:30,-5.46,0.83,63.35,-11.330295114599423,795.75,841.07,186.0
1990-03-01 14:30:00+05:30,-4.81,1.03,66.15,-10.16543579994049,640.15,684.4,198.6
1990-03-01 15:30:00+05:30,-4.46,1.03,63.55,-10.339319652718986,455.0,661.36,113.35
1990-03-01 16:30:00+05:30,-4.46,0.76,60.95,-10.866524873346673,225.2,406.88,83.6
1990-03-01 17:30:00+05:30,-4.88,0.34,63.45,-10.75874887744721,35.85,126.89,16.7
1990-03-01 18:30:00+05:30,-5.93,0.28,65.95,-11.273777550528695,0.0,0.0,0.0
1990-03-01 19:30:00+05:30,-7.36,0.41,74.45,-11.127062001631973,0.0,0.0,0.0
1990-03-01 20:30:00+05:30,-8.74,0.48,77.45,-11.97176214703738,0.0,0.0,0.0
1990-03-01 21:30:00+05:30,-9.97,0.55,84.05,-12.15424846280214,0.0,0.0,0.0
1990-03-01 22:30:00+05:30,-11.47,0.62,91.35,-12.59780027133342,0.0,0.0,0.0
1990-03-01 23:30:00+05:30,-12.94,0.69,95.25,-13.540333636597643,0.0,0.0,0.0
1990-03-02 00:30:00+05:30,-12.91,0.69,95.25,-13.510489928983015,0.0,0.0,0.0
1990-03-02 01:30:00+05:30,-13.87,0.69,91.2,-14.994574324883757,0.0,0.0,0.0
1990-03-02 02:30:00+05:30,-14.33,0.69,91.2,-15.450076863925558,0.0,0.0,0.0
1990-03-02 03:30:00+05:30,-14.35,0.69,87.3,-15.997387238715385,0.0,0.0,0.0
1990-03-02 04:30:00+05:30,-14.34,0.69,83.6,-16.507878031515123,0.0,0.0,0.0
1990-03-02 05:30:00+05:30,-14.36,0.69,80.0,-17.05384979123493,0.0,0.0,0.0
1990-03-02 06:30:00+05:30,-15.55,0.69,76.4,-18.75842412161438,0.0,0.0,0.0
1990-03-02 07:30:00+05:30,-15.83,0.69,76.35,-19.038263237001335,200.3,703.91,103.3
1990-03-02 08:30:00+05:30,-15.36,0.62,76.4,-18.573746006487337,431.95,819.73,155.85
1990-03-02 09:30:00+05:30,-13.67,0.69,73.45,-17.400589303832323,663.7,1005.44,152.6
1990-03-02 10:30:00+05:30,-11.85,0.55,73.65,-15.60666468779473,812.4,1032.13,151.15
1990-03-02 11:30:00+05:30,-10.26,0.48,67.9,-15.05932534277584,899.95,1034.91,149.85
1990-03-02 12:30:00+05:30,-8.96,0.62,65.25,-14.30011894586552,898.85,992.07,149.85
1990-03-02 13:30:00+05:30,-7.97,0.55,60.1,-14.363610807895704,827.45,941.75,140.75
1990-03-02 14:30:00+05:30,-7.43,0.48,60.25,-13.822017334161146,682.6,870.24,117.7
1990-03-02 15:30:00+05:30,-7.03,0.55,57.85,-13.942910375284479,481.95,749.94,91.75
1990-03-02 16:30:00+05:30,-7.03,0.62,55.45,-14.461243237301577,247.65,534.03,59.95
1990-03-02 17:30:00+05:30,-7.56,0.55,60.25,-13.945063476876404,39.6,154.06,15.85
1990-03-02 18:30:00+05:30,-8.54,0.48,57.5,-15.439502748410758,0.0,0.0,0.0
1990-03-02 19:30:00+05:30,-9.86,0.41,65.05,-15.19684637470447,0.0,0.0,0.0
1990-03-02 20:30:00+05:30,-11.16,0.48,67.7,-15.958217397136995,0.0,0.0,0.0
1990-03-02 21:30:00+05:30,-12.46,0.62,73.55,-16.21336502383366,0.0,0.0,0.0
1990-03-02 22:30:00+05:30,-13.77,0.69,73.45,-17.497364657886074,0.0,0.0,0.0
1990-03-02 23:30:00+05:30,-15.46,0.83,83.45,-17.62812197077699,0.0,0.0,0.0
1990-03-03 00:30:00+05:30,-15.77,0.83,76.4,-18.97226737083325,0.0,0.0,0.0
1990-03-03 01:30:00+05:30,-17.25,0.9,83.3,-19.405342915514254,0.0,0.0,0.0
1990-03-03 02:30:00+05:30,-18.23,0.97,83.2,-20.38068150252737,0.0,0.0,0.0
1990-03-03 03:30:00+05:30,-19.21,1.03,83.05,-21.362784316793228,0.0,0.0,0.0
1990-03-03 04:30:00+05:30,-19.99,1.03,82.9,-22.14849116333541,0.0,0.0,0.0
1990-03-03 05:30:00+05:30,-20.4,1.1,82.85,-22.557455927861323,0.0,0.0,0.0
1990-03-03 06:30:00+05:30,-21.81,1.17,82.7,-23.960676213414157,0.0,0.0,0.0
1990-03-03 07:30:00+05:30,-21.65,1.17,82.7,-23.80377194488982,223.2,966.21,85.6
1990-03-03 08:30:00+05:30,-20.46,1.1,75.55,-23.658265241652465,467.85,1031.73,115.5
1990-03-03 09:30:00+05:30,-17.53,1.03,76.1,-20.728657124080204,665.95,974.86,165.8
1990-03-03 10:30:00+05:30,-14.11,0.9,70.2,-18.361370074828358,824.1,1014.2,169.6
1990-03-03 11:30:00+05:30,-11.62,0.83,70.6,-15.894984289749651,907.05,1052.51,139.4
1990-03-03 12:30:00+05:30,-9.23,0.69,65.25,-14.557951218502115,909.0,1013.66,139.25
1990-03-03 13:30:00+05:30,-8.07,0.62,62.75,-13.930374291228363,835.65,978.51,118.05
1990-03-03 14:30:00+05:30,-7.32,0.55,60.25,-13.71790424251877,691.05,897.06,105.2
1990-03-03 15:30:00+05:30,-6.89,0.48,57.85,-13.810991265965425,488.0,760.59,89.45
1990-03-03 16:30:00+05:30,-6.89,0.48,57.85,-13.810991265965425,252.5,543.78,59.5
1990-03-03 17:30:00+05:30,-7.44,0.34,57.7,-14.360991878100176,41.4,157.59,16.6
1990-03-03 18:30:00+05:30,-8.74,0.41,60.0,-15.112584524102294,0.0,0.0,0.0
1990-03-03 19:30:00+05:30,-10.33,0.55,70.8,-14.617841102481753,0.0,0.0,0.0
1990-03-03 20:30:00+05:30,-11.81,0.62,76.9,-15.04479642153915,0.0,0.0,0.0
1990-03-03 21:30:00+05:30,-13.17,0.69,80.15,-15.869201944361924,0.0,0.0,0.0
1990-03-03 22:30:00+05:30,-14.57,0.76,80.0,-17.25893526056608,0.0,0.0,0.0
1990-03-03 23:30:00+05:30,-16.28,0.9,83.4,-18.439668412826993,0.0,0.0,0.0
1990-03-04 00:30:00+05:30,-16.92,0.9,83.3,-19.08161536683295,0.0,0.0,0.0
1990-03-04 01:30:00+05:30,-17.69,0.97,83.25,-19.84398126453828,0.0,0.0,0.0
1990-03-04 02:30:00+05:30,-18.76,1.03,79.45,-21.430980459042466,0.0,0.0,0.0
1990-03-04 03:30:00+05:30,-19.68,1.1,79.3,-22.350752777652616,0.0,0.0,0.0
1990-03-04 04:30:00+05:30,-21.03,1.17,82.8,-23.18214357258321,0.0,0.0,0.0
1990-03-04 05:30:00+05:30,-21.89,1.17,86.55,-23.528117146653297,0.0,0.0,0.0
1990-03-04 06:30:00+05:30,-22.03,1.17,82.65,-24.183190557190496,0.0,0.0,0.0
1990-03-04 07:30:00+05:30,-21.82,1.17,75.4,-25.001666419995342,226.45,942.46,87.85
1990-03-04 08:30:00+05:30,-21.07,1.1,75.45,-24.2657008400614,477.35,1062.72,109.4
1990-03-04 09:30:00+05:30,-18.14,1.03,72.65,-21.85302280563085,686.85,1104.62,114.9
1990-03-04 10:30:00+05:30,-14.95,0.97,70.0,-19.203924971599818,828.25,1029.15,159.3
1990-03-04 11:30:00+05:30,-12.36,0.83,70.4,-16.641921225935018,916.9,1078.69,125.25
1990-03-04 12:30:00+05:30,-9.48,0.62,65.15,-14.815360300076868,917.15,1038.82,123.75
1990-03-04 13:30:00+05:30,-8.25,0.55,65.4,-13.593944736142685,840.25,971.91,123.45
1990-03-04 14:30:00+05:30,-7.45,0.41,60.25,-13.840947270354034,696.65,898.18,106.55
1990-03-04 15:30:00+05:30,-7.04,0.48,57.85,-13.952333344105371,494.05,773.51,85.9
1990-03-04 16:30:00+05:30,-7.05,0.48,55.45,-14.480004049890045,257.3,552.69,59.25
1990-03-04 17:30:00+05:30,-7.58,0.28,57.7,-14.492892414683682,43.0,159.75,17.35
1990-03-04 18:30:00+05:30,-8.85,0.34,62.5,-14.720649635772338,0.0,0.0,0.0
1990-03-04 19:30:00+05:30,-10.38,0.48,67.8,-15.192306296659838,0.0,0.0,0.0
1990-03-04 20:30:00+05:30,-11.7,0.62,73.75,-15.445082303128126,0.0,0.0,0.0
1990-03-04 21:30:00+05:30,-12.96,0.76,80.15,-15.664105257194283,0.0,0.0,0.0
1990-03-04 22:30:00+05:30,-14.87,0.83,83.55,-17.03503144951037,0.0,0.0,0.0
1990-03-04 23:30:00+05:30,-17.01,0.97,83.3,-19.169903803103306,0.0,0.0,0.0
1990-03-05 00:30:00+05:30,-16.53,0.9,83.35,-18.691984713092058,0.0,0.0,0.0
1990-03-05 01:30:00+05:30,-17.96,1.03,83.2,-20.115824010698542,0.0,0.0,0.0
1990-03-05 02:30:00+05:30,-18.79,1.03,79.45,-21.460270464234583,0.0,0.0,0.0
1990-03-05 03:30:00+05:30,-20.22,1.17,82.9,-22.37406503726104,0.0,0.0,0.0
1990-03-05 04:30:00+05:30,-20.75,1.17,79.15,-23.416722504479583,0.0,0.0,0.0
1990-03-05 05:30:00+05:30,-20.44,1.17,75.55,-23.6388356961585,0.0,0.0,0.0
1990-03-05 06:30:00+05:30,-19.23,1.17,66.05,-23.980332803007933,0.0,0.0,0.0
1990-03-05 07:30:00+05:30,-18.99,1.17,66.05,-23.750414276722715,230.2,900.5,93.55
1990-03-05 08:30:00+05:30,-17.76,1.1,63.45,-23.027311133962616,459.6,893.21,146.1
1990-03-05 09:30:00+05:30,-15.58,1.1,73.1,-19.30510491633989,663.25,901.01,192.45
1990-03-05 10:30:00+05:30,-11.91,0.97,70.5,-16.19141980346277,808.5,895.4,222.3
1990-03-05 11:30:00+05:30,-9.27,0.9,68.0,-14.091777609972741,897.95,942.32,202.1
1990-03-05 12:30:00+05:30,-7.16,0.76,60.4,-13.53588074398641,876.35,822.28,244.75
1990-03-05 13:30:00+05:30,-6.03,0.62,55.7,-13.467960658982099,765.3,587.54,329.55
1990-03-05 14:30:00+05:30,-5.39,0.62,51.25,-13.893432069969313,564.1,423.98,283.9
1990-03-05 15:30:00+05:30,-4.95,0.55,49.25,-13.973337839619642,346.0,148.79,266.95
1990-03-05 16:30:00+05:30,-4.96,0.55,49.25,-13.982594485473598,159.55,78.51,131.15
1990-03-05 17:30:00+05:30,-5.37,0.55,51.25,-13.874837308481741,27.65,5.8,26.7
1990-03-05 18:30:00+05:30,-6.19,0.48,53.35,-14.146872838855145,0.0,0.0,0.0
1990-03-05 19:30:00+05:30,-7.13,0.48,60.4,-13.507480198903595,0.0,0.0,0.0
1990-03-05 20:30:00+05:30,-7.93,0.55,65.5,-13.26950866845748,0.0,0.0,0.0
1990-03-05 21:30:00+05:30,-8.9,0.62,68.15,-13.709822323255212,0.0,0.0,0.0
1990-03-05 22:30:00+05:30,-10.03,0.69,70.9,-14.311549544666992,0.0,0.0,0.0
1990-03-05 23:30:00+05:30,-11.04,0.76,73.8,-14.798053228918205,0.0,0.0,0.0
1990-03-06 00:30:00+05:30,-11.96,0.76,76.9,-15.190631675663763,0.0,0.0,0.0
1990-03-06 01:30:00+05:30,-12.9,0.83,80.15,-15.605507011356162,0.0,0.0,0.0
1990-03-06 02:30:00+05:30,-14.04,0.9,80.1,-16.726401581390768,0.0,0.0,0.0
1990-03-06 03:30:00+05:30,-14.62,0.97,80.0,-17.30776578776506,0.0,0.0,0.0
1990-03-06 04:30:00+05:30,-14.96,0.97,79.95,-17.64723982944489,0.0,0.0,0.0
1990-03-06 05:30:00+05:30,-15.37,0.97,79.85,-18.062446664220488,0.0,0.0,0.0
1990-03-06 06:30:00+05:30,-15.18,1.03,73.2,-18.90206343555192,0.0,0.0,0.0
1990-03-06 07:30:00+05:30,-15.01,1.03,70.0,-19.26170887030111,197.05,379.94,137.6
1990-03-06 08:30:00+05:30,-13.79,0.97,67.3,-18.55091412899963,426.7,592.96,215.75
1990-03-06 09:30:00+05:30,-11.54,0.9,80.35,-14.246905127666501,673.05,924.94,185.35
1990-03-06 10:30:00+05:30,-8.5,0.83,68.25,-13.308019575056406,804.6,861.99,236.25
1990-03-06 11:30:00+05:30,-6.33,0.62,65.8,-11.684446096846646,740.2,323.5,499.85
1990-03-06 12:30:00+05:30,-5.18,0.69,58.35,-12.092887982692806,702.65,241.83,515.85
1990-03-06 13:30:00+05:30,-4.43,0.62,53.75,-12.410735682184633,662.55,254.98,472.4
1990-03-06 14:30:00+05:30,-3.76,0.55,53.9,-11.750029005384876,500.85,167.21,389.7
1990-03-06 15:30:00+05:30,-3.49,0.41,49.65,-12.521816209661331,325.9,86.0,279.9
1990-03-06 16:30:00+05:30,-3.49,0.41,49.65,-12.521816209661331,145.8,24.65,136.8
1990-03-06 17:30:00+05:30,-3.98,0.62,56.2,-11.433161300402823,28.05,3.9,27.4
1990-03-06 18:30:00+05:30,-4.7,0.34,58.5,-11.608282042146612,0.0,0.0,0.0
1990-03-06 19:30:00+05:30,-5.4,0.34,66.05,-10.748318533852347,0.0,0.0,0.0
1990-03-06 20:30:00+05:30,-6.21,0.41,68.75,-11.019598179682392,0.0,0.0,0.0
1990-03-06 21:30:00+05:30,-6.88,0.41,71.5,-11.171175239084056,0.0,0.0,0.0
1990-03-06 22:30:00+05:30,-7.48,0.48,71.4,-11.767091082864331,0.0,0.0,0.0
1990-03-06 23:30:00+05:30,-8.1,0.55,74.35,-11.860420399780194,0.0,0.0,0.0
1990-03-07 00:30:00+05:30,-8.62,0.55,71.2,-12.90079486649012,0.0,0.0,0.0
1990-03-07 01:30:00+05:30,-9.06,0.55,74.15,-12.82335990742874,0.0,0.0,0.0
1990-03-07 02:30:00+05:30,-9.49,0.55,74.1,-13.247976592928026,0.0,0.0,0.0
1990-03-07 03:30:00+05:30,-9.65,0.55,74.1,-13.402872444320098,0.0,0.0,0.0
1990-03-07 04:30:00+05:30,-9.78,0.48,77.2,-13.023307509248045,0.0,0.0,0.0
1990-03-07 05:30:00+05:30,-10.09,0.48,74.0,-13.845426268667966,0.0,0.0,0.0
1990-03-07 06:30:00+05:30,-9.94,0.48,74.0,-13.700223508183534,0.0,0.0,0.0
1990-03-07 07:30:00+05:30,-10.05,0.48,70.9,-14.330821577033362,190.2,331.83,136.7
1990-03-07 08:30:00+05:30,-9.44,0.34,71.0,-13.72573967282861,402.4,411.73,253.95
1990-03-07 09:30:00+05:30,-7.42,0.14,71.4,-11.709254697956936,624.5,658.04,274.4
1990-03-07 10:30:00+05:30,-5.71,0.62,66.05,-11.044535134616627,767.4,770.84,255.55
1990-03-07 11:30:00+05:30,-4.56,0.9,63.55,-10.434454379795042,871.95,812.6,264.55
1990-03-07 12:30:00+05:30,-4.23,0.97,63.55,-10.12051723356799,886.2,944.26,152.75
1990-03-07 13:30:00+05:30,-3.59,1.03,58.75,-10.507965217694005,817.65,833.53,192.65
1990-03-07 14:30:00+05:30,-3.34,1.03,58.75,-10.272204497656272,666.1,729.27,178.55
1990-03-07 15:30:00+05:30,-3.2,1.03,58.75,-10.140184702585211,456.0,588.08,139.35
1990-03-07 16:30:00+05:30,-3.3,0.9,56.35,-10.761354247679924,232.8,351.25,103.4
1990-03-07 17:30:00+05:30,-3.7,0.76,58.6,-10.643961770176862,45.3,140.6,21.4
1990-03-07 18:30:00+05:30,-5.2,0.62,63.45,-11.06316133727487,0.0,0.0,0.0
1990-03-07 19:30:00+05:30,-5.94,0.34,68.75,-10.760455637296205,0.0,0.0,0.0
1990-03-07 20:30:00+05:30,-6.54,0.28,68.65,-11.354597823521768,0.0,0.0,0.0
1990-03-07 21:30:00+05:30,-7.18,0.21,71.5,-11.460382210494686,0.0,0.0,0.0
1990-03-07 22:30:00+05:30,-7.79,0.14,74.35,-11.56026763517355,0.0,0.0,0.0
1990-03-07 23:30:00+05:30,-8.33,0.21,74.25,-12.099891905114601,0.0,0.0,0.0
1990-03-08 00:30:00+05:30,-9.45,0.41,74.1,-13.2092531632988,0.0,0.0,0.0
1990-03-08 01:30:00+05:30,-9.79,0.41,77.2,-13.033031457155255,0.0,0.0,0.0
1990-03-08 02:30:00+05:30,-9.83,0.34,77.2,-13.071927364630799,0.0,0.0,0.0
1990-03-08 03:30:00+05:30,-9.78,0.28,77.2,-13.023307509248045,0.0,0.0,0.0
1990-03-08 04:30:00+05:30,-9.95,0.28,77.2,-13.188616199196964,0.0,0.0,0.0
1990-03-08 05:30:00+05:30,-10.07,0.34,77.2,-13.305306702000273,0.0,0.0,0.0
1990-03-08 06:30:00+05:30,-10.24,0.34,77.2,-13.47062110340566,0.0,0.0,0.0
1990-03-08 07:30:00+05:30,-10.51,0.41,77.15,-13.741143871633456,248.1,945.7,91.1
1990-03-08 08:30:00+05:30,-9.73,0.41,74.1,-13.480321649765905,484.35,980.13,126.25
1990-03-08 09:30:00+05:30,-8.57,0.76,74.25,-12.332250501059132,702.8,1052.71,137.7
1990-03-08 10:30:00+05:30,-6.84,1.03,65.7,-12.190600998964348,826.15,912.55,215.95
1990-03-08 11:30:00+05:30,-5.69,1.38,55.8,-13.126826173847327,929.1,1013.4,167.05
1990-03-08 12:30:00+05:30,-4.89,1.38,51.4,-13.392597344771984,901.4,876.02,217.2
1990-03-08 13:30:00+05:30,-4.35,1.66,43.45,-14.950988148517716,784.35,596.79,334.45
1990-03-08 14:30:00+05:30,-3.85,1.59,41.75,-14.980398063845001,651.15,599.48,248.1
1990-03-08 15:30:00+05:30,-3.79,1.31,38.3,-15.969485720099948,459.05,520.23,177.1
1990-03-08 16:30:00+05:30,-3.93,1.1,36.65,-16.62419242949987,253.25,444.32,88.1
1990-03-08 17:30:00+05:30,-4.54,0.62,45.35,-14.603958413579837,50.65,167.85,21.6
1990-03-08 18:30:00+05:30,-5.09,0.28,34.8,-18.277528686660865,0.0,0.0,0.0
1990-03-08 19:30:00+05:30,-6.29,0.14,39.25,-17.933044431836205,0.0,0.0,0.0
1990-03-08 20:30:00+05:30,-7.44,0.14,42.55,-18.022166867013183,0.0,0.0,0.0
1990-03-08 21:30:00+05:30,-8.44,0.21,48.25,-17.449832622385912,0.0,0.0,0.0
1990-03-08 22:30:00+05:30,-9.12,0.28,50.3,-17.585701729506475,0.0,0.0,0.0
1990-03-08 23:30:00+05:30,-9.68,0.34,52.4,-17.621491034102316,0.0,0.0,0.0
1990-03-09 00:30:00+05:30,-10.59,0.48,52.15,-18.527069096737094,0.0,0.0,0.0
1990-03-09 01:30:00+05:30,-10.99,0.48,54.35,-18.414261392356373,0.0,0.0,0.0
1990-03-09 02:30:00+05:30,-11.49,0.48,56.7,-18.384859991393792,0.0,0.0,0.0
1990-03-09 03:30:00+05:30,-11.85,0.48,61.8,-17.706768220664333,0.0,0.0,0.0
1990-03-09 04:30:00+05:30,-12.04,0.55,61.8,-17.88727056509264,0.0,0.0,0.0
1990-03-09 05:30:00+05:30,-12.3,0.55,64.5,-17.627859540716603,0.0,0.0,0.0
1990-03-09 06:30:00+05:30,-13.37,0.62,61.55,-19.198453043072796,0.0,0.0,0.0
1990-03-09 07:30:00+05:30,-13.4,0.62,61.55,-19.22695032407156,214.35,383.72,148.8
1990-03-09 08:30:00+05:30,-12.71,0.55,67.4,-17.497748998498977,407.7,408.85,256.35
1990-03-09 09:30:00+05:30,-10.4,0.48,73.9,-14.162070760617725,582.85,351.57,392.45
1990-03-09 10:30:00+05:30,-8.35,0.48,62.65,-14.216103721154454,707.65,407.75,433.1
1990-03-09 11:30:00+05:30,-7.04,0.48,53.1,-14.99791014509282,826.05,458.85,478.95
1990-03-09 12:30:00+05:30,-6.32,0.41,55.55,-13.773177218614748,836.25,521.91,426.4
1990-03-09 13:30:00+05:30,-5.69,0.21,51.25,-14.172366922335678,756.15,516.18,364.95
1990-03-09 14:30:00+05:30,-5.09,0.28,51.4,-13.578581399619248,612.7,404.39,339.3
1990-03-09 15:30:00+05:30,-4.77,0.48,51.4,-13.281012261544117,417.75,340.53,232.0
1990-03-09 16:30:00+05:30,-4.61,0.48,49.4,-13.621245224935176,231.0,298.84,118.95
1990-03-09 17:30:00+05:30,-4.94,0.48,51.4,-13.439092313597722,44.2,75.51,30.9
1990-03-09 18:30:00+05:30,-5.87,0.41,53.35,-13.848018749944256,0.0,0.0,0.0
1990-03-09 19:30:00+05:30,-7.13,0.48,55.45,-14.555048300759168,0.0,0.0,0.0
1990-03-09 20:30:00+05:30,-8.33,0.55,62.65,-14.197090738961997,0.0,0.0,0.0
1990-03-09 21:30:00+05:30,-9.48,0.62,65.15,-14.815360300076868,0.0,0.0,0.0
1990-03-09 22:30:00+05:30,-10.4,0.69,67.8,-15.211487811385448,0.0,0.0,0.0
1990-03-09 23:30:00+05:30,-11.18,0.69,70.7,-15.453974819405845,0.0,0.0,0.0
1990-03-10 00:30:00+05:30,-12.12,0.69,73.65,-15.867969323070653,0.0,0.0,0.0
1990-03-10 01:30:00+05:30,-12.88,0.69,76.75,-16.108636814423633,0.0,0.0,0.0
1990-03-10 02:30:00+05:30,-13.86,0.76,80.1,-16.55060013684091,0.0,0.0,0.0
1990-03-10 03:30:00+05:30,-14.89,0.83,83.55,-17.054653851202403,0.0,0.0,0.0
1990-03-10 04:30:00+05:30,-15.32,0.9,79.85,-18.01362199695151,0.0,0.0,0.0
1990-03-10 05:30:00+05:30,-15.78,0.9,76.4,-18.981987657031034,0.0,0.0,0.0
1990-03-10 06:30:00+05:30,-16.01,0.9,79.8,-18.694789607795613,0.0,0.0,0.0
1990-03-10 07:30:00+05:30,-16.2,0.97,76.35,-19.397899908729777,269.35,1001.32,93.45
1990-03-10 08:30:00+05:30,-15.16,0.9,73.2,-18.882711295935522,519.55,1067.39,119.25
1990-03-10 09:30:00+05:30,-13.01,0.83,80.15,-15.712937402922016,724.75,1071.47,139.35
1990-03-10 10:30:00+05:30,-9.58,0.76,71.0,-13.860652987997211,862.1,961.62,210.15
1990-03-10 11:30:00+05:30,-7.27,0.62,62.9,-13.140358346260435,924.05,892.88,244.65
1990-03-10 12:30:00+05:30,-6.12,0.34,55.7,-13.552403302535483,922.1,814.29,279.2
1990-03-10 13:30:00+05:30,-5.23,0.07,49.1,-14.269833771548567,854.55,847.94,208.55
1990-03-10 14:30:00+05:30,-4.44,0.21,43.45,-15.033175234380138,644.9,487.65,313.4
1990-03-10 15:30:00+05:30,-4.05,0.41,40.0,-15.680481923199503,475.55,532.22,183.4
1990-03-10 16:30:00+05:30,-3.94,0.41,36.65,-16.633159183625633,249.0,359.62,113.0
1990-03-10 17:30:00+05:30,-4.31,0.28,39.85,-15.961077716380313,49.7,116.92,28.75
1990-03-10 18:30:00+05:30,-5.25,0.21,39.55,-16.90206651637497,0.0,0.0,0.0
1990-03-10 19:30:00+05:30,-6.54,0.41,42.85,-17.11757401983279,0.0,0.0,0.0
1990-03-10 20:30:00+05:30,-7.8,0.48,48.4,-16.82099186241111,0.0,0.0,0.0
1990-03-10 21:30:00+05:30,-8.91,0.62,52.55,-16.868917449645565,0.0,0.0,0.0
1990-03-10 22:30:00+05:30,-9.91,0.62,54.65,-17.336903771175365,0.0,0.0,0.0
1990-03-10 23:30:00+05:30,-10.9,0.69,56.8,-17.808623876424175,0.0,0.0,0.0
1990-03-11 00:30:00+05:30,-11.72,0.69,59.25,-18.082517621031656,0.0,0.0,0.0
1990-03-11 01:30:00+05:30,-12.6,0.69,61.7,-18.438406884584168,0.0,0.0,0.0
1990-03-11 02:30:00+05:30,-13.33,0.76,61.55,-19.160456962091967,0.0,0.0,0.0
1990-03-11 03:30:00+05:30,-13.85,0.76,61.45,-19.67338540636636,0.0,0.0,0.0
1990-03-11 04:30:00+05:30,-14.26,0.83,58.75,-20.58349863121277,0.0,0.0,0.0
1990-03-11 05:30:00+05:30,-14.76,0.83,61.35,-20.556666496440634,0.0,0.0,0.0
1990-03-11 06:30:00+05:30,-15.48,0.83,63.9,-20.771628144463392,0.0,0.0,0.0
1990-03-11 07:30:00+05:30,-15.95,0.9,66.75,-20.717357392101327,246.65,679.95,123.9
1990-03-11 08:30:00+05:30,-15.0,0.83,66.95,-19.772058429418458,510.35,991.9,133.55
1990-03-11 09:30:00+05:30,-12.16,0.76,76.9,-15.385082795848602,722.75,1037.79,150.8
1990-03-11 10:30:00+05:30,-8.98,0.69,68.15,-13.786570919781122,867.1,1031.65,162.9
1990-03-11 11:30:00+05:30,-6.93,0.62,60.4,-13.318148218407595,954.8,1077.88,129.85
1990-03-11 12:30:00+05:30,-5.61,0.76,51.25,-14.097981832772724,951.4,1008.04,151.3
1990-03-11 13:30:00+05:30,-4.79,0.69,47.2,-14.345856318735452,856.05,862.9,195.25
1990-03-11 14:30:00+05:30,-4.0,0.69,41.75,-15.116771186199943,665.8,604.35,252.75
1990-03-11 15:30:00+05:30,-3.68,0.76,38.45,-15.823267239452697,392.8,230.65,265.4
1990-03-11 16:30:00+05:30,-3.7,0.83,40.0,-15.363730333013986,181.4,49.16,162.65
1990-03-11 17:30:00+05:30,-4.22,0.69,43.45,-14.832278325215515,32.1,0.0,32.1
1990-03-11 18:30:00+05:30,-5.05,0.55,47.2,-14.585435345081514,0.0,0.0,0.0
1990-03-11 19:30:00+05:30,-5.85,0.69,49.0,-14.868463384671653,0.0,0.0,0.0
1990-03-11 20:30:00+05:30,-6.58,0.62,53.25,-14.534024922129577,0.0,0.0,0.0
1990-03-11 21:30:00+05:30,-7.15,0.62,57.85,-14.055987543808223,0.0,0.0,0.0
1990-03-11 22:30:00+05:30,-7.56,0.69,60.25,-13.945063476876404,0.0,0.0,0.0
1990-03-11 23:30:00+05:30,-8.01,0.76,60.1,-14.401465393770136,0.0,0.0,0.0
1990-03-12 00:30:00+05:30,-8.09,0.69,60.1,-14.477175616009188,0.0,0.0,0.0
1990-03-12 01:30:00+05:30,-8.35,0.76,65.4,-13.689446874793646,0.0,0.0,0.0
1990-03-12 02:30:00+05:30,-8.56,0.9,65.4,-13.890007388976302,0.0,0.0,0.0
1990-03-12 03:30:00+05:30,-8.81,0.9,68.15,-13.623481439077604,0.0,0.0,0.0
1990-03-12 04:30:00+05:30,-8.88,0.97,68.15,-13.690635342348825,0.0,0.0,0.0
1990-03-12 05:30:00+05:30,-9.04,0.83,65.25,-14.376512279650054,0.0,0.0,0.0
1990-03-12 06:30:00+05:30,-9.06,0.69,65.25,-14.39561079910145,0.0,0.0,0.0
1990-03-12 07:30:00+05:30,-9.35,0.69,65.15,-14.69123139802038,222.1,502.13,129.0
1990-03-12 08:30:00+05:30,-9.13,0.62,65.25,-14.462456203107564,432.85,411.06,274.7
1990-03-12 09:30:00+05:30,-7.65,0.76,68.45,-12.456223363246206,675.8,798.45,231.95
1990-03-12 10:30:00+05:30,-5.49,0.76,63.35,-11.358831483347164,804.75,670.1,344.25
1990-03-12 11:30:00+05:30,-3.78,0.62,58.6,-10.719389273867035,915.15,870.09,245.4
1990-03-12 12:30:00+05:30,-2.34,0.9,51.95,-10.888355213835075,898.2,747.29,301.95
1990-03-12 13:30:00+05:30,-1.64,1.38,40.55,-13.33212803869458,827.15,732.95,263.0
1990-03-12 14:30:00+05:30,-1.63,1.52,35.7,-14.882707497216817,701.5,776.67,167.85
1990-03-12 15:30:00+05:30,-1.73,1.52,34.0,-15.563340305251865,473.7,551.98,166.95
1990-03-12 16:30:00+05:30,-1.97,0.34,29.85,-17.336465305889373,218.2,258.36,118.85
1990-03-12 17:30:00+05:30,-2.27,0.48,29.7,-17.659267142248964,44.05,88.29,27.7
1990-03-12 18:30:00+05:30,-3.35,0.55,32.3,-17.61409373160557,0.0,0.0,0.0
1990-03-12 19:30:00+05:30,-4.37,0.76,38.15,-16.539058552398206,0.0,0.0,0.0
1990-03-12 20:30:00+05:30,-5.14,0.76,43.3,-15.714257012613176,0.0,0.0,0.0
1990-03-12 21:30:00+05:30,-5.67,0.9,47.05,-15.195431075891603,0.0,0.0,0.0
1990-03-12 22:30:00+05:30,-6.03,0.97,51.15,-14.512353879418388,0.0,0.0,0.0
1990-03-12 23:30:00+05:30,-6.41,0.97,53.25,-14.37526956026878,0.0,0.0,0.0
1990-03-13 00:30:00+05:30,-6.66,0.83,58.0,-13.562426048713277,0.0,0.0,0.0
1990-03-13 01:30:00+05:30,-6.9,0.83,60.4,-13.28974916931934,0.0,0.0,0.0
1990-03-13 02:30:00+05:30,-7.33,0.69,62.9,-13.197409052511476,0.0,0.0,0.0
1990-03-13 03:30:00+05:30,-7.75,0.76,62.75,-13.626142470312328,0.0,0.0,0.0
1990-03-13 04:30:00+05:30,-8.28,0.76,65.4,-13.622595183452415,0.0,0.0,0.0
1990-03-13 05:30:00+05:30,-8.72,0.76,62.65,-14.56785849223134,0.0,0.0,0.0
1990-03-13 06:30:00+05:30,-8.8,0.76,65.25,-14.147335849506895,0.0,0.0,0.0
1990-03-13 07:30:00+05:30,-8.89,0.69,65.25,-14.233275755315463,216.4,280.07,163.1
1990-03-13 08:30:00+05:30,-8.24,0.62,65.5,-13.565601476488032,409.8,290.81,296.5
1990-03-13 09:30:00+05:30,-6.74,0.62,77.7,-9.98588341233767,569.85,263.89,421.9
1990-03-13 10:30:00+05:30,-4.63,0.76,63.55,-10.501049857336378,704.9,273.2,515.9
1990-03-13 11:30:00+05:30,-3.3,0.69,58.75,-10.234484101413774,797.65,320.42,549.6
1990-03-13 12:30:00+05:30,-2.65,0.9,58.85,-9.599931322422563,837.55,416.82,503.25
1990-03-13 13:30:00+05:30,-1.84,1.1,54.3,-9.862680574571245,791.7,487.16,414.85
1990-03-13 14:30:00+05:30,-1.5,1.31,50.1,-10.565722409641655,629.05,425.66,335.05
1990-03-13 15:30:00+05:30,-1.53,1.24,48.05,-11.119641291780148,380.35,201.4,267.75
1990-03-13 16:30:00+05:30,-1.9,0.97,45.9,-12.032937316125423,209.45,151.03,150.9
1990-03-13 17:30:00+05:30,-2.36,0.9,43.85,-13.021237581452208,51.25,114.79,29.65
1990-03-13 18:30:00+05:30,-3.07,0.14,40.3,-14.702721599889053,0.0,0.0,0.0
1990-03-13 19:30:00+05:30,-4.09,0.28,43.6,-14.671596142132577,0.0,0.0,0.0
1990-03-13 20:30:00+05:30,-5.29,0.34,49.1,-14.325360937053395,0.0,0.0,0.0
1990-03-13 21:30:00+05:30,-6.47,0.41,53.25,-14.431299988272821,0.0,0.0,0.0
1990-03-13 22:30:00+05:30,-7.54,0.48,57.7,-14.4552060775114,0.0,0.0,0.0
1990-03-13 23:30:00+05:30,-8.41,0.55,62.65,-14.273143153387865,0.0,0.0,0.0
1990-03-14 00:30:00+05:30,-8.66,0.48,65.4,-13.985515263946551,0.0,0.0,0.0
1990-03-14 01:30:00+05:30,-9.19,0.55,65.25,-14.519752989127333,0.0,0.0,0.0
1990-03-14 02:30:00+05:30,-9.66,0.55,68.0,-14.46587338001479,0.0,0.0,0.0
1990-03-14 03:30:00+05:30,-10.2,0.62,70.9,-14.475363756190637,0.0,0.0,0.0
1990-03-14 04:30:00+05:30,-10.5,0.62,70.8,-14.781638402175663,0.0,0.0,0.0
1990-03-14 05:30:00+05:30,-10.87,0.62,73.8,-14.633516198060066,0.0,0.0,0.0
1990-03-14 06:30:00+05:30,-11.56,0.62,70.6,-15.837180080388293,0.0,0.0,0.0
1990-03-14 07:30:00+05:30,-11.77,0.62,70.6,-16.039497233939596,255.8,606.49,137.4
1990-03-14 08:30:00+05:30,-11.07,0.55,73.8,-14.827089580726193,503.0,838.23,172.35
1990-03-14 09:30:00+05:30,-8.7,0.41,71.2,-12.977901208052467,719.65,904.31,208.35
1990-03-14 10:30:00+05:30,-6.67,0.34,65.8,-12.009253903091519,889.2,1021.99,177.5
1990-03-14 11:30:00+05:30,-5.4,0.62,63.35,-11.273222910950269,970.15,1071.63,135.9
1990-03-14 12:30:00+05:30,-4.6,0.55,56.1,-12.037366492194371,962.2,986.95,166.6
1990-03-14 13:30:00+05:30,-4.0,0.76,56.2,-11.451934115621867,868.85,881.29,183.75
1990-03-14 14:30:00+05:30,-3.85,0.9,56.2,-11.311140386887377,664.5,531.07,295.8
1990-03-14 15:30:00+05:30,-3.74,0.97,53.9,-11.731342004065839,482.4,520.99,189.4
1990-03-14 16:30:00+05:30,-3.95,0.83,53.9,-11.927560717148138,239.7,266.65,135.5
1990-03-14 17:30:00+05:30,-4.21,0.62,53.75,-12.20520771969547,49.1,75.35,34.7
1990-03-14 18:30:00+05:30,-4.8,0.41,53.65,-12.77949150475198,0.0,0.0,0.0
1990-03-14 19:30:00+05:30,-5.7,0.28,58.2,-12.61507315294101,0.0,0.0,0.0
1990-03-14 20:30:00+05:30,-6.54,0.07,63.1,-12.406859582826115,0.0,0.0,0.0
1990-03-14 21:30:00+05:30,-7.58,0.21,65.6,-12.916360866716477,0.0,0.0,0.0
1990-03-14 22:30:00+05:30,-9.05,0.41,74.15,-12.813678901099957,0.0,0.0,0.0
1990-03-14 23:30:00+05:30,-10.64,0.55,80.5,-13.344877467999906,0.0,0.0,0.0
1990-03-15 00:30:00+05:30,-11.01,0.55,77.05,-14.243225852027848,0.0,0.0,0.0
1990-03-15 01:30:00+05:30,-11.99,0.55,76.9,-15.219799043904006,0.0,0.0,0.0
1990-03-15 02:30:00+05:30,-13.31,0.62,80.15,-16.005935512048197,0.0,0.0,0.0
1990-03-15 03:30:00+05:30,-14.48,0.69,83.6,-16.645238169263845,0.0,0.0,0.0
1990-03-15 04:30:00+05:30,-15.1,0.69,79.95,-17.783962433259074,0.0,0.0,0.0
1990-03-15 05:30:00+05:30,-15.52,0.69,79.85,-18.208922186659912,0.0,0.0,0.0
1990-03-15 06:30:00+05:30,-16.42,0.69,76.25,-19.627028686201882,0.0,0.0,0.0
1990-03-15 07:30:00+05:30,-16.63,0.69,76.25,-19.8311318254916,257.9,832.39,91.3
1990-03-15 08:30:00+05:30,-15.48,0.55,79.85,-18.169861824314783,506.85,951.97,126.7
1990-03-15 09:30:00+05:30,-12.59,0.34,80.25,-15.287647330834059,689.65,799.19,234.0
1990-03-15 10:30:00+05:30,-10.22,0.28,74.0,-13.97127109791354,709.8,644.85,257.8
1990-03-15 11:30:00+05:30,-9.07,0.76,71.1,-13.35185304638552,952.35,966.13,196.05
1990-03-15 12:30:00+05:30,-7.34,0.97,71.4,-11.632140351623203,946.35,831.11,273.0
1990-03-15 13:30:00+05:30,-6.85,1.17,68.55,-11.670347053837922,855.9,778.25,247.95
1990-03-15 14:30:00+05:30,-6.16,1.31,63.25,-12.015888088674645,695.9,652.29,240.75
1990-03-15 15:30:00+05:30,-5.9,1.38,63.25,-11.768586540517743,499.95,621.93,148.15
1990-03-15 16:30:00+05:30,-5.99,1.03,60.6,-12.387327954776296,273.65,478.36,85.25
1990-03-15 17:30:00+05:30,-6.43,0.62,60.5,-12.824377149752094,63.3,188.64,26.7
1990-03-15 18:30:00+05:30,-7.42,0.28,62.9,-13.282986466588468,0.0,0.0,0.0
1990-03-15 19:30:00+05:30,-8.72,0.41,68.25,-13.519099191323606,0.0,0.0,0.0
1990-03-15 20:30:00+05:30,-10.12,0.48,77.2,-13.35392823720515,0.0,0.0,0.0
1990-03-15 21:30:00+05:30,-11.44,0.48,83.9,-13.618884257539607,0.0,0.0,0.0
1990-03-15 22:30:00+05:30,-12.59,0.62,87.45,-14.241748154381268,0.0,0.0,0.0
1990-03-15 23:30:00+05:30,-13.6,0.62,83.7,-15.767434252083088,0.0,0.0,0.0
1990-03-16 00:30:00+05:30,-16.84,0.9,87.1,-18.47886946591062,0.0,0.0,0.0
1990-03-16 01:30:00+05:30,-18.69,0.97,83.1,-20.84580547579738,0.0,0.0,0.0
1990-03-16 02:30:00+05:30,-19.32,0.97,79.35,-21.99211959680601,0.0,0.0,0.0
1990-03-16 03:30:00+05:30,-19.76,0.97,79.3,-22.428852079893712,0.0,0.0,0.0
1990-03-16 04:30:00+05:30,-19.58,0.97,83.0,-21.732600099264445,0.0,0.0,0.0
1990-03-16 05:30:00+05:30,-18.95,0.97,75.8,-22.153827800416646,0.0,0.0,0.0
1990-03-16 06:30:00+05:30,-20.65,0.83,72.15,-24.358483985061536,0.0,0.0,0.0
1990-03-16 07:30:00+05:30,-20.38,0.83,68.85,-24.62043428705831,302.75,1023.75,92.8
1990-03-16 08:30:00+05:30,-19.18,0.83,69.2,-23.408682805305563,555.45,1085.99,116.5
1990-03-16 09:30:00+05:30,-16.74,0.83,63.65,-22.01862871862068,767.05,1132.26,116.15
1990-03-16 10:30:00+05:30,-14.46,0.69,64.15,-19.753130550985322,913.55,1122.72,121.5
1990-03-16 11:30:00+05:30,-12.48,0.62,64.5,-17.79964890297594,985.5,1071.52,142.1
1990-03-16 12:30:00+05:30,-11.35,0.55,61.95,-17.20291826466247,984.9,1055.82,125.25
1990-03-16 13:30:00+05:30,-10.16,0.48,57.1,-17.049235024373647,905.25,1003.73,117.4
1990-03-16 14:30:00+05:30,-9.36,0.48,54.75,-16.79955867945068,755.25,926.06,105.85
1990-03-16 15:30:00+05:30,-8.74,0.55,52.7,-16.6761652526871,547.35,805.77,88.95
1990-03-16 16:30:00+05:30,-8.57,0.62,50.45,-17.03929840990918,301.7,586.58,68.9
1990-03-16 17:30:00+05:30,-8.96,0.41,50.3,-17.437073016086924,69.25,228.52,24.25
1990-03-16 18:30:00+05:30,-10.1,0.28,52.3,-18.03601861130578,0.0,0.0,0.0
1990-03-16 19:30:00+05:30,-11.61,0.41,56.7,-18.497824052935755,0.0,0.0,0.0
1990-03-16 20:30:00+05:30,-12.99,0.55,61.55,-18.837503824568326,0.0,0.0,0.0
1990-03-16 21:30:00+05:30,-14.19,0.62,61.45,-19.996345135500487,0.0,0.0,0.0
1990-03-16 22:30:00+05:30,-15.26,0.69,64.05,-20.534627962436865,0.0,0.0,0.0
1990-03-16 23:30:00+05:30,-16.14,0.76,66.75,-20.89946963965102,0.0,0.0,0.0
1990-03-17 00:30:00+05:30,-16.64,0.83,63.65,-21.923238841849905,0.0,0.0,0.0
1990-03-17 01:30:00+05:30,-17.22,0.83,63.55,-22.4943949653123,0.0,0.0,0.0
1990-03-17 02:30:00+05:30,-17.68,0.83,63.45,-22.951007723771884,0.0,0.0,0.0
1990-03-17 03:30:00+05:30,-18.17,0.83,63.3,-23.4450521574015,0.0,0.0,0.0
1990-03-17 04:30:00+05:30,-18.62,0.83,63.2,-23.891954302175527,0.0,0.0,0.0
1990-03-17 05:30:00+05:30,-19.05,0.9,63.05,-24.32857127711039,0.0,0.0,0.0
1990-03-17 06:30:00+05:30,-18.31,0.9,60.45,-24.09568197653314,0.0,0.0,0.0
1990-03-17 07:30:00+05:30,-18.32,0.9,60.45,-24.105173893259074,320.45,1160.85,76.65
1990-03-17 08:30:00+05:30,-17.14,0.76,63.55,-22.41808772249584,564.15,1131.4,101.35
1990-03-17 09:30:00+05:30,-13.63,0.69,67.3,-18.397490626646785,770.65,1128.32,116.7
1990-03-17 10:30:00+05:30,-10.41,0.55,64.95,-15.740564687347023,916.85,1113.55,126.25
1990-03-17 11:30:00+05:30,-8.2,0.41,57.6,-15.098134267384669,990.35,1099.3,120.4
1990-03-17 12:30:00+05:30,-6.65,0.21,53.25,-14.59939700735227,986.4,1058.56,120.3
1990-03-17 13:30:00+05:30,-5.94,0.28,49.0,-14.951752937471559,906.05,1003.14,114.95
1990-03-17 14:30:00+05:30,-5.34,0.48,47.05,-14.891393217708544,755.5,919.49,107.55
1990-03-17 15:30:00+05:30,-4.99,0.48,45.2,-15.057061466087626,548.3,801.44,89.8
1990-03-17 16:30:00+05:30,-4.99,0.48,45.2,-15.057061466087626,304.35,594.67,66.55
1990-03-17 17:30:00+05:30,-5.41,0.28,45.05,-15.482546632334115,70.75,230.24,24.75
1990-03-17 18:30:00+05:30,-6.57,0.07,46.75,-16.101780060980193,0.0,0.0,0.0
1990-03-17 19:30:00+05:30,-8.26,0.34,55.05,-15.702660775610372,0.0,0.0,0.0
1990-03-17 20:30:00+05:30,-9.9,0.48,59.65,-16.280807069776195,0.0,0.0,0.0
1990-03-17 21:30:00+05:30,-11.39,0.62,64.7,-16.722425859071393,0.0,0.0,0.0
1990-03-17 22:30:00+05:30,-12.68,0.69,67.4,-17.468982878520755,0.0,0.0,0.0
1990-03-17 23:30:00+05:30,-13.78,0.76,67.3,-18.541325029896466,0.0,0.0,0.0
1990-03-18 00:30:00+05:30,-14.37,0.76,67.05,-19.1506996636832,0.0,0.0,0.0
1990-03-18 01:30:00+05:30,-15.23,0.76,66.95,-19.99254095688445,0.0,0.0,0.0
1990-03-18 02:30:00+05:30,-15.96,0.83,66.75,-20.726942087855385,0.0,0.0,0.0
1990-03-18 03:30:00+05:30,-16.65,0.83,66.6,-21.414145919952457,0.0,0.0,0.0
1990-03-18 04:30:00+05:30,-17.25,0.83,66.5,-22.00635067012052,0.0,0.0,0.0
1990-03-18 05:30:00+05:30,-17.72,0.83,66.4,-22.473888661634625,0.0,0.0,0.0
1990-03-18 06:30:00+05:30,-17.83,0.83,66.4,-22.579298679656127,32.0,0.0,32.0
1990-03-18 07:30:00+05:30,-17.96,0.83,66.3,-22.72096866666488,326.6,1185.1,71.85
1990-03-18 08:30:00+05:30,-16.54,0.76,69.7,-20.784962329214732,562.85,1099.29,107.85
1990-03-18 09:30:00+05:30,-13.06,0.62,76.75,-16.283625877684823,770.0,1128.84,110.45
1990-03-18 10:30:00+05:30,-10.05,0.48,70.9,-14.330821577033362,911.95,1096.29,128.7
1990-03-18 11:30:00+05:30,-8.04,0.21,62.75,-13.901851680658408,984.15,1028.49,165.9
1990-03-18 12:30:00+05:30,-6.91,0.21,60.4,-13.299215497335211,977.3,983.42,168.8
1990-03-18 13:30:00+05:30,-6.2,0.48,55.7,-13.627465118616437,900.4,960.89,139.1
1990-03-18 14:30:00+05:30,-5.71,0.55,53.5,-13.66409913213813,754.05,917.48,104.4
1990-03-18 15:30:00+05:30,-5.45,0.55,53.5,-13.421238087394416,548.9,804.26,86.25
1990-03-18 16:30:00+05:30,-5.45,0.41,53.5,-13.421238087394416,305.95,598.23,64.95
1990-03-18 17:30:00+05:30,-5.79,0.28,53.35,-13.773309463530596,72.05,228.24,25.8
1990-03-18 18:30:00+05:30,-6.84,0.21,55.45,-14.28302050758811,0.0,0.0,0.0
1990-03-18 19:30:00+05:30,-8.28,0.21,62.65,-14.149558637600148,0.0,0.0,0.0
1990-03-18 20:30:00+05:30,-9.69,0.41,68.0,-14.494651043415924,0.0,0.0,0.0
1990-03-18 21:30:00+05:30,-11.28,0.48,73.8,-15.030347447041526,0.0,0.0,0.0
1990-03-18 22:30:00+05:30,-12.83,0.62,83.7,-15.01193225691593,0.0,0.0,0.0
1990-03-18 23:30:00+05:30,-14.07,0.69,83.65,-16.235789101323768,0.0,0.0,0.0
1990-03-19 00:30:00+05:30,-15.25,0.69,83.55,-17.407862659392556,0.0,0.0,0.0
1990-03-19 01:30:00+05:30,-16.29,0.76,83.4,-18.44947891000842,0.0,0.0,0.0
1990-03-19 02:30:00+05:30,-17.15,0.76,83.3,-19.307242705122825,0.0,0.0,0.0
1990-03-19 03:30:00+05:30,-17.75,0.76,83.25,-19.902840293364033,0.0,0.0,0.0
1990-03-19 04:30:00+05:30,-18.07,0.76,83.2,-20.22372818061137,0.0,0.0,0.0
1990-03-19 05:30:00+05:30,-18.29,0.76,79.5,-20.964867997939017,0.0,0.0,0.0
1990-03-19 06:30:00+05:30,-18.9,0.76,79.35,-21.582098313129332,46.3,0.0,46.3
1990-03-19 07:30:00+05:30,-18.72,0.76,72.5,-22.43755980818014,293.35,882.43,99.3
1990-03-19 08:30:00+05:30,-17.03,0.62,76.2,-20.2275221785943,526.8,832.73,178.1
1990-03-19 09:30:00+05:30,-14.44,0.62,70.1,-18.696001635433845,760.2,1007.14,167.05
1990-03-19 10:30:00+05:30,-12.12,0.41,70.5,-16.393717884678463,914.75,1096.81,126.25
1990-03-19 11:30:00+05:30,-10.28,0.28,70.8,-14.569666264708854,986.2,1035.48,158.05
1990-03-19 12:30:00+05:30,-8.66,0.34,65.4,-13.985515263946551,985.05,1023.5,139.6
1990-03-19 13:30:00+05:30,-7.92,0.55,62.75,-13.787763053636999,911.25,996.35,118.25
1990-03-19 14:30:00+05:30,-7.24,0.62,62.9,-13.111833264069853,757.9,898.75,118.5
1990-03-19 15:30:00+05:30,-6.81,0.69,60.4,-13.204553192772591,551.5,793.26,92.7
1990-03-19 16:30:00+05:30,-6.69,0.69,58.0,-13.590700276027874,308.5,595.01,67.05
1990-03-19 17:30:00+05:30,-6.99,0.48,60.4,-13.374946901955182,74.25,233.38,26.3
1990-03-19 18:30:00+05:30,-7.91,0.34,62.75,-13.778255799151653,0.0,0.0,0.0
1990-03-19 19:30:00+05:30,-9.22,0.28,68.15,-14.016823169394888,0.0,0.0,0.0
1990-03-19 20:30:00+05:30,-10.56,0.41,73.9,-14.316941285466344,0.0,0.0,0.0
1990-03-19 21:30:00+05:30,-11.82,0.55,80.3,-14.52799476628342,0.0,0.0,0.0
1990-03-19 22:30:00+05:30,-12.99,0.62,83.7,-15.16891574455164,0.0,0.0,0.0
1990-03-19 23:30:00+05:30,-14.59,0.76,87.3,-16.233944960720244,0.0,0.0,0.0
1990-03-20 00:30:00+05:30,-14.37,0.76,80.0,-17.063615665420325,0.0,0.0,0.0
1990-03-20 01:30:00+05:30,-15.44,0.83,83.45,-17.60850111359283,0.0,0.0,0.0
1990-03-20 02:30:00+05:30,-16.85,0.9,87.1,-18.488725140394735,0.0,0.0,0.0
1990-03-20 03:30:00+05:30,-17.96,0.9,83.2,-20.115824010698542,0.0,0.0,0.0
1990-03-20 04:30:00+05:30,-18.39,0.97,83.1,-20.55154498859463,0.0,0.0,0.0
1990-03-20 05:30:00+05:30,-18.88,0.97,83.05,-21.039103973311743,0.0,0.0,0.0
1990-03-20 06:30:00+05:30,-18.61,0.97,83.1,-20.767335273670607,45.35,0.0,45.35
1990-03-20 07:30:00+05:30,-19.22,0.97,83.05,-21.372592955247605,302.95,882.15,104.6
1990-03-20 08:30:00+05:30,-17.16,1.03,79.65,-19.83972646507778,520.45,820.64,172.85
1990-03-20 09:30:00+05:30,-14.11,0.97,76.65,-17.319990607828096,731.8,875.85,211.9
1990-03-20 10:30:00+05:30,-11.56,0.83,77.0,-14.78592828729786,919.75,1091.84,130.0
1990-03-20 11:30:00+05:30,-9.44,0.76,74.1,-13.199572339217186,991.95,1056.82,142.35
1990-03-20 12:30:00+05:30,-7.82,0.41,68.35,-12.637488026704219,989.05,1029.04,135.05
1990-03-20 13:30:00+05:30,-6.91,0.48,63.0,-12.77839560771582,908.5,981.58,123.75
1990-03-20 14:30:00+05:30,-6.07,0.55,60.6,-12.463070366291719,759.3,912.85,106.85
1990-03-20 15:30:00+05:30,-5.61,0.62,58.2,-12.530240404400477,552.35,792.07,91.8
1990-03-20 16:30:00+05:30,-5.42,0.55,58.2,-12.351155197854775,310.05,593.1,67.65
1990-03-20 17:30:00+05:30,-5.62,0.41,55.8,-13.061143210628718,76.35,236.24,27.15
1990-03-20 18:30:00+05:30,-6.54,0.21,58.0,-13.449331233673204,0.0,0.0,0.0
1990-03-20 19:30:00+05:30,-7.99,0.34,65.5,-13.326815570878447,0.0,0.0,0.0
1990-03-20 20:30:00+05:30,-9.39,0.48,74.1,-13.151168418761898,0.0,0.0,0.0
1990-03-20 21:30:00+05:30,-10.71,0.55,77.15,-13.935628457032559,0.0,0.0,0.0
1990-03-20 22:30:00+05:30,-11.85,0.76,80.3,-14.55729645992254,0.0,0.0,0.0
1990-03-20 23:30:00+05:30,-12.89,0.76,83.7,-15.070800822577494,0.0,0.0,0.0
1990-03-21 00:30:00+05:30,-13.38,0.83,80.15,-16.0743030287794,0.0,0.0,0.0
1990-03-21 01:30:00+05:30,-14.13,0.83,80.1,-16.814303518605595,0.0,0.0,0.0
1990-03-21 02:30:00+05:30,-15.06,0.83,83.55,-17.221445582539175,0.0,0.0,0.0
1990-03-21 03:30:00+05:30,-16.44,0.83,87.1,-18.08464765995343,0.0,0.0,0.0
1990-03-21 04:30:00+05:30,-16.95,0.83,87.1,-18.587282232238316,0.0,0.0,0.0
1990-03-21 05:30:00+05:30,-17.67,0.9,83.25,-19.824361654790334,0.0,0.0,0.0
1990-03-21 06:30:00+05:30,-18.01,0.9,83.2,-20.164871235518227,44.75,0.0,44.75
1990-03-21 07:30:00+05:30,-17.94,0.97,83.2,-20.096205179169335,326.9,997.89,97.6
1990-03-21 08:30:00+05:30,-16.32,0.97,79.8,-18.997508460758986,564.65,982.18,143.9
1990-03-21 09:30:00+05:30,-13.4,0.97,80.15,-16.09383669473077,748.5,879.87,222.15
1990-03-21 10:30:00+05:30,-10.78,0.9,80.45,-13.489287769031378,866.6,728.66,336.35
1990-03-21 11:30:00+05:30,-8.67,0.62,71.2,-12.94898621742014,982.3,968.34,199.85
1990-03-21 12:30:00+05:30,-6.93,0.69,65.7,-12.276571762079826,960.9,830.86,268.2
1990-03-21 13:30:00+05:30,-5.62,0.62,58.2,-12.539666172843631,864.8,731.07,277.75
1990-03-21 14:30:00+05:30,-4.69,0.34,53.75,-12.653648697643323,684.2,566.85,277.2
1990-03-21 15:30:00+05:30,-4.02,0.21,51.65,-12.523483647022628,418.2,234.56,281.1
1990-03-21 16:30:00+05:30,-3.68,0.14,49.65,-12.69776892331782,214.05,108.73,169.3
1990-03-21 17:30:00+05:30,-3.75,0.48,51.65,-12.272357082835894,52.1,42.17,43.2
1990-03-21 18:30:00+05:30,-4.31,0.48,56.1,-11.765180012439876,0.0,0.0,0.0
1990-03-21 19:30:00+05:30,-5.11,0.34,58.35,-12.026896891158511,0.0,0.0,0.0
1990-03-21 20:30:00+05:30,-5.78,0.28,63.25,-11.65445188762464,0.0,0.0,0.0
1990-03-21 21:30:00+05:30,-6.59,0.41,65.8,-11.932826639295177,0.0,0.0,0.0
1990-03-21 22:30:00+05:30,-7.94,0.48,71.3,-12.22796453296168,0.0,0.0,0.0
1990-03-21 23:30:00+05:30,-9.24,0.62,74.15,-12.997620295780797,0.0,0.0,0.0
1990-03-22 00:30:00+05:30,-10.26,0.69,80.55,-12.965997824291442,0.0,0.0,0.0
1990-03-22 01:30:00+05:30,-11.19,0.69,83.95,-13.366225852183588,0.0,0.0,0.0
1990-03-22 02:30:00+05:30,-12.13,0.69,87.5,-13.78130502678571,0.0,0.0,0.0
1990-03-22 03:30:00+05:30,-12.79,0.76,91.25,-13.918447542083326,0.0,0.0,0.0
1990-03-22 04:30:00+05:30,-13.02,0.76,87.4,-14.672581757297413,0.0,0.0,0.0
1990-03-22 05:30:00+05:30,-12.78,0.76,80.25,-15.473228402675675,0.0,0.0,0.0
1990-03-22 06:30:00+05:30,-11.84,0.69,80.3,-14.547529218821728,58.95,0.0,58.95
1990-03-22 07:30:00+05:30,-11.54,0.69,77.0,-14.766481680471585,260.4,467.16,150.75
1990-03-22 08:30:00+05:30,-9.77,0.55,80.55,-12.487331651978758,463.8,606.33,201.15
1990-03-22 09:30:00+05:30,-7.68,0.41,74.45,-11.436924259693448,726.75,838.57,221.25
1990-03-22 10:30:00+05:30,-5.74,0.14,74.7,-9.515893081303954,859.2,754.11,307.15
1990-03-22 11:30:00+05:30,-4.75,0.41,68.95,-9.581473357717801,954.9,883.52,237.4
1990-03-22 12:30:00+05:30,-4.33,0.69,71.95,-8.632952808902786,969.65,945.51,177.8
1990-03-22 13:30:00+05:30,-3.7,1.17,72.05,-8.007561222440895,880.85,799.64,235.95
1990-03-22 14:30:00+05:30,-3.25,1.24,66.45,-8.616908994706328,711.15,629.56,257.1
1990-03-22 15:30:00+05:30,-3.1,1.31,66.6,-8.444563963192355,514.95,609.11,157.1
1990-03-22 16:30:00+05:30,-3.16,1.17,69.35,-7.980844187923874,277.55,398.99,112.2
1990-03-22 17:30:00+05:30,-3.33,0.69,72.1,-7.641785871370783,73.5,206.27,29.4
1990-03-22 18:30:00+05:30,-3.78,0.14,72.05,-8.08470891794178,0.0,0.0,0.0
1990-03-22 19:30:00+05:30,-4.5,0.0,74.95,-8.272118167645367,0.0,0.0,0.0
1990-03-22 20:30:00+05:30,-5.34,0.21,77.9,-8.591175599418609,0.0,0.0,0.0
1990-03-22 21:30:00+05:30,-6.35,0.34,84.45,-8.54130307841234,0.0,0.0,0.0
1990-03-22 22:30:00+05:30,-7.29,0.48,87.9,-8.952604186827665,0.0,0.0,0.0
1990-03-22 23:30:00+05:30,-8.22,0.48,87.85,-9.876789075392601,0.0,0.0,0.0
1990-03-23 00:30:00+05:30,-9.96,0.55,91.4,-11.095638417558733,0.0,0.0,0.0
1990-03-23 01:30:00+05:30,-10.2,0.62,91.4,-11.333307395480281,0.0,0.0,0.0
1990-03-23 02:30:00+05:30,-10.61,0.62,91.4,-11.739330745869022,0.0,0.0,0.0
1990-03-23 03:30:00+05:30,-10.52,0.62,87.65,-12.172996984379164,0.0,0.0,0.0
1990-03-23 04:30:00+05:30,-10.65,0.69,84.0,-12.82895252736442,0.0,0.0,0.0
1990-03-23 05:30:00+05:30,-11.13,0.69,83.95,-13.30734668633105,0.0,0.0,0.0
1990-03-23 06:30:00+05:30,-13.15,0.76,83.7,-15.325901298998396,59.55,0.0,59.55
1990-03-23 07:30:00+05:30,-13.52,0.69,76.75,-16.730837582606313,291.5,584.01,151.55
1990-03-23 08:30:00+05:30,-12.44,0.97,80.25,-15.141138486910549,579.5,992.23,144.95
1990-03-23 09:30:00+05:30,-10.98,0.9,73.8,-14.739980889972399,780.9,1013.29,165.45
1990-03-23 10:30:00+05:30,-9.21,0.76,71.1,-13.48677888958358,857.15,873.89,213.65
1990-03-23 11:30:00+05:30,-7.81,0.69,65.5,-13.154896855059079,1002.4,974.68,206.95
1990-03-23 12:30:00+05:30,-6.28,0.34,58.0,-13.20430396210292,970.75,966.35,157.85
1990-03-23 13:30:00+05:30,-5.4,0.28,58.2,-12.332304609107169,915.5,973.18,127.3
1990-03-23 14:30:00+05:30,-4.8,0.34,55.95,-12.258409042562306,759.2,826.89,160.2
1990-03-23 15:30:00+05:30,-4.28,0.21,53.75,-12.270601606436362,559.05,772.87,102.7
1990-03-23 16:30:00+05:30,-3.95,0.14,51.65,-12.458374823187365,316.15,577.49,75.2
1990-03-23 17:30:00+05:30,-4.01,0.34,51.65,-12.514182303464787,82.8,250.08,28.65
1990-03-23 18:30:00+05:30,-4.93,0.41,53.65,-12.90093407394968,0.0,0.0,0.0
1990-03-23 19:30:00+05:30,-6.28,0.48,58.0,-13.20430396210292,0.0,0.0,0.0
1990-03-23 20:30:00+05:30,-7.63,0.55,62.9,-13.482673421610347,0.0,0.0,0.0
1990-03-23 21:30:00+05:30,-8.81,0.62,68.15,-13.623481439077604,0.0,0.0,0.0
1990-03-23 22:30:00+05:30,-9.82,0.76,74.0,-13.584063468778666,0.0,0.0,0.0
1990-03-23 23:30:00+05:30,-10.66,0.76,73.9,-14.413737111690315,0.0,0.0,0.0
1990-03-24 00:30:00+05:30,-11.51,0.83,73.75,-15.261184547598768,0.0,0.0,0.0
1990-03-24 01:30:00+05:30,-12.05,0.83,73.65,-15.800222725229101,0.0,0.0,0.0
1990-03-24 02:30:00+05:30,-12.31,0.9,73.55,-16.06820852699016,0.0,0.0,0.0
1990-03-24 03:30:00+05:30,-12.45,0.9,73.55,-16.203687828468023,0.0,0.0,0.0
1990-03-24 04:30:00+05:30,-12.38,0.9,70.4,-16.66118591385413,0.0,0.0,0.0
1990-03-24 05:30:00+05:30,-12.42,0.9,67.4,-17.219683025393433,0.0,0.0,0.0
1990-03-24 06:30:00+05:30,-11.46,0.83,67.6,-16.263702074092862,62.35,0.0,62.35
1990-03-24 07:30:00+05:30,-11.05,0.83,64.8,-16.379371035139755,193.7,13.7,190.35
1990-03-24 08:30:00+05:30,-9.63,0.76,74.1,-13.3835102762672,361.2,74.77,328.1
1990-03-24 09:30:00+05:30,-6.69,0.76,65.8,-12.028360901510442,583.4,343.6,373.15
1990-03-24 10:30:00+05:30,-4.61,0.48,63.55,-10.482022479836651,682.0,253.64,494.15
1990-03-24 11:30:00+05:30,-3.54,0.28,56.35,-10.986659667990287,550.8,32.19,524.4
1990-03-24 12:30:00+05:30,-2.79,0.0,58.85,-9.731958079474454,591.4,65.63,535.95
1990-03-24 13:30:00+05:30,-2.74,0.48,63.9,-8.632833846689843,642.7,126.15,540.1
1990-03-24 14:30:00+05:30,-2.73,0.76,66.6,-8.090870347255775,431.25,70.72,379.8
1990-03-24 15:30:00+05:30,-2.86,0.83,72.25,-7.1615440615584856,293.05,57.64,258.85
1990-03-24 16:30:00+05:30,-2.94,0.69,72.25,-7.238705572231216,139.75,6.43,137.05
1990-03-24 17:30:00+05:30,-3.29,0.62,78.2,-6.5468802683510665,39.5,7.75,37.8
1990-03-24 18:30:00+05:30,-3.73,0.41,81.4,-6.451786039767331,0.0,0.0,0.0
1990-03-24 19:30:00+05:30,-4.23,0.34,84.65,-6.429604020973084,0.0,0.0,0.0
1990-03-24 20:30:00+05:30,-4.59,0.21,84.65,-6.783009972083302,0.0,0.0,0.0
1990-03-24 21:30:00+05:30,-5.02,0.21,84.6,-7.212822710629419,0.0,0.0,0.0
1990-03-24 22:30:00+05:30,-5.8,0.28,88.0,-7.4688662250294,0.0,0.0,0.0
1990-03-24 23:30:00+05:30,-6.43,0.28,88.0,-8.090048485404024,0.0,0.0,0.0
1990-03-25 00:30:00+05:30,-7.88,0.48,95.4,-8.486760962300021,0.0,0.0,0.0
1990-03-25 01:30:00+05:30,-8.42,0.48,95.35,-9.030688385452141,0.0,0.0,0.0
1990-03-25 02:30:00+05:30,-9.12,0.48,91.5,-10.24997400807856,0.0,0.0,0.0
1990-03-25 03:30:00+05:30,-9.59,0.48,91.45,-10.722341828217829,0.0,0.0,0.0
1990-03-25 04:30:00+05:30,-9.8,0.41,87.65,-11.463209750852942,0.0,0.0,0.0
1990-03-25 05:30:00+05:30,-10.1,0.41,84.05,-12.28182474828477,0.0,0.0,0.0
1990-03-25 06:30:00+05:30,-9.83,0.28,84.05,-12.016860107449855,56.75,0.0,56.75
1990-03-25 07:30:00+05:30,-9.8,0.14,84.05,-11.98741994669246,271.55,416.94,167.55
1990-03-25 08:30:00+05:30,-8.74,0.07,80.8,-11.442410838612343,507.6,553.27,260.05
1990-03-25 09:30:00+05:30,-7.09,0.41,81.0,-9.798958826014552,769.3,868.5,233.95
1990-03-25 10:30:00+05:30,-5.84,0.76,77.85,-9.085819567313003,925.45,890.97,261.8
1990-03-25 11:30:00+05:30,-4.95,0.83,71.85,-9.248597071959336,1001.3,890.87,267.2
1990-03-25 12:30:00+05:30,-3.57,0.83,66.45,-8.922758804257997,969.85,680.3,392.6
1990-03-25 13:30:00+05:30,-2.98,0.69,63.9,-8.861216632460366,860.7,560.94,402.6
1990-03-25 14:30:00+05:30,-2.43,0.76,61.35,-8.860718752216034,682.5,432.85,366.25
1990-03-25 15:30:00+05:30,-2.08,0.76,56.6,-9.559911268829609,459.4,279.65,292.65
1990-03-25 16:30:00+05:30,-1.9,0.62,56.6,-9.390913306993507,236.7,132.34,180.75
1990-03-25 17:30:00+05:30,-2.13,0.48,54.3,-10.133726739726976,73.25,138.55,42.5
1990-03-25 18:30:00+05:30,-2.74,0.28,58.85,-9.68480515619506,0.0,0.0,0.0
1990-03-25 19:30:00+05:30,-3.64,0.14,58.75,-10.555119067327771,0.0,0.0,0.0
1990-03-25 20:30:00+05:30,-4.57,0.07,63.55,-10.443967960522727,0.0,0.0,0.0
1990-03-25 21:30:00+05:30,-5.41,0.21,66.05,-10.75787363676718,0.0,0.0,0.0
1990-03-25 22:30:00+05:30,-6.25,0.28,71.55,-10.55505815503829,0.0,0.0,0.0
1990-03-25 23:30:00+05:30,-6.98,0.41,71.5,-11.267576080402899,0.0,0.0,0.0
1990-03-26 00:30:00+05:30,-8.21,0.48,80.85,-10.91678963042279,0.0,0.0,0.0
1990-03-26 01:30:00+05:30,-9.06,0.55,84.15,-11.246328911131748,0.0,0.0,0.0
1990-03-26 02:30:00+05:30,-10.25,0.69,87.65,-11.906823112312969,0.0,0.0,0.0
1990-03-26 03:30:00+05:30,-10.92,0.76,87.6,-12.574416867070322,0.0,0.0,0.0
1990-03-26 04:30:00+05:30,-12.15,0.76,91.3,-13.277956672683414,0.0,0.0,0.0
1990-03-26 05:30:00+05:30,-13.64,0.83,87.4,-15.283719865185347,0.0,0.0,0.0
1990-03-26 06:30:00+05:30,-14.59,0.83,87.3,-16.233944960720244,61.55,0.0,61.55
1990-03-26 07:30:00+05:30,-14.2,0.83,87.35,-15.8426364262603,305.1,503.12,177.15
1990-03-26 08:30:00+05:30,-12.78,0.83,87.45,-14.429036313295455,569.75,807.51,204.65
1990-03-26 09:30:00+05:30,-10.3,0.97,80.5,-13.012748813561045,766.45,764.73,291.65
1990-03-26 10:30:00+05:30,-8.35,0.83,74.25,-12.119254830123191,895.65,764.04,323.35
1990-03-26 11:30:00+05:30,-6.5,0.76,68.65,-11.316209455249119,999.2,835.29,307.65
1990-03-26 12:30:00+05:30,-5.03,0.21,58.35,-11.95147988212456,991.4,832.94,281.65
1990-03-26 13:30:00+05:30,-3.81,0.07,56.2,-11.273596322235193,867.95,669.73,318.8
1990-03-26 14:30:00+05:30,-3.16,0.21,49.8,-12.17868800637538,719.35,572.67,299.2
1990-03-26 15:30:00+05:30,-2.71,0.28,49.8,-11.761907444446441,539.65,613.73,171.95
1990-03-26 16:30:00+05:30,-2.49,0.34,49.8,-11.558169438851257,314.35,504.0,99.9
1990-03-26 17:30:00+05:30,-2.71,0.21,47.75,-12.285964382634361,81.6,173.19,42.7
1990-03-26 18:30:00+05:30,-3.54,0.07,47.6,-13.090135826566653,0.0,0.0,0.0
1990-03-26 19:30:00+05:30,-4.58,0.34,51.55,-13.068348322682318,0.0,0.0,0.0
1990-03-26 20:30:00+05:30,-5.27,0.41,55.8,-12.732746590053297,0.0,0.0,0.0
1990-03-26 21:30:00+05:30,-5.88,0.48,58.1,-12.806040585600108,0.0,0.0,0.0
1990-03-26 22:30:00+05:30,-6.32,0.55,60.5,-12.72024165607266,0.0,0.0,0.0
1990-03-26 23:30:00+05:30,-6.58,0.55,60.5,-12.966384309892412,0.0,0.0,0.0
1990-03-27 00:30:00+05:30,-6.78,0.62,68.55,-11.603174583511365,0.0,0.0,0.0
1990-03-27 01:30:00+05:30,-7.15,0.69,71.5,-11.431460912939471,0.0,0.0,0.0
1990-03-27 02:30:00+05:30,-7.1,0.48,71.5,-11.383259046853277,0.0,0.0,0.0
1990-03-27 03:30:00+05:30,-7.3,0.48,74.45,-11.068964324530393,0.0,0.0,0.0
1990-03-27 04:30:00+05:30,-7.49,0.62,77.6,-10.731695610390107,0.0,0.0,0.0
1990-03-27 05:30:00+05:30,-7.5,0.62,77.6,-10.741422357427473,0.0,0.0,0.0
1990-03-27 06:30:00+05:30,-7.56,0.55,77.6,-10.799783078174404,66.3,0.0,66.3
1990-03-27 07:30:00+05:30,-7.46,0.62,80.9,-10.17617001461782,190.35,16.01,186.2
1990-03-27 08:30:00+05:30,-6.61,0.55,81.05,-9.322050715229759,348.3,32.62,333.4
1990-03-27 09:30:00+05:30,-5.33,0.55,81.2,-8.047466465079541,564.25,103.31,499.65
1990-03-27 10:30:00+05:30,-4.06,0.62,75.05,-7.828701453442512,672.7,126.0,577.8
1990-03-27 11:30:00+05:30,-3.25,0.48,75.1,-7.035415843648247,659.95,30.42,634.65
1990-03-27 12:30:00+05:30,-2.2,0.55,78.3,-5.469501497275162,698.25,113.19,601.4
1990-03-27 13:30:00+05:30,-1.46,0.69,72.4,-5.784098527733637,624.55,58.55,576.35
1990-03-27 14:30:00+05:30,-0.9,0.83,69.65,-5.7543902686264365,555.75,97.74,483.75
1990-03-27 15:30:00+05:30,-0.62,0.28,69.75,-5.466592660129108,361.8,64.21,323.15
1990-03-27 16:30:00+05:30,-0.64,0.07,69.75,-5.4858012425897895,222.15,87.7,184.6
1990-03-27 17:30:00+05:30,-1.08,0.07,75.45,-4.872071647193597,52.9,16.72,49.1
1990-03-27 18:30:00+05:30,-1.83,0.21,81.55,-4.570458570293787,0.05,0.0,0.05
1990-03-27 19:30:00+05:30,-2.47,0.48,84.85,-4.670664396740747,0.0,0.0,0.0
1990-03-27 20:30:00+05:30,-3.03,0.34,81.5,-5.751488571139572,0.0,0.0,0.0
1990-03-27 21:30:00+05:30,-3.46,0.34,84.8,-5.650437093847041,0.0,0.0,0.0
1990-03-27 22:30:00+05:30,-3.95,0.21,84.7,-6.146998956904715,0.0,0.0,0.0
1990-03-27 23:30:00+05:30,-4.55,0.28,84.65,-6.7437421598589955,0.0,0.0,0.0
1990-03-28 00:30:00+05:30,-5.12,0.28,88.1,-6.783602434899151,0.0,0.0,0.0
1990-03-28 01:30:00+05:30,-5.59,0.21,88.05,-7.254434082100153,0.0,0.0,0.0
1990-03-28 02:30:00+05:30,-5.97,0.14,84.5,-8.160682284672431,0.0,0.0,0.0
1990-03-28 03:30:00+05:30,-6.06,0.28,81.1,-8.776700563149522,0.0,0.0,0.0
1990-03-28 04:30:00+05:30,-6.09,0.41,77.85,-9.329030213265803,0.0,0.0,0.0
1990-03-28 05:30:00+05:30,-6.3,0.41,81.05,-9.019124021185112,0.0,0.0,0.0
1990-03-28 06:30:00+05:30,-5.52,0.28,77.9,-8.766288768674235,79.2,0.0,79.2
1990-03-28 07:30:00+05:30,-5.45,0.21,77.9,-8.698188772098366,277.9,298.87,199.0
1990-03-28 08:30:00+05:30,-4.71,0.34,78.05,-7.9534758896670965,504.75,396.16,321.95
1990-03-28 09:30:00+05:30,-3.82,0.69,81.4,-6.539751508871686,717.4,522.8,388.2
1990-03-28 10:30:00+05:30,-2.64,0.97,69.35,-7.481549851955035,853.25,585.84,409.6
1990-03-28 11:30:00+05:30,-1.93,1.24,61.45,-8.366155589970223,905.7,496.09,491.2
1990-03-28 12:30:00+05:30,-1.7,1.45,58.95,-8.68237209003936,915.55,470.08,511.7
1990-03-28 13:30:00+05:30,-1.75,1.17,64.0,-7.670638601705529,857.4,526.5,422.3
1990-03-28 14:30:00+05:30,-1.54,1.03,61.55,-7.975722176453941,731.35,612.2,278.55
1990-03-28 15:30:00+05:30,-1.52,1.03,59.1,-8.479980411452765,549.0,659.48,150.2
1990-03-28 16:30:00+05:30,-1.91,0.69,58.95,-8.880405454794065,310.85,461.88,111.85
1990-03-28 17:30:00+05:30,-2.38,0.55,61.35,-8.813355107693024,85.25,197.7,39.8
1990-03-28 18:30:00+05:30,-3.25,0.21,58.75,-10.187334117756558,0.05,0.0,0.05
1990-03-28 19:30:00+05:30,-4.52,0.14,60.95,-10.923347244236385,0.0,0.0,0.0
1990-03-28 20:30:00+05:30,-5.7,0.34,63.35,-11.558591047302361,0.0,0.0,0.0
1990-03-28 21:30:00+05:30,-6.83,0.41,68.55,-11.651154836597238,0.0,0.0,0.0
1990-03-28 22:30:00+05:30,-7.67,0.41,71.4,-11.950243170275664,0.0,0.0,0.0
1990-03-28 23:30:00+05:30,-8.44,0.48,74.25,-12.206388648126296,0.0,0.0,0.0
1990-03-29 00:30:00+05:30,-9.58,0.48,74.1,-13.335105089422509,0.0,0.0,0.0
1990-03-29 01:30:00+05:30,-10.71,0.55,80.5,-13.413258299950519,0.0,0.0,0.0
1990-03-29 02:30:00+05:30,-11.66,0.62,83.9,-13.834767569823152,0.0,0.0,0.0
1990-03-29 03:30:00+05:30,-12.64,0.69,87.45,-14.291034297531228,0.0,0.0,0.0
1990-03-29 04:30:00+05:30,-13.43,0.69,87.4,-15.076718824778677,0.0,0.0,0.0
1990-03-29 05:30:00+05:30,-14.61,0.76,87.3,-16.2536582655563,0.0,0.0,0.0
1990-03-29 06:30:00+05:30,-15.75,0.76,83.45,-17.91262808941058,74.7,0.0,74.7
1990-03-29 07:30:00+05:30,-15.22,0.69,83.55,-17.378428188385737,341.95,691.77,156.0
1990-03-29 08:30:00+05:30,-13.94,0.55,80.1,-16.62873371222008,566.25,838.88,175.3
1990-03-29 09:30:00+05:30,-11.79,0.48,80.3,-14.49869316163402,820.15,1060.44,147.8
1990-03-29 10:30:00+05:30,-9.99,0.48,70.9,-14.273005662181548,964.45,1071.87,148.4
1990-03-29 11:30:00+05:30,-8.83,0.69,68.15,-13.642668184472896,1041.65,1028.57,178.4
1990-03-29 12:30:00+05:30,-8.15,0.41,65.5,-13.479637222756256,975.35,888.65,208.85
1990-03-29 13:30:00+05:30,-7.3,0.41,65.6,-12.648911629784877,927.7,898.98,181.95
1990-03-29 14:30:00+05:30,-6.72,0.41,60.5,-13.098928713328316,775.5,824.53,163.25
1990-03-29 15:30:00+05:30,-6.49,0.41,60.5,-12.881179430290373,572.0,766.4,106.45
1990-03-29 16:30:00+05:30,-6.56,0.41,60.5,-12.947449740918419,337.55,593.1,80.45
1990-03-29 17:30:00+05:30,-7.04,0.14,63.0,-12.902018103224599,93.95,231.61,40.1
1990-03-29 18:30:00+05:30,-8.09,0.0,65.5,-13.42232855009662,0.15,0.0,0.15
1990-03-29 19:30:00+05:30,-9.38,0.21,74.1,-13.141487674661205,0.0,0.0,0.0
1990-03-29 20:30:00+05:30,-10.87,0.41,83.95,-13.052206937376669,0.0,0.0,0.0
1990-03-29 21:30:00+05:30,-12.04,0.55,87.5,-13.692587461290614,0.0,0.0,0.0
1990-03-29 22:30:00+05:30,-13.48,0.69,87.4,-15.126004540641977,0.0,0.0,0.0
1990-03-29 23:30:00+05:30,-14.37,0.76,87.3,-16.017100245702043,0.0,0.0,0.0
1990-03-30 00:30:00+05:30,-14.36,0.76,87.3,-16.00724373910615,0.0,0.0,0.0
1990-03-30 01:30:00+05:30,-16.22,0.9,83.4,-18.380805602675043,0.0,0.0,0.0
1990-03-30 02:30:00+05:30,-16.62,0.97,83.35,-18.780275790019445,0.0,0.0,0.0
1990-03-30 03:30:00+05:30,-17.23,1.03,83.3,-19.38572280712447,0.0,0.0,0.0
1990-03-30 04:30:00+05:30,-18.11,1.1,83.2,-20.26296631086212,0.0,0.0,0.0
1990-03-30 05:30:00+05:30,-19.38,1.03,83.0,-21.536435082280686,0.0,0.0,0.0
1990-03-30 06:30:00+05:30,-20.98,1.1,82.8,-23.13310802554422,81.0,0.0,81.0
1990-03-30 07:30:00+05:30,-20.38,0.97,79.15,-23.05555078435759,347.95,630.15,175.55
1990-03-30 08:30:00+05:30,-18.69,1.03,75.9,-21.886148391036066,573.65,615.28,284.1
1990-03-30 09:30:00+05:30,-16.45,0.97,72.9,-20.17869731617954,764.75,777.26,268.6
1990-03-30 10:30:00+05:30,-14.14,0.83,70.2,-18.390266636452516,916.7,677.48,398.2
1990-03-30 11:30:00+05:30,-11.61,0.76,70.6,-15.885350216431398,905.55,323.27,633.05
1990-03-30 12:30:00+05:30,-9.93,0.55,67.9,-14.742797237323794,920.75,369.32,600.95
1990-03-30 13:30:00+05:30,-8.55,0.48,62.65,-14.406237994992395,862.65,497.21,448.65
1990-03-30 14:30:00+05:30,-7.59,0.41,60.25,-13.973459263372627,661.15,317.88,424.2
1990-03-30 15:30:00+05:30,-7.08,0.34,57.85,-13.990025453125247,482.35,420.96,225.5
1990-03-30 16:30:00+05:30,-7.03,0.55,60.4,-13.412813124601568,221.95,80.26,186.95
1990-03-30 17:30:00+05:30,-7.42,0.48,62.9,-13.282986466588468,51.6,0.0,51.6
1990-03-30 18:30:00+05:30,-8.06,0.21,65.5,-13.39367446271094,0.2,0.0,0.2
1990-03-30 19:30:00+05:30,-8.7,0.34,71.2,-12.977901208052467,0.0,0.0,0.0
1990-03-30 20:30:00+05:30,-9.22,0.41,74.15,-12.978257817593326,0.0,0.0,0.0
1990-03-30 21:30:00+05:30,-9.57,0.48,77.3,-12.803078647529768,0.0,0.0,0.0
1990-03-30 22:30:00+05:30,-10.11,0.48,80.55,-12.819464877149766,0.0,0.0,0.0
1990-03-30 23:30:00+05:30,-10.81,0.62,83.95,-12.99332929600778,0.0,0.0,0.0
1990-03-31 00:30:00+05:30,-11.19,0.69,83.95,-13.366225852183588,0.0,0.0,0.0
1990-03-31 01:30:00+05:30,-11.77,0.69,83.9,-13.942710671956977,0.0,0.0,0.0
1990-03-31 02:30:00+05:30,-12.4,0.83,87.45,-14.054462207442427,0.0,0.0,0.0
1990-03-31 03:30:00+05:30,-12.9,0.83,87.4,-14.554299694272885,0.0,0.0,0.0
1990-03-31 04:30:00+05:30,-13.54,0.76,83.7,-15.708562247023263,0.0,0.0,0.0
1990-03-31 05:30:00+05:30,-14.15,0.83,83.65,-16.31428362834864,0.0,0.0,0.0
1990-03-31 06:30:00+05:30,-14.15,0.83,87.35,-15.793351488206174,90.65,0.0,90.65
1990-03-31 07:30:00+05:30,-13.69,0.83,83.7,-15.85574280467448,297.5,254.19,226.75
1990-03-31 08:30:00+05:30,-12.56,0.83,83.75,-14.739756352233671,563.55,634.14,262.25
1990-03-31 09:30:00+05:30,-10.54,0.9,80.5,-13.247191396325189,800.65,842.23,259.45
1990-03-31 10:30:00+05:30,-8.54,0.76,74.25,-12.303205259443201,912.7,616.29,438.6
1990-03-31 11:30:00+05:30,-6.76,0.62,71.5,-11.055496186318054,967.95,601.82,458.45
1990-03-31 12:30:00+05:30,-5.31,0.62,68.85,-10.137420237216258,931.2,446.02,543.5
1990-03-31 13:30:00+05:30,-4.17,0.62,61.1,-10.560865355826666,840.2,513.28,411.25
1990-03-31 14:30:00+05:30,-3.26,0.41,61.2,-9.678177671047825,684.1,354.7,418.7
1990-03-31 15:30:00+05:30,-2.84,0.28,58.85,-9.77911156948521,437.75,153.63,343.6
1990-03-31 16:30:00+05:30,-2.81,0.21,61.35,-9.220699633191815,229.75,63.37,201.95
1990-03-31 17:30:00+05:30,-3.24,0.28,63.8,-9.12866325308899,68.8,38.92,59.55
1990-03-31 18:30:00+05:30,-4.23,0.41,71.95,-8.536525029177552,0.3,0.0,0.3
1990-03-31 19:30:00+05:30,-5.05,0.48,71.85,-9.34502068917622,0.0,0.0,0.0
1990-03-31 20:30:00+05:30,-5.78,0.62,77.85,-9.027450055456812,0.0,0.0,0.0
1990-03-31 21:30:00+05:30,-9.47,0.63,87.1,-11.216952748934583,0.0,0.0,0.0
1990-03-31 22:30:00+05:30,-9.4,0.65,84.72,-11.49549549673725,0.0,0.0,0.0
1990-03-31 23:30:00+05:30,-9.33,0.66,82.35,-11.781757435973127,0.0,0.0,0.0
1990-04-01 00:30:00+05:30,-9.26,0.67,79.97,-12.079237567379444,0.0,0.0,0.0
1990-04-01 01:30:00+05:30,-9.18,0.69,77.59,-12.377278880973115,0.0,0.0,0.0
1990-04-01 02:30:00+05:30,-9.11,0.7,75.21,-12.695970213579121,0.0,0.0,0.0
1990-04-01 03:30:00+05:30,-9.04,0.72,72.83,-13.026205957798238,0.0,0.0,0.0
1990-04-01 04:30:00+05:30,-8.97,0.73,70.46,-13.366954642957127,0.0,0.0,0.0
1990-04-01 05:30:00+05:30,-8.9,0.75,68.08,-13.722447288400225,0.0,0.0,0.0
1990-04-01 06:30:00+05:30,-8.83,0.76,65.7,-14.091856309955432,73.49,0.0,73.49
1990-04-01 07:30:00+05:30,-8.76,0.78,63.33,-14.474216385241032,399.2,1091.14,95.5
1990-04-01 08:30:00+05:30,-8.69,0.79,60.95,-14.874381833181703,617.35,972.37,155.35
1990-04-01 09:30:00+05:30,-8.62,0.81,58.57,-15.291679577256975,839.5,1112.85,124.4
1990-04-01 10:30:00+05:30,-8.55,0.82,56.19,-15.727442767752265,979.2,1109.93,125.35
1990-04-01 11:30:00+05:30,-8.48,0.84,53.81,-16.183171187358056,1043.45,1076.2,132.35
1990-04-01 12:30:00+05:30,-8.41,0.85,51.44,-16.658233034658945,1033.25,1042.4,127.15
1990-04-01 13:30:00+05:30,0.4,0.9,39.45,-11.829597779539549,949.45,990.13,122.0
1990-04-01 14:30:00+05:30,1.17,0.97,37.95,-11.621083185179868,796.9,915.09,112.2
1990-04-01 15:30:00+05:30,1.62,0.9,38.1,-11.167478879774578,589.45,805.79,95.65
1990-04-01 16:30:00+05:30,1.59,0.9,38.1,-11.194425997481577,346.25,618.57,74.9
1990-04-01 17:30:00+05:30,1.09,0.69,39.6,-11.159592289820857,104.2,282.54,37.05
1990-04-01 18:30:00+05:30,-0.26,0.55,44.45,-10.932937232440603,0.4,0.0,0.4
1990-04-01 19:30:00+05:30,-2.16,0.55,49.95,-11.214837426227067,0.0,0.0,0.0
1990-04-01 20:30:00+05:30,-4.15,0.62,61.1,-10.541920916383324,0.0,0.0,0.0
1990-04-01 21:30:00+05:30,-5.97,0.69,58.1,-12.890863269828772,0.0,0.0,0.0
1990-04-01 22:30:00+05:30,-7.49,0.83,62.9,-13.349547801462961,0.0,0.0,0.0
1990-04-01 23:30:00+05:30,-8.92,0.9,65.25,-14.261922725379769,0.0,0.0,0.0
1990-04-02 00:30:00+05:30,-9.96,0.9,67.9,-14.77157175559124,0.0,0.0,0.0
1990-04-02 01:30:00+05:30,-11.11,0.97,67.7,-15.910264770177994,0.0,0.0,0.0
1990-04-02 02:30:00+05:30,-12.18,0.97,67.5,-16.971871671720585,0.0,0.0,0.0
1990-04-02 03:30:00+05:30,-13.04,1.03,64.5,-18.334144249864078,0.0,0.0,0.0
1990-04-02 04:30:00+05:30,-13.78,1.03,61.55,-19.587932225627736,0.0,0.0,0.0
1990-04-02 05:30:00+05:30,-14.38,1.03,64.15,-19.67679205726209,0.0,0.0,0.0
1990-04-02 06:30:00+05:30,-13.97,1.03,61.45,-19.787368414940563,68.28,0.0,68.28
1990-04-02 07:30:00+05:30,-13.13,0.97,56.45,-19.980377741444283,398.8,1052.65,100.85
1990-04-02 08:30:00+05:30,-9.87,0.83,67.9,-14.685248659200905,617.75,913.13,179.8
1990-04-02 09:30:00+05:30,-5.62,0.83,63.35,-11.48249113759799,814.3,939.49,206.65
1990-04-02 10:30:00+05:30,-2.8,0.76,58.85,-9.74138873213777,958.65,946.61,226.75
1990-04-02 11:30:00+05:30,-0.66,0.69,52.35,-9.228003298784634,1033.95,1009.27,175.9
1990-04-02 12:30:00+05:30,1.04,0.76,46.75,-9.10178780885741,1024.85,986.97,163.7
1990-04-02 13:30:00+05:30,2.12,0.9,43.3,-9.094069949520339,941.85,955.47,140.5
1990-04-02 14:30:00+05:30,2.81,0.9,41.7,-8.948778326629325,772.65,799.19,172.45
1990-04-02 15:30:00+05:30,3.1,0.9,40.15,-9.170827360233737,575.6,745.32,116.9
1990-04-02 16:30:00+05:30,3.07,0.83,40.15,-9.197911825473065,329.65,525.36,97.85
1990-04-02 17:30:00+05:30,2.68,0.76,41.7,-9.06664698840217,93.6,164.22,54.15
1990-04-02 18:30:00+05:30,1.46,0.55,45.0,-9.204311128891096,0.55,0.0,0.55
1990-04-02 19:30:00+05:30,-0.27,0.55,52.45,-8.840651178744649,0.0,0.0,0.0
1990-04-02 20:30:00+05:30,-2.05,0.62,58.95,-9.012433233884561,0.0,0.0,0.0
1990-04-02 21:30:00+05:30,-3.88,0.69,66.35,-9.238300625018718,0.0,0.0,0.0
1990-04-02 22:30:00+05:30,-5.45,0.76,66.05,-10.796094229290976,0.0,0.0,0.0
1990-04-02 23:30:00+05:30,-6.68,0.83,68.65,-11.488959192888236,0.0,0.0,0.0
1990-04-03 00:30:00+05:30,-7.19,0.83,68.55,-11.996624889556912,0.0,0.0,0.0
1990-04-03 01:30:00+05:30,-8.25,0.9,74.25,-12.022440734741584,0.0,0.0,0.0
1990-04-03 02:30:00+05:30,-9.3,0.9,74.1,-13.064042201735381,0.0,0.0,0.0
1990-04-03 03:30:00+05:30,-10.28,0.97,77.15,-13.517492341506925,0.0,0.0,0.0
1990-04-03 04:30:00+05:30,-11.15,0.97,77.05,-14.379353841085855,0.0,0.0,0.0
1990-04-03 05:30:00+05:30,-12.02,0.97,76.9,-15.248966517950706,0.0,0.0,0.0
1990-04-03 06:30:00+05:30,-12.12,1.03,76.9,-15.346192195604779,76.85,0.0,76.85
1990-04-03 07:30:00+05:30,-10.89,0.9,73.8,-14.652873293217647,361.35,701.88,159.4
1990-04-03 08:30:00+05:30,-7.74,0.83,77.55,-10.982975915963362,594.85,796.81,209.15
1990-04-03 09:30:00+05:30,-3.79,0.83,69.15,-8.622895686323288,745.65,718.18,278.15
1990-04-03 10:30:00+05:30,-1.42,0.76,64.1,-7.336379690402438,903.35,752.68,318.5
1990-04-03 11:30:00+05:30,0.45,0.69,57.2,-7.0481647005259465,967.0,693.34,375.1
1990-04-03 12:30:00+05:30,1.72,0.62,55.2,-6.322137447964596,900.15,515.79,448.45
1990-04-03 13:30:00+05:30,2.63,0.69,51.15,-6.471433556318879,811.8,466.64,419.05
1990-04-03 14:30:00+05:30,3.2,0.83,49.25,-6.43895131092462,673.4,446.96,336.5
1990-04-03 15:30:00+05:30,3.38,0.69,49.25,-6.272767886377579,479.55,356.37,259.3
1990-04-03 16:30:00+05:30,3.47,0.69,47.45,-6.676588356124869,284.7,309.07,147.55
1990-04-03 17:30:00+05:30,3.12,0.69,49.25,-6.512813661528578,91.05,146.85,55.4
1990-04-03 18:30:00+05:30,2.4,0.48,51.15,-6.684720166832555,0.6,0.0,0.6
1990-04-03 19:30:00+05:30,0.89,0.48,57.35,-6.6006653999171165,0.0,0.0,0.0
1990-04-03 20:30:00+05:30,-0.63,0.48,64.35,-6.5337915150092964,0.0,0.0,0.0
1990-04-03 21:30:00+05:30,-2.19,0.55,72.3,-6.506311483000149,0.0,0.0,0.0
1990-04-03 22:30:00+05:30,-4.09,0.69,75.05,-7.857763086618207,0.0,0.0,0.0
1990-04-03 23:30:00+05:30,-5.87,0.76,84.5,-8.06252164154355,0.0,0.0,0.0
1990-04-04 00:30:00+05:30,-6.51,0.76,88.0,-8.168930431979886,0.0,0.0,0.0
1990-04-04 01:30:00+05:30,-7.71,0.83,91.6,-8.839604776901158,0.0,0.0,0.0
1990-04-04 02:30:00+05:30,-8.09,0.83,91.55,-9.222942763544955,0.0,0.0,0.0
1990-04-04 03:30:00+05:30,-8.25,0.83,91.5,-9.388371560622877,0.0,0.0,0.0
1990-04-04 04:30:00+05:30,-8.16,0.9,84.3,-10.340570392760146,0.0,0.0,0.0
1990-04-04 05:30:00+05:30,-7.91,0.83,84.3,-10.095191584709221,0.0,0.0,0.0
1990-04-04 06:30:00+05:30,-7.27,0.76,80.9,-9.990526303342971,40.1,0.0,40.1
1990-04-04 07:30:00+05:30,-6.59,0.62,74.6,-10.35605756565124,176.6,118.68,141.9
1990-04-04 08:30:00+05:30,-5.19,0.48,71.85,-9.480016208459196,437.8,277.0,302.5
1990-04-04 09:30:00+05:30,-2.97,0.34,69.35,-7.7984046786781756,751.25,669.18,312.9
1990-04-04 10:30:00+05:30,-1.14,0.41,66.9,-6.51249906365249,823.55,602.13,353.4
1990-04-04 11:30:00+05:30,0.01,0.83,64.45,-5.904219217920959,980.7,780.77,311.45
1990-04-04 12:30:00+05:30,1.31,0.9,62.15,-5.1482210424140815,889.2,687.67,284.8
1990-04-04 13:30:00+05:30,2.09,0.97,57.6,-5.41602116931642,885.0,830.85,183.3
1990-04-04 14:30:00+05:30,2.61,1.03,53.25,-5.962887200046695,706.9,706.0,172.85
1990-04-04 15:30:00+05:30,2.92,1.03,51.3,-6.16415310997938,550.6,637.38,155.05
1990-04-04 16:30:00+05:30,2.93,0.97,51.3,-6.154877920928212,314.0,453.9,111.45
1990-04-04 17:30:00+05:30,2.64,0.76,51.15,-6.462160560831641,97.85,202.21,48.25
1990-04-04 18:30:00+05:30,1.78,0.55,55.2,-6.266014746343106,0.75,0.0,0.75
1990-04-04 19:30:00+05:30,0.24,0.62,61.9,-6.21536231656846,0.0,0.0,0.0
1990-04-04 20:30:00+05:30,-1.34,0.62,66.8,-6.7232362707254385,0.0,0.0,0.0
1990-04-04 21:30:00+05:30,-3.14,0.62,72.25,-7.4316133739442645,0.0,0.0,0.0
1990-04-04 22:30:00+05:30,-4.73,0.76,78.0,-7.981206723801149,0.0,0.0,0.0
1990-04-04 23:30:00+05:30,-6.28,0.76,84.45,-8.472592968648335,0.0,0.0,0.0
1990-04-05 00:30:00+05:30,-7.53,0.83,87.9,-9.189233807737299,0.0,0.0,0.0
1990-04-05 01:30:00+05:30,-9.22,0.9,91.5,-10.349010754580183,0.0,0.0,0.0
1990-04-05 02:30:00+05:30,-10.68,1.03,91.4,-11.80865250078774,0.0,0.0,0.0
1990-04-05 03:30:00+05:30,-11.26,1.1,95.3,-11.862565712127774,0.0,0.0,0.0
1990-04-05 04:30:00+05:30,-12.83,1.1,87.45,-14.478323038550698,0.0,0.0,0.0
1990-04-05 05:30:00+05:30,-14.53,1.17,83.6,-16.694295747380185,0.0,0.0,0.0
1990-04-05 06:30:00+05:30,-15.49,1.24,83.45,-17.65755331811202,88.45,0.0,88.45
1990-04-05 07:30:00+05:30,-14.26,1.17,80.1,-16.941274413429998,306.6,384.38,192.45
1990-04-05 08:30:00+05:30,-10.86,1.24,83.95,-13.042393977298842,534.15,544.53,265.8
1990-04-05 09:30:00+05:30,-7.73,1.17,74.35,-11.502175015055453,793.75,920.03,187.35
1990-04-05 10:30:00+05:30,-4.82,1.1,66.15,-10.174991407908767,881.2,783.25,266.7
1990-04-05 11:30:00+05:30,-2.62,1.17,58.95,-9.550020633121505,989.55,830.95,274.45
1990-04-05 12:30:00+05:30,-0.18,1.31,54.7,-8.217089799875954,987.7,843.63,243.6
1990-04-05 13:30:00+05:30,1.12,1.31,48.7,-8.504376186147828,782.95,712.41,179.25
1990-04-05 14:30:00+05:30,1.76,1.24,46.9,-8.399248401685773,577.2,572.13,142.9
1990-04-05 15:30:00+05:30,2.04,1.17,43.3,-9.166922005069065,521.75,548.22,180.15
1990-04-05 16:30:00+05:30,2.21,1.17,43.3,-9.012113984893222,298.7,345.99,143.45
1990-04-05 17:30:00+05:30,1.84,1.03,45.0,-8.856750161326993,86.9,114.41,58.55
1990-04-05 18:30:00+05:30,0.94,0.83,46.75,-9.193654414550073,0.95,0.0,0.95
1990-04-05 19:30:00+05:30,-0.47,0.69,52.45,-9.026788911369199,0.0,0.0,0.0
1990-04-05 20:30:00+05:30,-1.71,0.69,58.95,-8.691802024319031,0.0,0.0,0.0
1990-04-05 21:30:00+05:30,-3.22,0.62,66.45,-8.588236511153177,0.0,0.0,0.0
1990-04-05 22:30:00+05:30,-4.51,0.62,66.25,-9.859590938887388,0.0,0.0,0.0
1990-04-05 23:30:00+05:30,-5.62,0.69,68.85,-10.434970172332852,0.0,0.0,0.0
1990-04-06 00:30:00+05:30,-5.64,0.76,66.05,-10.977645995757268,0.0,0.0,0.0
1990-04-06 01:30:00+05:30,-6.5,0.76,71.55,-10.796057972718215,0.0,0.0,0.0
1990-04-06 02:30:00+05:30,-7.7,0.83,71.4,-11.979162412137553,0.0,0.0,0.0
1990-04-06 03:30:00+05:30,-8.76,0.9,77.35,-12.00732497799731,0.0,0.0,0.0
1990-04-06 04:30:00+05:30,-9.52,0.9,77.3,-12.754453529627321,0.0,0.0,0.0
1990-04-06 05:30:00+05:30,-9.88,0.9,77.2,-13.120547509631843,0.0,0.0,0.0
1990-04-06 06:30:00+05:30,-9.49,0.9,74.1,-13.247976592928026,69.85,0.0,69.85
1990-04-06 07:30:00+05:30,-7.74,0.83,65.5,-13.088041190093337,374.35,764.09,143.95
1990-04-06 08:30:00+05:30,-4.01,0.76,58.6,-10.936251490869216,614.05,932.99,150.25
1990-04-06 09:30:00+05:30,-0.77,0.76,52.35,-9.330367987251904,805.25,991.69,147.65
1990-04-06 10:30:00+05:30,1.47,0.9,45.0,-9.19516418433114,913.05,869.92,227.35
1990-04-06 11:30:00+05:30,3.02,0.97,37.0,-10.281684609149263,948.2,730.2,317.35
1990-04-06 12:30:00+05:30,4.43,1.03,33.05,-10.455788608554974,956.55,799.65,248.8
1990-04-06 13:30:00+05:30,5.12,1.03,31.85,-10.31524260708741,843.35,725.65,226.4
1990-04-06 14:30:00+05:30,5.43,1.1,32.0,-9.983016109445007,667.95,664.89,161.5
1990-04-06 15:30:00+05:30,5.29,1.1,33.2,-9.638654235373481,518.3,590.4,148.95
1990-04-06 16:30:00+05:30,5.17,1.1,33.2,-9.744667468702072,290.8,403.18,108.9
1990-04-06 17:30:00+05:30,4.7,1.03,33.05,-10.21729947818903,95.45,207.76,43.45
1990-04-06 18:30:00+05:30,3.66,0.69,35.6,-10.198598563565229,0.95,0.0,0.95
1990-04-06 19:30:00+05:30,2.26,0.55,39.9,-10.00857750335707,0.0,0.0,0.0
1990-04-06 20:30:00+05:30,0.65,0.55,57.2,-6.8602936869727085,0.0,0.0,0.0
1990-04-06 21:30:00+05:30,-0.6,0.48,48.3,-10.196432814642828,0.0,0.0,0.0
1990-04-06 22:30:00+05:30,-2.1,0.55,52.05,-10.640841814403359,0.0,0.0,0.0
1990-04-06 23:30:00+05:30,-3.4,0.62,56.35,-10.855229801077613,0.0,0.0,0.0
1990-04-07 00:30:00+05:30,-4.57,0.69,58.5,-11.485708403326159,0.0,0.0,0.0
1990-04-07 01:30:00+05:30,-6.3,0.76,68.65,-11.12427157644626,0.0,0.0,0.0
1990-04-07 02:30:00+05:30,-7.53,0.83,71.4,-11.815288479622215,0.0,0.0,0.0
1990-04-07 03:30:00+05:30,-8.83,0.83,77.35,-12.075398839608601,0.0,0.0,0.0
1990-04-07 04:30:00+05:30,-9.97,0.9,84.05,-12.15424846280214,0.0,0.0,0.0
1990-04-07 05:30:00+05:30,-11.11,0.9,87.6,-12.761720117745888,0.0,0.0,0.0
1990-04-07 06:30:00+05:30,-12.13,0.97,87.5,-13.78130502678571,51.65,0.0,51.65
1990-04-07 07:30:00+05:30,-9.38,0.97,71.0,-13.66792058820136,397.45,983.97,96.3
1990-04-07 08:30:00+05:30,-5.51,0.83,60.75,-11.902053498458406,621.35,962.98,138.55
1990-04-07 09:30:00+05:30,-2.1,0.76,54.3,-10.105686476572115,808.85,945.72,178.0
1990-04-07 10:30:00+05:30,0.32,0.97,50.5,-8.778310620404165,956.1,972.28,186.2
1990-04-07 11:30:00+05:30,2.06,1.31,43.3,-9.148708787422052,1017.35,955.5,188.7
1990-04-07 12:30:00+05:30,3.07,1.24,41.85,-8.666993465653444,1010.25,940.68,174.85
1990-04-07 13:30:00+05:30,3.83,1.38,42.0,-7.931643826392212,901.1,838.08,186.25
1990-04-07 14:30:00+05:30,4.38,1.59,40.45,-7.91943703980497,742.75,757.06,164.15
1990-04-07 15:30:00+05:30,4.46,1.72,40.6,-7.799353687943956,571.65,747.71,102.05
1990-04-07 16:30:00+05:30,4.06,1.66,42.15,-7.676915972782611,339.0,583.79,74.2
1990-04-07 17:30:00+05:30,3.22,1.38,47.3,-6.947680867328778,109.95,287.62,37.25
1990-04-07 18:30:00+05:30,1.73,0.97,53.0,-6.844002140154322,1.2,0.0,1.2
1990-04-07 19:30:00+05:30,-0.38,0.83,61.8,-6.824021914448622,0.0,0.0,0.0
1990-04-07 20:30:00+05:30,-2.25,0.9,69.45,-7.088369769851262,0.0,0.0,0.0
1990-04-07 21:30:00+05:30,-4.05,0.97,75.05,-7.819014267936621,0.0,0.0,0.0
1990-04-07 22:30:00+05:30,-5.81,1.03,84.5,-8.003625622727911,0.0,0.0,0.0
1990-04-07 23:30:00+05:30,-7.11,1.1,84.4,-9.29488183540772,0.0,0.0,0.0
1990-04-08 00:30:00+05:30,-8.74,0.97,95.35,-9.349026404099655,0.0,0.0,0.0
1990-04-08 01:30:00+05:30,-10.24,1.1,91.4,-11.372919123494018,0.0,0.0,0.0
1990-04-08 02:30:00+05:30,-10.81,1.1,95.3,-11.414903881646591,0.0,0.0,0.0
1990-04-08 03:30:00+05:30,-11.86,1.1,91.3,-12.990783984125466,0.0,0.0,0.0
1990-04-08 04:30:00+05:30,-12.76,1.1,87.45,-14.409321666085647,0.0,0.0,0.0
1990-04-08 05:30:00+05:30,-13.03,1.03,83.75,-15.200920317657575,0.0,0.0,0.0
1990-04-08 06:30:00+05:30,-14.24,1.1,80.1,-16.921740319612923,61.3,0.0,61.3
1990-04-08 07:30:00+05:30,-12.55,1.03,73.55,-16.30046039655242,357.55,760.81,121.3
1990-04-08 08:30:00+05:30,-8.39,0.83,62.65,-14.254129928366872,566.1,833.14,144.9
1990-04-08 09:30:00+05:30,-4.7,0.62,51.4,-13.215922815770393,731.75,819.44,181.95
1990-04-08 10:30:00+05:30,-2.27,0.76,44.0,-12.896788490682802,951.7,981.75,170.8
1990-04-08 11:30:00+05:30,-0.15,1.03,46.35,-10.303982154392488,992.85,967.74,150.45
1990-04-08 12:30:00+05:30,1.55,0.9,43.2,-9.642614317988853,962.8,846.89,208.2
1990-04-08 13:30:00+05:30,2.83,1.1,41.7,-8.93064521518374,897.5,810.42,204.05
1990-04-08 14:30:00+05:30,3.83,1.24,38.7,-8.983535288477508,725.95,717.47,175.8
1990-04-08 15:30:00+05:30,4.33,1.38,37.25,-9.023668810556579,535.65,618.91,145.45
1990-04-08 16:30:00+05:30,4.37,1.31,37.25,-8.98786984303733,333.3,549.8,82.6
1990-04-08 17:30:00+05:30,4.0,1.31,37.25,-9.31903412583192,103.4,219.41,47.4
1990-04-08 18:30:00+05:30,2.98,0.9,40.15,-9.279167194797276,1.4,0.0,1.4
1990-04-08 19:30:00+05:30,1.65,0.55,45.0,-9.030524758965916,0.0,0.0,0.0
1990-04-08 20:30:00+05:30,0.24,0.55,50.5,-8.852443446253645,0.0,0.0,0.0
1990-04-08 21:30:00+05:30,-1.22,0.55,56.7,-8.72991069510077,0.0,0.0,0.0
1990-04-08 22:30:00+05:30,-2.74,0.62,66.6,-8.100429314922975,0.0,0.0,0.0
1990-04-08 23:30:00+05:30,-4.0,0.69,66.35,-9.352986786966756,0.0,0.0,0.0
1990-04-09 00:30:00+05:30,-4.74,0.76,71.85,-9.04611223255164,0.0,0.0,0.0
1990-04-09 01:30:00+05:30,-5.54,0.76,71.75,-9.835212711903374,0.0,0.0,0.0
1990-04-09 02:30:00+05:30,-6.36,0.76,74.6,-10.133326878262192,0.0,0.0,0.0
1990-04-09 03:30:00+05:30,-7.08,0.83,74.55,-10.839038642486326,0.0,0.0,0.0
1990-04-09 04:30:00+05:30,-7.74,0.9,77.55,-10.982975915963362,0.0,0.0,0.0
1990-04-09 05:30:00+05:30,-8.08,0.83,77.55,-11.31367825635442,0.0,0.0,0.0
1990-04-09 06:30:00+05:30,-7.21,0.83,74.55,-10.964932105251634,70.65,0.0,70.65
1990-04-09 07:30:00+05:30,-5.72,0.62,71.65,-10.026456288582441,122.85,0.32,122.75
1990-04-09 08:30:00+05:30,-3.44,0.34,63.8,-9.318968324177858,274.05,42.87,252.2
1990-04-09 09:30:00+05:30,-1.05,0.21,61.65,-7.490468398397301,531.75,251.64,361.95
1990-04-09 10:30:00+05:30,0.84,0.62,57.2,-6.681825021084484,877.45,748.64,279.35
1990-04-09 11:30:00+05:30,2.75,0.28,51.15,-6.360159455100361,966.7,846.32,227.3
1990-04-09 12:30:00+05:30,4.13,0.28,47.6,-6.02844312815814,774.4,593.62,243.75
1990-04-09 13:30:00+05:30,4.88,1.03,45.85,-5.832253481262618,746.7,540.53,282.75
1990-04-09 14:30:00+05:30,5.75,1.31,44.3,-5.490105814524691,674.3,611.68,203.75
1990-04-09 15:30:00+05:30,5.94,1.52,44.45,-5.2722550678909395,518.4,642.57,111.75
1990-04-09 16:30:00+05:30,5.39,1.79,49.8,-4.269890323263461,282.9,399.69,99.7
1990-04-09 17:30:00+05:30,4.39,1.45,51.7,-4.697976164008054,88.85,184.14,41.4
1990-04-09 18:30:00+05:30,3.59,0.62,53.5,-4.988214125944576,1.25,0.0,1.25
1990-04-09 19:30:00+05:30,2.44,0.41,60.05,-4.5349042500051295,0.0,0.0,0.0
1990-04-09 20:30:00+05:30,1.45,0.14,67.4,-3.9374202173601573,0.0,0.0,0.0
1990-04-09 21:30:00+05:30,0.5,0.0,75.7,-3.2969429625890854,0.0,0.0,0.0
1990-04-09 22:30:00+05:30,-0.36,0.21,81.75,-3.1008228272202394,0.0,0.0,0.0
1990-04-09 23:30:00+05:30,-1.13,0.41,81.7,-3.8617368706137785,0.0,0.0,0.0
1990-04-10 00:30:00+05:30,-1.33,0.34,88.35,-3.008685831154237,0.0,0.0,0.0
1990-04-10 01:30:00+05:30,-1.61,0.41,84.95,-3.810603391959675,0.0,0.0,0.0
1990-04-10 02:30:00+05:30,-1.89,0.34,84.85,-4.101236259503759,0.0,0.0,0.0
1990-04-10 03:30:00+05:30,-1.94,0.28,84.85,-4.150323903402482,0.0,0.0,0.0
1990-04-10 04:30:00+05:30,-2.19,0.28,81.55,-4.922333548484709,0.0,0.0,0.0
1990-04-10 05:30:00+05:30,-2.54,0.21,78.35,-5.791949072412718,0.0,0.0,0.0
1990-04-10 06:30:00+05:30,-2.6,0.21,78.35,-5.850338177433488,72.55,0.0,72.55
1990-04-10 07:30:00+05:30,-2.04,0.41,75.3,-5.82844493997957,279.25,255.38,197.7
1990-04-10 08:30:00+05:30,-0.49,0.76,67.0,-5.871454334634069,380.45,164.17,296.1
1990-04-10 09:30:00+05:30,0.66,1.1,59.6,-6.31407576446815,532.5,188.64,404.5
1990-04-10 10:30:00+05:30,1.87,1.1,53.15,-6.676760481438717,700.8,321.3,443.0
1990-04-10 11:30:00+05:30,3.06,1.03,49.25,-6.568211656600159,873.65,517.17,420.2
1990-04-10 12:30:00+05:30,4.33,1.03,45.7,-6.378694720942681,787.7,502.31,337.25
1990-04-10 13:30:00+05:30,5.29,1.31,40.75,-7.001655478680429,761.7,519.44,314.5
1990-04-10 14:30:00+05:30,5.82,1.93,39.25,-7.011934061896252,503.0,257.29,304.45
1990-04-10 15:30:00+05:30,5.63,1.86,39.25,-7.182858029077,411.3,376.57,172.1
1990-04-10 16:30:00+05:30,5.5,1.86,39.25,-7.299813756131318,263.65,242.35,152.0
1990-04-10 17:30:00+05:30,5.02,1.31,40.75,-7.245609752871691,74.05,49.21,61.25
1990-04-10 18:30:00+05:30,4.08,1.03,43.9,-7.131101445918098,1.6,0.0,1.6
1990-04-10 19:30:00+05:30,2.98,0.41,49.25,-6.642077292911167,0.0,0.0,0.0
1990-04-10 20:30:00+05:30,2.05,0.28,53.15,-6.509104728593941,0.0,0.0,0.0
1990-04-10 21:30:00+05:30,1.05,0.21,57.35,-6.450341066070719,0.0,0.0,0.0
1990-04-10 22:30:00+05:30,0.17,0.14,61.9,-6.281698439539843,0.0,0.0,0.0
1990-04-10 23:30:00+05:30,-0.62,0.21,64.35,-6.52427252774845,0.0,0.0,0.0
1990-04-11 00:30:00+05:30,-1.8,0.41,78.35,-5.0718491446384055,0.0,0.0,0.0
1990-04-11 01:30:00+05:30,-2.54,0.28,75.3,-6.312869728457014,0.0,0.0,0.0
1990-04-11 02:30:00+05:30,-2.93,0.28,78.3,-6.1798516352474016,0.0,0.0,0.0
1990-04-11 03:30:00+05:30,-3.04,0.21,75.2,-6.814650005395879,0.0,0.0,0.0
1990-04-11 04:30:00+05:30,-2.84,0.14,75.2,-6.620892090993303,0.0,0.0,0.0
1990-04-11 05:30:00+05:30,-3.07,0.14,75.2,-6.843714130324376,0.0,0.0,0.0
1990-04-11 06:30:00+05:30,-3.06,0.28,75.2,-6.834026075992428,83.2,0.0,83.2
1990-04-11 07:30:00+05:30,-2.71,0.69,75.2,-6.494952168343119,200.35,68.13,178.3
1990-04-11 08:30:00+05:30,-1.61,1.1,66.8,-6.98135342566294,373.1,127.75,306.95
1990-04-11 09:30:00+05:30,-0.38,1.38,59.35,-7.35009971289484,536.95,185.93,410.1
1990-04-11 10:30:00+05:30,0.98,1.38,52.85,-7.5791823409014585,658.9,190.82,505.15
1990-04-11 11:30:00+05:30,2.32,1.59,49.0,-7.317614330062395,668.35,225.04,470.35
1990-04-11 12:30:00+05:30,2.78,1.45,53.25,-5.804545834052696,607.8,197.71,429.95
1990-04-11 13:30:00+05:30,3.26,1.52,57.8,-4.270561980899212,618.05,220.39,427.75
1990-04-11 14:30:00+05:30,3.64,1.52,57.95,-3.8788286339327835,517.4,189.25,370.9
1990-04-11 15:30:00+05:30,3.79,1.52,57.95,-3.7378330429682225,478.7,427.28,206.3
1990-04-11 16:30:00+05:30,3.48,1.66,51.4,-5.619145474858207,258.9,233.57,150.75
1990-04-11 17:30:00+05:30,2.86,1.31,55.45,-5.196262658097445,80.85,85.7,58.35
1990-04-11 18:30:00+05:30,1.49,0.9,62.25,-4.956324401270765,1.75,0.0,1.75
1990-04-11 19:30:00+05:30,0.52,0.62,69.95,-4.333702701937662,0.0,0.0,0.0
1990-04-11 20:30:00+05:30,-0.29,0.34,75.55,-4.089006375184978,0.0,0.0,0.0
1990-04-11 21:30:00+05:30,-1.09,0.14,78.5,-4.3555478301755866,0.0,0.0,0.0
1990-04-11 22:30:00+05:30,-2.1,0.07,81.55,-4.834363685935773,0.0,0.0,0.0
1990-04-11 23:30:00+05:30,-3.15,0.21,81.5,-5.868784185926761,0.0,0.0,0.0
1990-04-12 00:30:00+05:30,-4.63,0.48,81.3,-7.347427186894557,0.0,0.0,0.0
1990-04-12 01:30:00+05:30,-5.46,0.41,84.55,-7.652414921042225,0.0,0.0,0.0
1990-04-12 02:30:00+05:30,-5.87,0.34,84.5,-8.06252164154355,0.0,0.0,0.0
1990-04-12 03:30:00+05:30,-6.21,0.34,84.45,-8.403883234890868,0.0,0.0,0.0
1990-04-12 04:30:00+05:30,-6.54,0.34,81.05,-9.253647117404828,0.0,0.0,0.0
1990-04-12 05:30:00+05:30,-6.6,0.28,81.05,-9.312278744256359,0.0,0.0,0.0
1990-04-12 06:30:00+05:30,-6.61,0.28,81.05,-9.322050715229759,74.6,0.0,74.6
1990-04-12 07:30:00+05:30,-5.14,0.21,71.85,-9.431803194177592,423.8,931.35,118.4
1990-04-12 08:30:00+05:30,-3.25,0.55,63.8,-9.13817832163009,631.15,874.76,174.7
1990-04-12 09:30:00+05:30,-1.5,0.76,52.2,-10.046174122953618,848.65,1023.75,146.45
1990-04-12 10:30:00+05:30,0.28,1.1,42.75,-10.931209422260194,902.1,825.16,234.5
1990-04-12 11:30:00+05:30,1.26,1.24,37.95,-11.540262844009275,975.2,778.1,288.25
1990-04-12 12:30:00+05:30,2.08,1.66,33.75,-12.272412959243479,1000.4,845.42,237.6
1990-04-12 13:30:00+05:30,2.69,2.07,31.15,-12.729444672166137,863.05,694.41,261.7
1990-04-12 14:30:00+05:30,2.97,2.21,28.75,-13.47479043020128,738.05,746.66,158.3
1990-04-12 15:30:00+05:30,2.95,2.21,27.55,-14.015806727742815,571.55,672.23,141.45
1990-04-12 16:30:00+05:30,2.8,2.28,28.6,-13.687133799732672,290.55,417.65,96.2
1990-04-12 17:30:00+05:30,2.01,1.86,28.45,-14.439118140634115,117.5,250.06,51.25
1990-04-12 18:30:00+05:30,1.06,1.38,32.05,-13.81287220290466,2.25,0.0,2.25
1990-04-12 19:30:00+05:30,0.02,0.9,37.7,-12.735983064542081,0.0,0.0,0.0
1990-04-12 20:30:00+05:30,-1.09,0.62,48.15,-10.687691594946399,0.0,0.0,0.0
1990-04-12 21:30:00+05:30,-1.99,0.41,45.9,-12.1155361573451,0.0,0.0,0.0
1990-04-12 22:30:00+05:30,-3.03,0.34,49.8,-12.05827869837651,0.0,0.0,0.0
1990-04-12 23:30:00+05:30,-4.16,0.34,53.9,-12.123790923911566,0.0,0.0,0.0
1990-04-13 00:30:00+05:30,-4.92,0.48,55.95,-12.371017362184157,0.0,0.0,0.0
1990-04-13 01:30:00+05:30,-6.13,0.55,60.6,-12.519878079745714,0.0,0.0,0.0
1990-04-13 02:30:00+05:30,-7.05,0.55,65.7,-12.39120175333261,0.0,0.0,0.0
1990-04-13 03:30:00+05:30,-7.65,0.55,68.45,-12.456223363246206,0.0,0.0,0.0
1990-04-13 04:30:00+05:30,-8.0,0.48,71.3,-12.285796824783164,0.0,0.0,0.0
1990-04-13 05:30:00+05:30,-8.7,0.55,71.2,-12.977901208052467,0.0,0.0,0.0
1990-04-13 06:30:00+05:30,-8.51,0.55,71.2,-12.794775214969498,61.75,0.0,61.75
1990-04-13 07:30:00+05:30,-6.53,0.55,63.1,-12.397349415649353,347.2,674.75,123.1
1990-04-13 08:30:00+05:30,-4.38,0.48,60.95,-10.790762905174166,466.75,643.32,128.55
1990-04-13 09:30:00+05:30,-2.89,0.76,56.45,-10.354067061727347,732.7,857.73,141.3
1990-04-13 10:30:00+05:30,-1.14,1.03,54.55,-9.149835373494613,901.4,866.72,197.35
1990-04-13 11:30:00+05:30,0.29,1.45,48.45,-9.33603760148379,973.7,735.66,322.05
1990-04-13 12:30:00+05:30,1.42,1.79,39.75,-10.814268960256129,985.3,789.33,271.0
1990-04-13 13:30:00+05:30,2.29,2.21,36.7,-11.037429741328507,909.05,744.15,262.8
1990-04-13 14:30:00+05:30,2.76,2.41,33.9,-11.614317989565144,538.95,449.23,189.1
1990-04-13 15:30:00+05:30,2.23,2.14,32.35,-12.665910942554849,576.05,669.63,146.1
1990-04-13 16:30:00+05:30,2.08,2.0,31.0,-13.324916890135412,353.0,561.35,90.5
1990-04-13 17:30:00+05:30,1.36,1.66,29.55,-14.543161478773346,126.1,309.35,43.4
1990-04-13 18:30:00+05:30,0.11,1.17,36.1,-13.191634089692329,2.5,0.0,2.5
1990-04-13 19:30:00+05:30,-1.4,0.83,42.35,-12.577192544356526,0.0,0.0,0.0
1990-04-13 20:30:00+05:30,-3.03,0.69,51.95,-11.530296420061202,0.0,0.0,0.0
1990-04-13 21:30:00+05:30,-4.69,0.69,56.1,-12.121842354652316,0.0,0.0,0.0
1990-04-13 22:30:00+05:30,-6.25,0.76,60.5,-12.653974976104244,0.0,0.0,0.0
1990-04-13 23:30:00+05:30,-7.73,0.83,65.5,-13.078490454566479,0.0,0.0,0.0
1990-04-14 00:30:00+05:30,-8.67,0.83,68.25,-13.47112583892645,0.0,0.0,0.0
1990-04-14 01:30:00+05:30,-9.63,0.9,71.0,-13.908837033364293,0.0,0.0,0.0
1990-04-14 02:30:00+05:30,-10.8,0.97,77.05,-14.039038157377174,0.0,0.0,0.0
1990-04-14 03:30:00+05:30,-11.91,1.03,76.9,-15.14201963038724,0.0,0.0,0.0
1990-04-14 04:30:00+05:30,-12.53,1.03,76.85,-15.752679037736689,0.0,0.0,0.0
1990-04-14 05:30:00+05:30,-13.48,1.03,70.3,-17.73769622924371,0.0,0.0,0.0
1990-04-14 06:30:00+05:30,-13.94,0.97,64.25,-19.2387286555532,67.85,0.0,67.85
1990-04-14 07:30:00+05:30,-10.5,1.03,47.7,-19.489257162249746,456.5,1045.87,104.8
1990-04-14 08:30:00+05:30,-6.62,0.97,34.35,-19.794813944539328,694.45,1085.15,119.8
1990-04-14 09:30:00+05:30,-3.28,0.97,29.55,-18.604154536280973,884.95,1057.4,152.15
1990-04-14 10:30:00+05:30,-1.0,0.97,30.15,-16.36639920023944,1013.5,1013.54,186.95
1990-04-14 11:30:00+05:30,0.67,1.03,31.9,-14.214238591464296,1072.3,1018.47,167.2
1990-04-14 12:30:00+05:30,2.03,0.76,32.35,-12.842371725574377,1052.05,971.17,170.65
1990-04-14 13:30:00+05:30,3.17,0.76,32.6,-11.740610147958387,957.0,945.8,133.35
1990-04-14 14:30:00+05:30,3.97,0.97,30.25,-11.971611956745626,776.15,802.44,149.4
1990-04-14 15:30:00+05:30,4.28,1.1,30.25,-11.70034434657484,542.7,554.72,185.3
1990-04-14 16:30:00+05:30,4.23,1.38,29.0,-12.270277439900571,269.95,316.89,121.05
1990-04-14 17:30:00+05:30,3.49,1.31,28.9,-12.957695164628253,96.75,125.32,62.95
1990-04-14 18:30:00+05:30,2.2,1.03,33.75,-12.16605290442434,2.85,0.0,2.85
1990-04-14 19:30:00+05:30,0.73,0.83,41.15,-11.00250442486291,0.0,0.0,0.0
1990-04-14 20:30:00+05:30,-0.69,0.76,46.2,-10.840670386832313,0.0,0.0,0.0
1990-04-14 21:30:00+05:30,-2.07,0.69,54.3,-10.077646445276248,0.0,0.0,0.0
1990-04-14 22:30:00+05:30,-3.66,0.69,56.35,-11.09931763966626,0.0,0.0,0.0
1990-04-14 23:30:00+05:30,-4.84,0.69,55.95,-12.295944754766666,0.0,0.0,0.0
1990-04-15 00:30:00+05:30,-5.75,0.69,58.1,-12.683522247544477,0.0,0.0,0.0
1990-04-15 01:30:00+05:30,-6.71,0.76,60.4,-13.109893056154169,0.0,0.0,0.0
1990-04-15 02:30:00+05:30,-7.62,0.76,57.7,-14.53057912752598,0.0,0.0,0.0
1990-04-15 03:30:00+05:30,-8.5,0.76,60.0,-14.88546420256136,0.0,0.0,0.0
1990-04-15 04:30:00+05:30,-9.21,0.83,57.35,-16.102153065299223,0.0,0.0,0.0
1990-04-15 05:30:00+05:30,-9.73,0.83,57.2,-16.623360788446494,0.0,0.0,0.0
1990-04-15 06:30:00+05:30,-9.1,0.83,52.55,-17.046228595776277,54.95,0.0,54.95
1990-04-15 07:30:00+05:30,-5.48,0.76,37.85,-17.632768846135054,456.95,1109.38,79.35
1990-04-15 08:30:00+05:30,-1.26,0.62,28.7,-17.183326032547022,684.55,1107.44,93.9
1990-04-15 09:30:00+05:30,1.18,0.21,26.95,-15.816794877027359,869.95,1099.18,104.4
1990-04-15 10:30:00+05:30,2.89,0.48,30.0,-13.019632887306255,997.45,1088.33,106.5
1990-04-15 11:30:00+05:30,4.42,0.76,31.7,-10.990402011875972,1048.4,1033.86,126.7
1990-04-15 12:30:00+05:30,5.68,1.1,33.35,-9.236604539710855,987.55,876.2,190.1
1990-04-15 13:30:00+05:30,6.49,1.66,29.7,-10.000752954035427,831.3,640.56,271.95
1990-04-15 14:30:00+05:30,6.93,2.14,26.35,-11.130407426029082,624.65,448.62,273.25
1990-04-15 15:30:00+05:30,6.94,2.07,25.3,-11.631595415923352,458.25,387.09,208.0
1990-04-15 16:30:00+05:30,6.45,1.79,26.25,-11.591220856077422,293.15,360.18,123.1
1990-04-15 17:30:00+05:30,5.7,1.38,28.25,-11.319489115646428,100.55,226.03,39.05
1990-04-15 18:30:00+05:30,4.5,0.9,31.7,-10.920054050785387,2.9,0.0,2.9
1990-04-15 19:30:00+05:30,2.97,0.62,37.0,-10.326427009170786,0.0,0.0,0.0
1990-04-15 20:30:00+05:30,1.14,0.62,52.85,-7.430209603188766,0.0,0.0,0.0
1990-04-15 21:30:00+05:30,-0.25,0.62,52.45,-8.822038000586977,0.0,0.0,0.0
1990-04-15 22:30:00+05:30,-1.64,0.76,52.2,-10.176448254472929,0.0,0.0,0.0
1990-04-15 23:30:00+05:30,-2.88,0.76,56.45,-10.344678830178355,0.0,0.0,0.0
1990-04-16 00:30:00+05:30,-3.51,0.76,56.35,-10.958495723161308,0.0,0.0,0.0
1990-04-16 01:30:00+05:30,-4.41,0.83,58.5,-11.334853856849527,0.0,0.0,0.0
1990-04-16 02:30:00+05:30,-5.32,0.83,60.75,-11.72214241878266,0.0,0.0,0.0
1990-04-16 03:30:00+05:30,-6.09,0.83,58.1,-13.003963104875568,0.0,0.0,0.0
1990-04-16 04:30:00+05:30,-6.81,0.83,60.4,-13.204553192772591,0.0,0.0,0.0
1990-04-16 05:30:00+05:30,-7.36,0.83,60.25,-13.755763243624626,0.0,0.0,0.0
1990-04-16 06:30:00+05:30,-7.29,0.76,57.7,-14.219674981108577,88.9,0.0,88.9
1990-04-16 07:30:00+05:30,-4.09,0.62,43.6,-14.671596142132577,417.05,802.12,140.8
1990-04-16 08:30:00+05:30,-0.3,0.48,35.95,-13.609261448181252,634.9,848.49,179.2
1990-04-16 09:30:00+05:30,2.22,0.76,35.2,-11.623271881674954,796.2,771.86,256.0
1990-04-16 10:30:00+05:30,3.99,0.9,37.25,-9.327985253647286,945.95,867.28,233.3
1990-04-16 11:30:00+05:30,5.76,0.9,34.75,-8.639308111095774,1004.35,871.99,224.55
1990-04-16 12:30:00+05:30,6.93,1.17,32.4,-8.504261657261667,939.2,786.62,221.3
1990-04-16 13:30:00+05:30,7.69,1.17,31.25,-8.301410074724428,841.0,678.67,246.8
1990-04-16 14:30:00+05:30,8.42,0.97,30.15,-8.124507464789236,641.55,491.79,255.25
1990-04-16 15:30:00+05:30,8.66,1.17,30.15,-7.915053329405976,472.8,381.4,225.4
1990-04-16 16:30:00+05:30,7.6,1.24,33.9,-7.328608002702501,232.0,180.56,146.35
1990-04-16 17:30:00+05:30,6.7,1.17,38.0,-6.643719054662435,56.55,40.99,45.3
1990-04-16 18:30:00+05:30,5.55,0.83,44.3,-5.672454573786163,2.3,0.0,2.3
1990-04-16 19:30:00+05:30,3.73,0.55,57.95,-3.7942306525902976,0.0,0.0,0.0
1990-04-16 20:30:00+05:30,2.54,0.28,65.0,-3.38246314851775,0.0,0.0,0.0
1990-04-16 21:30:00+05:30,1.75,0.34,75.85,-2.0588499337964277,0.0,0.0,0.0
1990-04-16 22:30:00+05:30,0.72,0.34,75.7,-3.0837501495770803,0.0,0.0,0.0
1990-04-16 23:30:00+05:30,-0.37,0.48,81.75,-3.110598301322551,0.0,0.0,0.0
1990-04-17 00:30:00+05:30,-1.6,0.41,81.65,-4.329344510229687,0.0,0.0,0.0
1990-04-17 01:30:00+05:30,-2.15,0.48,84.85,-4.356494044686129,0.0,0.0,0.0
1990-04-17 02:30:00+05:30,-2.49,0.41,81.55,-5.215571806783825,0.0,0.0,0.0
1990-04-17 03:30:00+05:30,-2.95,0.41,81.5,-5.673292232990222,0.0,0.0,0.0
1990-04-17 04:30:00+05:30,-3.05,0.34,78.3,-6.296627112159228,0.0,0.0,0.0
1990-04-17 05:30:00+05:30,-3.24,0.28,78.2,-6.498229180691754,0.0,0.0,0.0
1990-04-17 06:30:00+05:30,-2.91,0.21,78.3,-6.160389209252646,74.65,0.0,74.65
1990-04-17 07:30:00+05:30,-1.01,0.07,72.5,-5.331855671521252,426.0,840.91,133.05
1990-04-17 08:30:00+05:30,0.77,0.9,59.6,-6.210280853747186,654.0,928.57,151.9
1990-04-17 09:30:00+05:30,2.5,1.17,43.45,-8.703699767772902,788.75,800.56,225.8
1990-04-17 10:30:00+05:30,3.82,1.38,37.15,-9.51441042303006,851.4,723.96,254.35
1990-04-17 11:30:00+05:30,4.73,1.86,31.7,-10.71781942933512,860.35,590.65,330.55
1990-04-17 12:30:00+05:30,5.33,1.86,33.2,-9.603317858776336,775.7,520.55,299.35
1990-04-17 13:30:00+05:30,5.32,2.07,33.2,-9.61215188881018,734.45,439.05,349.05
1990-04-17 14:30:00+05:30,5.55,2.14,30.7,-10.402946375941756,580.3,294.86,348.05
1990-04-17 15:30:00+05:30,5.45,1.86,30.7,-10.490529581243479,425.0,338.05,205.0
1990-04-17 16:30:00+05:30,5.19,1.45,31.85,-10.253678072297017,311.85,379.4,131.05
1990-04-17 17:30:00+05:30,4.92,1.31,30.55,-11.016408469762156,105.65,166.55,59.55
1990-04-17 18:30:00+05:30,4.3,0.9,32.9,-10.628040004223694,3.35,0.0,3.35
1990-04-17 19:30:00+05:30,3.32,0.34,40.15,-8.972217998559458,0.0,0.0,0.0
1990-04-17 20:30:00+05:30,2.43,0.28,43.45,-8.767460287163905,0.0,0.0,0.0
1990-04-17 21:30:00+05:30,1.47,0.28,50.9,-7.610745493901879,0.0,0.0,0.0
1990-04-17 22:30:00+05:30,0.11,0.34,59.45,-6.865929103033844,0.0,0.0,0.0
1990-04-17 23:30:00+05:30,-1.25,0.41,66.8,-6.6372000713928,0.0,0.0,0.0
1990-04-18 00:30:00+05:30,-1.78,0.48,64.0,-7.699184980979146,0.0,0.0,0.0
1990-04-18 01:30:00+05:30,-2.65,0.48,64.0,-8.52710570385944,0.0,0.0,0.0
1990-04-18 02:30:00+05:30,-3.37,0.55,69.25,-8.201085944507057,0.0,0.0,0.0
1990-04-18 03:30:00+05:30,-4.09,0.62,72.05,-8.38366499959123,0.0,0.0,0.0
1990-04-18 04:30:00+05:30,-5.28,0.62,77.9,-8.532805348558552,0.0,0.0,0.0
1990-04-18 05:30:00+05:30,-6.37,0.69,84.45,-8.560934607407773,0.0,0.0,0.0
1990-04-18 06:30:00+05:30,-6.48,0.76,81.05,-9.195015831674912,78.15,0.0,78.15
1990-04-18 07:30:00+05:30,-3.95,0.62,66.35,-9.305200572999496,417.05,809.87,131.75
1990-04-18 08:30:00+05:30,-1.21,0.34,56.7,-8.720521979259654,661.05,920.51,160.0
1990-04-18 09:30:00+05:30,1.06,0.34,50.75,-8.028973540621799,843.05,929.78,186.2
1990-04-18 10:30:00+05:30,2.89,0.62,43.6,-8.304142370651052,946.75,874.05,223.35
1990-04-18 11:30:00+05:30,4.61,0.83,37.4,-8.721556869212403,989.35,905.49,174.75
1990-04-18 12:30:00+05:30,5.61,1.1,36.2,-8.247200010244509,894.1,736.31,218.55
1990-04-18 13:30:00+05:30,6.31,1.59,34.9,-8.09564542248202,725.2,611.35,187.2
1990-04-18 14:30:00+05:30,6.48,1.66,33.6,-8.433809364568711,716.6,590.68,250.1
1990-04-18 15:30:00+05:30,6.89,1.79,32.25,-8.599070143136409,485.55,412.77,216.05
1990-04-18 16:30:00+05:30,6.66,1.72,30.95,-9.327637936492197,266.35,277.82,133.35
1990-04-18 17:30:00+05:30,6.03,1.45,30.85,-9.920750367651136,101.75,153.52,58.9
1990-04-18 18:30:00+05:30,5.33,1.03,31.85,-10.130555479016614,3.5,0.0,3.5
1990-04-18 19:30:00+05:30,4.53,0.69,35.9,-9.316688212501882,0.0,0.0,0.0
1990-04-18 20:30:00+05:30,3.67,0.55,43.75,-7.549131320349459,0.0,0.0,0.0
1990-04-18 21:30:00+05:30,3.14,0.28,40.15,-9.134715251573748,0.0,0.0,0.0
1990-04-18 22:30:00+05:30,2.4,0.28,41.7,-9.32053819036508,0.0,0.0,0.0
1990-04-18 23:30:00+05:30,1.75,0.21,45.0,-8.939062977035471,0.0,0.0,0.0
1990-04-19 00:30:00+05:30,0.93,0.28,46.75,-9.202841247038377,0.0,0.0,0.0
1990-04-19 01:30:00+05:30,0.53,0.07,48.6,-9.075132580535325,0.0,0.0,0.0
1990-04-19 02:30:00+05:30,0.0,0.07,50.5,-9.074852850275311,0.0,0.0,0.0
1990-04-19 03:30:00+05:30,-0.61,0.14,50.35,-9.67806557204536,0.0,0.0,0.0
1990-04-19 04:30:00+05:30,-1.24,0.28,56.7,-8.748688199080215,0.0,0.0,0.0
1990-04-19 05:30:00+05:30,-2.17,0.34,58.95,-9.125603426787661,0.0,0.0,0.0
1990-04-19 06:30:00+05:30,-2.91,0.41,61.35,-9.31543649179235,200.0,786.16,84.0
1990-04-19 07:30:00+05:30,-0.71,0.14,52.35,-9.274532295739352,436.65,887.2,120.7
1990-04-19 08:30:00+05:30,1.21,1.03,46.75,-8.94562175255072,665.2,1008.51,112.7
1990-04-19 09:30:00+05:30,3.01,1.86,40.15,-9.252081742748842,814.45,910.95,168.0
1990-04-19 10:30:00+05:30,4.34,2.34,31.55,-11.120363079665378,885.15,803.78,217.6
1990-04-19 11:30:00+05:30,5.34,2.69,25.8,-12.761243975332208,985.8,885.5,186.9
1990-04-19 12:30:00+05:30,6.05,2.76,23.0,-13.572873948608835,923.2,652.78,322.75
1990-04-19 13:30:00+05:30,6.34,3.03,23.0,-13.326774631641323,809.9,518.31,352.65
1990-04-19 14:30:00+05:30,6.47,3.1,21.25,-14.188780372663468,678.6,562.98,232.8
1990-04-19 15:30:00+05:30,6.42,3.1,22.15,-13.722414969770265,457.9,369.86,215.65
1990-04-19 16:30:00+05:30,5.96,2.69,23.0,-13.64925877192581,268.6,248.39,149.15
1990-04-19 17:30:00+05:30,5.24,2.07,24.75,-13.360363656206278,103.3,154.02,59.95
1990-04-19 18:30:00+05:30,4.37,1.17,27.8,-12.673422700186162,4.15,0.0,4.15
1990-04-19 19:30:00+05:30,3.7,0.62,32.75,-11.215283460983784,0.0,0.0,0.0
1990-04-19 20:30:00+05:30,2.67,0.48,55.45,-5.374025317943057,0.0,0.0,0.0
1990-04-19 21:30:00+05:30,2.38,0.41,38.4,-10.385804657308679,0.0,0.0,0.0
1990-04-19 22:30:00+05:30,1.63,0.34,45.0,-9.048817506668959,0.0,0.0,0.0
1990-04-19 23:30:00+05:30,0.95,0.34,46.75,-9.184467613320258,0.0,0.0,0.0
1990-04-20 00:30:00+05:30,0.43,0.14,44.75,-10.217186415448127,0.0,0.0,0.0
1990-04-20 01:30:00+05:30,-0.02,0.14,48.45,-9.622017933153971,0.0,0.0,0.0
1990-04-20 02:30:00+05:30,-0.42,0.28,52.45,-8.980253463804843,0.0,0.0,0.0
1990-04-20 03:30:00+05:30,-0.65,0.48,52.45,-9.194322122443474,0.0,0.0,0.0
1990-04-20 04:30:00+05:30,-0.91,0.69,56.85,-8.40489925113107,0.0,0.0,0.0
1990-04-20 05:30:00+05:30,-1.25,0.76,61.55,-7.700976425124268,0.0,0.0,0.0
1990-04-20 06:30:00+05:30,-1.68,0.9,61.45,-8.129326619177279,151.45,212.05,119.3
1990-04-20 07:30:00+05:30,-1.42,1.31,61.55,-7.862032148110128,303.6,212.98,226.95
1990-04-20 08:30:00+05:30,0.43,1.86,48.6,-9.167405112627272,508.65,334.85,324.05
1990-04-20 09:30:00+05:30,1.39,2.41,45.0,-9.268340653999246,521.25,177.48,394.75
1990-04-20 10:30:00+05:30,2.2,2.14,41.55,-9.54780870349009,569.7,134.16,457.9
1990-04-20 11:30:00+05:30,3.08,2.28,38.55,-9.707231248018143,755.5,249.3,529.95
1990-04-20 12:30:00+05:30,4.45,2.21,42.3,-7.2769835916676655,744.7,256.75,507.95
1990-04-20 13:30:00+05:30,5.31,2.34,40.75,-6.983585835565472,729.3,399.4,376.1
1990-04-20 14:30:00+05:30,5.93,2.34,37.85,-7.385092370994094,570.65,319.75,316.8
1990-04-20 15:30:00+05:30,6.06,2.21,39.4,-6.746309605763047,390.3,209.43,252.7
1990-04-20 16:30:00+05:30,4.93,2.14,42.45,-6.79527900580205,189.3,103.2,139.45
1990-04-20 17:30:00+05:30,4.85,2.0,37.4,-8.506704157039403,67.9,26.96,60.25
1990-04-20 18:30:00+05:30,3.88,1.24,42.0,-7.886293607385835,3.3,0.0,3.3
1990-04-20 19:30:00+05:30,2.77,0.14,53.25,-5.813859820476378,0.0,0.0,0.0
1990-04-20 20:30:00+05:30,2.07,0.48,59.95,-4.906278544669788,0.0,0.0,0.0
1990-04-20 21:30:00+05:30,1.55,0.69,70.1,-3.315663398971113,0.0,0.0,0.0
1990-04-20 22:30:00+05:30,1.23,0.28,70.05,-3.6326240086679893,0.0,0.0,0.0
1990-04-20 23:30:00+05:30,0.47,0.48,72.75,-3.858385340599285,0.0,0.0,0.0
1990-04-21 00:30:00+05:30,-1.07,1.03,85.0,-3.2725086826535743,0.0,0.0,0.0
1990-04-21 01:30:00+05:30,-1.75,1.1,84.85,-3.9637918489125434,0.0,0.0,0.0
1990-04-21 02:30:00+05:30,-2.16,0.76,81.55,-4.893010178152207,0.0,0.0,0.0
1990-04-21 03:30:00+05:30,-2.96,0.62,81.5,-5.683066742955254,0.0,0.0,0.0
1990-04-21 04:30:00+05:30,-4.0,0.34,78.15,-7.246062568942397,0.0,0.0,0.0
1990-04-21 05:30:00+05:30,-4.24,0.21,78.05,-7.496189500554481,0.0,0.0,0.0
1990-04-21 06:30:00+05:30,-3.78,0.07,75.05,-7.557465088634429,202.35,718.13,90.6
1990-04-21 07:30:00+05:30,-2.59,0.41,66.65,-7.947358042281179,418.65,710.12,160.45
1990-04-21 08:30:00+05:30,-1.38,0.9,56.7,-8.88013342609143,659.85,864.47,180.35
1990-04-21 09:30:00+05:30,0.1,0.97,42.75,-11.095014986394402,830.8,836.94,231.7
1990-04-21 10:30:00+05:30,1.21,0.97,37.95,-11.585162648601985,877.2,617.07,361.3
1990-04-21 11:30:00+05:30,2.35,1.17,35.2,-11.507531912996397,1046.85,923.3,209.25
1990-04-21 12:30:00+05:30,3.46,1.31,34.15,-10.901417213565656,934.6,599.66,380.3
1990-04-21 13:30:00+05:30,4.22,1.59,30.25,-11.752844327940164,927.1,750.39,261.95
1990-04-21 14:30:00+05:30,4.68,1.79,27.95,-12.337786960417729,739.0,619.79,245.7
1990-04-21 15:30:00+05:30,4.82,2.07,25.7,-13.256214463204795,505.35,480.91,188.4
1990-04-21 16:30:00+05:30,4.39,1.93,24.6,-14.16241499477496,352.4,486.03,116.6
1990-04-21 17:30:00+05:30,3.9,1.72,24.45,-14.65632064824563,130.15,245.75,59.85
1990-04-21 18:30:00+05:30,3.02,1.24,26.4,-14.476661221281578,4.7,0.0,4.7
1990-04-21 19:30:00+05:30,2.0,0.76,31.0,-13.395181950117582,0.0,0.0,0.0
1990-04-21 20:30:00+05:30,0.67,0.55,48.6,-8.945956051778502,0.0,0.0,0.0
1990-04-21 21:30:00+05:30,-0.22,0.41,40.85,-11.95476141980304,0.0,0.0,0.0
1990-04-21 22:30:00+05:30,-1.53,0.34,48.05,-11.119641291780148,0.0,0.0,0.0
1990-04-21 23:30:00+05:30,-2.75,0.41,51.95,-11.269782790162676,0.0,0.0,0.0
1990-04-22 00:30:00+05:30,-3.67,0.48,54.0,-11.64275609125315,0.0,0.0,0.0
1990-04-22 01:30:00+05:30,-4.65,0.48,58.5,-11.561137876559524,0.0,0.0,0.0
1990-04-22 02:30:00+05:30,-5.51,0.48,60.75,-11.902053498458406,0.0,0.0,0.0
1990-04-22 03:30:00+05:30,-6.38,0.55,65.8,-11.732210627871867,0.0,0.0,0.0
1990-04-22 04:30:00+05:30,-7.08,0.62,65.7,-12.419859663137213,0.0,0.0,0.0
1990-04-22 05:30:00+05:30,-8.5,0.76,77.45,-11.738338320635696,0.0,0.0,0.0
1990-04-22 06:30:00+05:30,-8.76,0.83,77.35,-12.00732497799731,234.2,1035.12,69.05
1990-04-22 07:30:00+05:30,-5.78,0.9,60.6,-12.188510684213467,474.6,986.29,112.4
1990-04-22 08:30:00+05:30,-3.05,0.83,51.95,-11.54890535969298,701.9,987.12,151.1
1990-04-22 09:30:00+05:30,-0.83,0.62,50.2,-9.919810101788187,890.8,992.76,177.2
1990-04-22 10:30:00+05:30,0.76,0.48,46.6,-9.400009414085194,1021.9,992.7,189.3
1990-04-22 11:30:00+05:30,2.06,0.28,38.25,-10.722765599818228,1075.0,974.52,188.6
1990-04-22 12:30:00+05:30,2.9,0.28,35.45,-10.928905027749446,992.6,830.57,223.05
1990-04-22 13:30:00+05:30,3.55,0.9,32.75,-11.34770714809899,902.25,822.17,171.8
1990-04-22 14:30:00+05:30,4.07,1.38,30.25,-11.884101477980701,711.6,694.64,157.35
1990-04-22 15:30:00+05:30,4.2,1.72,29.0,-12.296408657896066,537.45,585.95,150.1
1990-04-22 16:30:00+05:30,4.14,1.72,27.8,-12.872848271125276,328.35,518.09,75.9
1990-04-22 17:30:00+05:30,3.61,1.59,28.9,-12.853171607481773,145.4,336.74,48.3
1990-04-22 18:30:00+05:30,2.59,1.17,32.5,-12.29080026932291,4.7,0.0,4.7
1990-04-22 19:30:00+05:30,1.1,0.76,41.3,-10.621371501039075,0.0,0.0,0.0
1990-04-22 20:30:00+05:30,-0.48,0.55,54.7,-8.497580029160373,0.0,0.0,0.0
1990-04-22 21:30:00+05:30,-1.7,0.48,54.3,-9.731838455459593,0.0,0.0,0.0
1990-04-22 22:30:00+05:30,-3.36,0.48,58.75,-10.291064832218243,0.0,0.0,0.0
1990-04-22 23:30:00+05:30,-4.62,0.48,66.25,-9.964714958407356,0.0,0.0,0.0
1990-04-23 00:30:00+05:30,-5.84,0.55,71.65,-10.142143216372856,0.0,0.0,0.0
1990-04-23 01:30:00+05:30,-6.63,0.55,74.6,-10.394794041401838,0.0,0.0,0.0
1990-04-23 02:30:00+05:30,-7.78,0.62,80.85,-10.496650893486326,0.0,0.0,0.0
1990-04-23 03:30:00+05:30,-8.9,0.69,84.15,-11.089305038487407,0.0,0.0,0.0
1990-04-23 04:30:00+05:30,-9.73,0.83,80.65,-12.432845994204385,0.0,0.0,0.0
1990-04-23 05:30:00+05:30,-10.82,0.9,83.95,-13.003142216386282,0.0,0.0,0.0
1990-04-23 06:30:00+05:30,-11.91,1.03,80.3,-14.615900114171591,218.6,808.69,86.45
1990-04-23 07:30:00+05:30,-9.75,1.1,65.05,-15.09182339219874,474.8,944.98,124.4
1990-04-23 08:30:00+05:30,-6.37,1.17,48.85,-15.386849295132592,709.5,1027.57,132.8
1990-04-23 09:30:00+05:30,-3.23,1.03,43.75,-13.84404081984882,899.6,1035.03,152.6
1990-04-23 10:30:00+05:30,-0.9,0.97,46.2,-11.033459919930833,1029.05,1070.21,128.65
1990-04-23 11:30:00+05:30,0.93,1.03,44.85,-9.73160923840362,1085.25,1057.88,120.55
1990-04-23 12:30:00+05:30,2.42,1.1,40.05,-9.816513304446106,1077.0,1029.54,120.9
1990-04-23 13:30:00+05:30,3.49,1.31,34.15,-10.874810182214802,980.95,973.28,114.3
1990-04-23 14:30:00+05:30,4.16,1.52,30.25,-11.8053459542102,826.2,883.87,119.25
1990-04-23 15:30:00+05:30,4.41,1.79,26.8,-13.09213620222927,586.95,722.13,108.15
1990-04-23 16:30:00+05:30,4.22,1.86,24.45,-14.382618745933152,389.7,637.47,77.75
1990-04-23 17:30:00+05:30,3.62,1.72,23.3,-15.480134522460082,153.75,368.67,46.6
1990-04-23 18:30:00+05:30,2.28,1.1,28.45,-14.204155696015807,5.2,0.0,5.2
1990-04-23 19:30:00+05:30,0.55,0.83,34.75,-13.269491762552084,0.0,0.0,0.0
1990-04-23 20:30:00+05:30,-1.18,0.83,48.05,-10.796894097372713,0.0,0.0,0.0
1990-04-23 21:30:00+05:30,-3.01,0.76,58.85,-9.93943767480994,0.0,0.0,0.0
1990-04-23 22:30:00+05:30,-4.29,0.76,56.1,-11.746409291775405,0.0,0.0,0.0
1990-04-23 23:30:00+05:30,-5.33,0.76,58.2,-12.266328276903968,0.0,0.0,0.0
1990-04-24 00:30:00+05:30,-5.95,0.69,58.1,-12.87201362207287,0.0,0.0,0.0
1990-04-24 01:30:00+05:30,-6.8,0.76,60.4,-13.195087081554492,0.0,0.0,0.0
1990-04-24 02:30:00+05:30,-7.63,0.76,57.7,-14.540000864435651,0.0,0.0,0.0
1990-04-24 03:30:00+05:30,-8.42,0.83,60.0,-14.809760238952377,0.0,0.0,0.0
1990-04-24 04:30:00+05:30,-9.14,0.83,57.35,-16.036217970705803,0.0,0.0,0.0
1990-04-24 05:30:00+05:30,-9.86,0.83,59.65,-16.242966073822757,0.0,0.0,0.0
1990-04-24 06:30:00+05:30,-9.16,0.83,52.55,-17.1022236203972,252.95,1134.81,63.2
1990-04-24 07:30:00+05:30,-5.52,0.83,34.65,-18.712032858552156,500.0,1107.95,85.3
1990-04-24 08:30:00+05:30,-1.43,0.83,24.05,-19.415878870074224,726.75,1098.52,106.75
1990-04-24 09:30:00+05:30,1.17,0.83,22.65,-17.90262486380159,911.65,1076.03,132.0
1990-04-24 10:30:00+05:30,2.95,0.83,25.25,-15.079014606691153,1034.4,1026.46,168.2
1990-04-24 11:30:00+05:30,4.48,0.97,25.7,-13.548475051093773,1091.45,988.03,188.2
1990-04-24 12:30:00+05:30,5.78,1.1,24.9,-12.823509969836993,1076.3,979.22,164.9
1990-04-24 13:30:00+05:30,6.58,1.17,22.15,-13.5872093173794,968.35,945.89,124.25
1990-04-24 14:30:00+05:30,7.02,1.31,20.45,-14.196561279510133,836.55,910.08,106.9
1990-04-24 15:30:00+05:30,7.2,1.45,18.8,-15.07171417990257,630.35,808.44,92.75
1990-04-24 16:30:00+05:30,6.94,1.31,16.5,-16.85788809907692,398.2,661.64,73.05
1990-04-24 17:30:00+05:30,6.39,1.17,16.25,-17.48986492748591,157.05,376.23,46.85
1990-04-24 18:30:00+05:30,5.13,0.97,19.95,-16.078817692031034,5.55,0.0,5.55
1990-04-24 19:30:00+05:30,3.14,0.9,27.55,-13.85111218116606,0.0,0.0,0.0
1990-04-24 20:30:00+05:30,0.95,0.83,43.05,-10.233082499371939,0.0,0.0,0.0
1990-04-24 21:30:00+05:30,-1.09,0.76,52.35,-9.628174835790878,0.0,0.0,0.0
1990-04-24 22:30:00+05:30,-2.69,0.76,51.95,-11.213961239665673,0.0,0.0,0.0
1990-04-24 23:30:00+05:30,-3.87,0.83,53.9,-11.852809376002849,0.0,0.0,0.0
1990-04-25 00:30:00+05:30,-4.94,0.9,60.85,-11.341719295469158,0.0,0.0,0.0
1990-04-25 01:30:00+05:30,-5.79,0.9,60.6,-12.197977957870606,0.0,0.0,0.0
1990-04-25 02:30:00+05:30,-6.64,0.9,58.0,-13.543576680183778,0.0,0.0,0.0
1990-04-25 03:30:00+05:30,-7.48,0.9,57.7,-14.398677276121983,0.0,0.0,0.0
1990-04-25 04:30:00+05:30,-8.24,0.97,60.0,-14.63943145800054,0.0,0.0,0.0
1990-04-25 05:30:00+05:30,-8.91,0.97,57.35,-15.819582275165244,0.0,0.0,0.0
1990-04-25 06:30:00+05:30,-8.85,0.9,50.3,-17.334895040937706,258.55,1153.07,61.45
1990-04-25 07:30:00+05:30,-4.97,0.9,31.85,-19.211971068694325,505.1,1118.3,82.7
1990-04-25 08:30:00+05:30,-0.26,0.76,20.3,-20.394348810073357,732.0,1117.64,97.75
1990-04-25 09:30:00+05:30,2.62,0.69,18.5,-19.06784006947944,914.9,1108.98,108.3
1990-04-25 10:30:00+05:30,4.71,0.69,20.7,-15.986595640517452,1036.75,1090.57,113.75
1990-04-25 11:30:00+05:30,6.55,0.62,20.35,-14.650022665498398,1085.7,1043.2,129.7
1990-04-25 12:30:00+05:30,7.58,0.34,22.4,-12.603353947877888,1026.15,955.92,134.5
1990-04-25 13:30:00+05:30,8.54,0.62,20.7,-12.773727485402942,913.65,783.74,212.75
1990-04-25 14:30:00+05:30,9.01,1.1,19.15,-13.343314369872786,704.55,603.03,219.95
1990-04-25 15:30:00+05:30,9.1,1.59,18.35,-13.79365222541953,533.45,611.41,125.7
1990-04-25 16:30:00+05:30,8.74,1.86,18.25,-14.15819575703874,342.55,471.65,109.8
1990-04-25 17:30:00+05:30,7.87,1.72,18.9,-14.451029209858797,154.15,362.67,47.1
1990-04-25 18:30:00+05:30,6.35,1.1,22.0,-13.864970937005088,5.7,0.0,5.7
1990-04-25 19:30:00+05:30,4.38,0.83,27.8,-12.66475260222345,0.0,0.0,0.0
1990-04-25 20:30:00+05:30,2.62,0.62,33.9,-11.7384315952109,0.0,0.0,0.0
1990-04-25 21:30:00+05:30,0.62,0.62,48.6,-8.992089854546425,0.0,0.0,0.0
1990-04-25 22:30:00+05:30,-1.02,0.69,48.15,-10.623133954553118,0.0,0.0,0.0
1990-04-25 23:30:00+05:30,-2.48,0.69,52.05,-10.994407204258568,0.0,0.0,0.0
1990-04-26 00:30:00+05:30,-3.49,0.76,56.35,-10.939719881737085,0.0,0.0,0.0
1990-04-26 01:30:00+05:30,-4.49,0.83,56.1,-11.934120915312192,0.0,0.0,0.0
1990-04-26 02:30:00+05:30,-5.28,0.76,58.2,-12.219203019045402,0.0,0.0,0.0
1990-04-26 03:30:00+05:30,-6.07,0.76,55.7,-13.505490474482295,0.0,0.0,0.0
1990-04-26 04:30:00+05:30,-6.91,0.83,57.85,-13.829836572538563,0.0,0.0,0.0
1990-04-26 05:30:00+05:30,-7.67,0.9,55.3,-15.094522560901968,0.0,0.0,0.0
1990-04-26 06:30:00+05:30,-6.8,0.83,50.85,-15.299619160474588,257.9,1130.08,60.6
1990-04-26 07:30:00+05:30,-3.23,0.69,35.25,-16.464660955781248,499.85,1096.01,82.2
1990-04-26 08:30:00+05:30,1.2,0.48,22.65,-17.87712666535147,720.6,1086.04,101.0
1990-04-26 09:30:00+05:30,3.47,0.41,22.3,-16.13663518533781,901.0,1083.24,110.2
1990-04-26 10:30:00+05:30,5.32,0.69,23.7,-13.825190464397966,1016.05,1041.06,132.45
1990-04-26 11:30:00+05:30,6.92,0.83,23.25,-12.700798910042,1072.05,1031.71,124.35
1990-04-26 12:30:00+05:30,8.37,0.83,24.5,-10.812132200504319,1050.95,980.96,134.0
1990-04-26 13:30:00+05:30,9.3,1.24,23.65,-10.465834513920793,851.4,693.96,229.5
1990-04-26 14:30:00+05:30,9.61,1.86,21.85,-11.200737248860944,707.35,620.4,207.65
1990-04-26 15:30:00+05:30,9.78,2.21,20.95,-11.585168131301499,584.85,669.93,136.8
1990-04-26 16:30:00+05:30,9.5,2.14,20.95,-11.819879251279026,331.05,407.25,129.25
1990-04-26 17:30:00+05:30,8.72,1.86,22.55,-11.556363602773365,102.15,156.35,55.65
1990-04-26 18:30:00+05:30,7.45,1.31,23.4,-12.170745400551915,6.35,0.0,6.35
1990-04-26 19:30:00+05:30,6.04,0.83,28.35,-10.979995404289083,0.0,0.0,0.0
1990-04-26 20:30:00+05:30,4.73,0.69,34.45,-9.66415680803922,0.0,0.0,0.0
1990-04-26 21:30:00+05:30,3.31,0.69,45.4,-7.397948695926819,0.0,0.0,0.0
1990-04-26 22:30:00+05:30,2.05,0.62,53.15,-6.509104728593941,0.0,0.0,0.0
1990-04-26 23:30:00+05:30,1.04,0.62,57.35,-6.459736159640699,0.0,0.0,0.0
1990-04-27 00:30:00+05:30,0.39,0.55,57.2,-7.104527856694586,0.0,0.0,0.0
1990-04-27 01:30:00+05:30,-0.05,0.55,57.1,-7.540554956798463,0.0,0.0,0.0
1990-04-27 02:30:00+05:30,-0.45,0.62,59.35,-7.4161379787980914,0.0,0.0,0.0
1990-04-27 03:30:00+05:30,-1.1,0.69,59.2,-8.062046693263405,0.0,0.0,0.0
1990-04-27 04:30:00+05:30,-1.8,0.69,61.45,-8.243002890145268,0.0,0.0,0.0
1990-04-27 05:30:00+05:30,-2.33,0.62,58.95,-9.276502079278043,0.0,0.0,0.0
1990-04-27 06:30:00+05:30,-2.1,0.62,58.95,-9.059587085473344,242.75,962.28,71.3
1990-04-27 07:30:00+05:30,-0.03,0.69,48.45,-9.631243584785935,475.1,988.59,95.15
1990-04-27 08:30:00+05:30,2.37,0.69,45.15,-8.329256114891692,692.1,1019.68,107.35
1990-04-27 09:30:00+05:30,3.58,0.9,49.4,-6.0482389058156025,820.65,861.31,189.6
1990-04-27 10:30:00+05:30,5.0,1.38,42.45,-6.731741217742083,847.95,746.34,212.75
1990-04-27 11:30:00+05:30,6.36,1.86,39.4,-6.476370197361899,946.65,762.05,245.05
1990-04-27 12:30:00+05:30,7.12,1.93,41.3,-5.171812879976807,869.8,703.72,210.65
1990-04-27 13:30:00+05:30,7.8,2.0,39.85,-5.030941011158848,671.7,555.24,173.1
1990-04-27 14:30:00+05:30,7.93,2.07,38.4,-5.40384558697852,645.15,533.47,214.5
1990-04-27 15:30:00+05:30,7.86,2.07,39.85,-4.976921051017459,530.0,571.96,146.4
1990-04-27 16:30:00+05:30,7.54,2.0,38.25,-5.805013842935668,302.0,386.6,109.65
1990-04-27 17:30:00+05:30,7.05,1.86,35.15,-7.346177330574465,129.7,256.79,52.75
1990-04-27 18:30:00+05:30,6.25,1.17,36.35,-7.623084830804978,6.4,0.0,6.4
1990-04-27 19:30:00+05:30,5.16,0.48,40.75,-7.119111668366396,0.0,0.0,0.0
1990-04-27 20:30:00+05:30,3.92,0.41,45.7,-6.754003011339887,0.0,0.0,0.0
1990-04-27 21:30:00+05:30,2.6,0.41,51.15,-6.499252710477868,0.0,0.0,0.0
1990-04-27 22:30:00+05:30,0.84,0.48,62.0,-5.625556477294339,0.0,0.0,0.0
1990-04-27 23:30:00+05:30,-0.47,0.55,64.35,-6.381490012544941,0.0,0.0,0.0
1990-04-28 00:30:00+05:30,-1.39,0.48,66.8,-6.77103477547159,0.0,0.0,0.0
1990-04-28 01:30:00+05:30,-2.99,0.48,72.25,-7.286931983587573,0.0,0.0,0.0
1990-04-28 02:30:00+05:30,-4.43,0.62,81.3,-7.151960809595386,0.0,0.0,0.0
1990-04-28 03:30:00+05:30,-4.9,0.69,81.25,-7.619277718907935,0.0,0.0,0.0
1990-04-28 04:30:00+05:30,-5.7,0.76,81.2,-8.409064489471659,0.0,0.0,0.0
1990-04-28 05:30:00+05:30,-6.54,0.9,84.45,-8.727803843176156,0.0,0.0,0.0
1990-04-28 06:30:00+05:30,-6.47,0.97,81.05,-9.18524398388432,209.35,654.73,90.4
1990-04-28 07:30:00+05:30,-4.64,0.97,66.25,-9.983828649971969,390.05,608.85,154.1
1990-04-28 08:30:00+05:30,-2.06,0.9,56.6,-9.54113333072378,631.65,750.95,198.85
1990-04-28 09:30:00+05:30,0.37,0.9,48.6,-9.222770065143976,770.15,717.81,242.4
1990-04-28 10:30:00+05:30,2.31,0.9,45.15,-8.384140677607155,932.8,815.89,236.55
1990-04-28 11:30:00+05:30,4.15,0.97,42.15,-7.595261454521497,975.65,735.49,297.0
1990-04-28 12:30:00+05:30,5.56,1.17,39.25,-7.245833407354022,932.7,716.91,259.85
1990-04-28 13:30:00+05:30,6.42,1.59,36.5,-7.4180853612398545,846.45,689.85,225.75
1990-04-28 14:30:00+05:30,6.77,1.86,36.5,-7.105851395016507,700.85,593.3,220.85
1990-04-28 15:30:00+05:30,6.58,2.14,36.5,-7.27534380731311,537.25,577.15,149.1
1990-04-28 16:30:00+05:30,6.13,2.21,36.35,-7.730107285369318,302.0,376.44,113.95
1990-04-28 17:30:00+05:30,5.24,1.86,37.55,-8.10602032108664,137.45,274.77,54.5
1990-04-28 18:30:00+05:30,3.98,1.17,40.45,-8.280698123366207,7.0,0.0,7.0
1990-04-28 19:30:00+05:30,2.69,0.69,45.3,-7.993761558323124,0.0,0.0,0.0
1990-04-28 20:30:00+05:30,1.36,0.76,48.85,-8.243328593530268,0.0,0.0,0.0
1990-04-28 21:30:00+05:30,-0.28,0.97,61.8,-6.729261878975198,0.0,0.0,0.0
1990-04-28 22:30:00+05:30,-2.1,1.1,64.0,-8.003690524147808,0.0,0.0,0.0
1990-04-28 23:30:00+05:30,-3.53,1.1,66.45,-8.884526579536693,0.0,0.0,0.0
1990-04-29 00:30:00+05:30,-2.42,0.76,69.45,-7.251611077525292,0.0,0.0,0.0
1990-04-29 01:30:00+05:30,-3.63,0.76,72.1,-7.931100475378755,0.0,0.0,0.0
1990-04-29 02:30:00+05:30,-4.53,0.83,74.95,-8.301177238915784,0.0,0.0,0.0
1990-04-29 03:30:00+05:30,-5.44,0.9,77.9,-8.688460245912902,0.0,0.0,0.0
1990-04-29 04:30:00+05:30,-5.81,0.97,77.85,-9.056634760909635,0.0,0.0,0.0
1990-04-29 05:30:00+05:30,-6.49,1.03,77.75,-9.734526340216902,0.0,0.0,0.0
1990-04-29 06:30:00+05:30,-6.68,1.1,74.6,-10.443214929442556,241.0,852.73,83.15
1990-04-29 07:30:00+05:30,-4.67,1.24,58.5,-11.579995474041255,481.55,899.52,130.15
1990-04-29 08:30:00+05:30,-1.68,1.38,45.9,-11.831039937121965,711.7,965.32,152.65
1990-04-29 09:30:00+05:30,0.83,1.38,36.25,-12.496863522316955,890.4,930.58,203.9
1990-04-29 10:30:00+05:30,2.8,1.45,29.85,-13.160264911674961,1005.85,882.27,251.0
1990-04-29 11:30:00+05:30,4.24,1.52,23.45,-14.874496641673787,1075.45,925.98,219.2
1990-04-29 12:30:00+05:30,5.28,1.59,20.85,-15.420561163785942,1057.9,910.98,201.25
1990-04-29 13:30:00+05:30,6.05,1.86,16.25,-17.76793474673109,984.1,876.31,194.1
1990-04-29 14:30:00+05:30,6.38,1.93,14.25,-19.04802247529371,837.05,877.93,125.25
1990-04-29 15:30:00+05:30,6.44,1.79,12.0,-20.996726580892847,631.3,781.64,104.2
1990-04-29 16:30:00+05:30,6.13,1.66,10.85,-22.394069685006585,410.8,665.06,77.25
1990-04-29 17:30:00+05:30,5.49,1.59,9.8,-24.04244621870643,169.3,390.66,50.5
1990-04-29 18:30:00+05:30,4.19,1.31,11.5,-23.26224605336399,7.4,0.0,7.4
1990-04-29 19:30:00+05:30,2.43,1.1,17.65,-19.774845762019915,0.0,0.0,0.0
1990-04-29 20:30:00+05:30,0.84,1.03,26.85,-16.155870934410142,0.0,0.0,0.0
1990-04-29 21:30:00+05:30,-1.18,1.03,48.05,-10.796894097372713,0.0,0.0,0.0
1990-04-29 22:30:00+05:30,-2.65,0.97,42.2,-13.758118524553016,0.0,0.0,0.0
1990-04-29 23:30:00+05:30,-3.75,0.9,43.6,-14.361052241281852,0.0,0.0,0.0
1990-04-30 00:30:00+05:30,-3.86,0.83,43.6,-14.461518047356744,0.0,0.0,0.0
1990-04-30 01:30:00+05:30,-4.73,0.83,47.2,-14.290571827470405,0.0,0.0,0.0
1990-04-30 02:30:00+05:30,-5.47,0.83,47.05,-15.011161660486975,0.0,0.0,0.0
1990-04-30 03:30:00+05:30,-6.13,0.83,46.9,-15.65787158437921,0.0,0.0,0.0
1990-04-30 04:30:00+05:30,-6.72,0.83,48.7,-15.74783550129459,0.0,0.0,0.0
1990-04-30 05:30:00+05:30,-7.58,0.83,48.55,-16.580478239811484,0.0,0.0,0.0
1990-04-30 06:30:00+05:30,-7.32,0.83,46.5,-16.856741931059393,272.05,1089.83,66.65
1990-04-30 07:30:00+05:30,-3.92,0.76,32.15,-18.173359760972296,515.95,1093.73,85.35
1990-04-30 08:30:00+05:30,0.02,0.76,21.4,-19.544809809031992,740.6,1090.04,106.35
1990-04-30 09:30:00+05:30,2.74,0.76,18.5,-18.968090945146688,922.45,1087.38,117.65
1990-04-30 10:30:00+05:30,4.9,0.83,16.75,-18.352164946656643,1046.0,1085.9,114.6
1990-04-30 11:30:00+05:30,6.63,0.97,15.65,-17.74062042607365,1099.15,1061.66,115.4
1990-04-30 12:30:00+05:30,8.34,1.03,14.65,-17.138902636343428,1081.2,1027.67,113.0
1990-04-30 13:30:00+05:30,9.21,1.24,14.15,-16.852303779045865,992.8,978.46,109.05
1990-04-30 14:30:00+05:30,9.72,1.52,13.65,-16.872993225160684,840.9,908.57,102.7
1990-04-30 15:30:00+05:30,9.93,1.79,13.05,-17.241516305679593,636.85,799.97,95.95
1990-04-30 16:30:00+05:30,9.62,1.93,13.05,-17.488549815852355,400.2,631.77,82.1
1990-04-30 17:30:00+05:30,8.87,1.79,13.45,-17.729014869009674,166.9,379.52,50.65
1990-04-30 18:30:00+05:30,7.62,1.31,13.95,-18.299732761833795,7.6,0.0,7.6
1990-04-30 19:30:00+05:30,5.83,0.9,19.25,-15.924661215164955,0.0,0.0,0.0
1990-04-30 20:30:00+05:30,4.13,0.83,24.45,-14.45959202207767,0.0,0.0,0.0
1990-04-30 21:30:00+05:30,-4.2,0.8,46.54,-13.975007849575368,0.0,0.0,0.0
1990-04-30 22:30:00+05:30,-3.7,0.78,46.74,-13.462338944191456,0.0,0.0,0.0
1990-04-30 23:30:00+05:30,-3.19,0.77,46.94,-12.940323735749386,0.0,0.0,0.0
1990-05-01 00:30:00+05:30,-2.68,0.75,47.14,-12.418160169446889,0.0,0.0,0.0
1990-05-01 01:30:00+05:30,-2.18,0.74,47.34,-11.905056722088498,0.0,0.0,0.0
1990-05-01 02:30:00+05:30,-1.67,0.72,47.53,-11.385234676268123,0.0,0.0,0.0
1990-05-01 03:30:00+05:30,-1.16,0.71,47.73,-10.862626248165778,0.0,0.0,0.0
1990-05-01 04:30:00+05:30,-0.66,0.69,47.93,-10.349084070306965,0.0,0.0,0.0
1990-05-01 05:30:00+05:30,-0.15,0.68,48.13,-9.826176801817065,0.0,0.0,0.0
1990-05-01 06:30:00+05:30,0.36,0.66,48.33,-9.303118012278315,249.85,888.92,79.4
1990-05-01 07:30:00+05:30,0.86,0.65,48.53,-8.78913183034951,488.3,931.64,118.75
1990-05-01 08:30:00+05:30,1.37,0.63,48.73,-8.265771075799819,706.5,948.58,152.05
1990-05-01 09:30:00+05:30,1.88,0.62,48.93,-7.742257250141113,879.7,952.43,172.55
1990-05-01 10:30:00+05:30,2.38,0.6,49.13,-7.227822428979095,997.65,917.08,209.15
1990-05-01 11:30:00+05:30,2.89,0.59,49.33,-6.704003569685681,1052.15,910.84,206.45
1990-05-01 12:30:00+05:30,3.4,0.57,49.53,-6.180030116325227,1044.85,905.96,189.75
1990-05-01 13:30:00+05:30,9.17,1.24,41.7,-3.189547789510618,951.35,880.35,154.75
1990-05-01 14:30:00+05:30,9.75,1.45,38.7,-3.6685521439134696,808.5,844.06,121.3
1990-05-01 15:30:00+05:30,9.91,1.45,35.85,-4.545823030310052,545.65,646.6,107.3
1990-05-01 16:30:00+05:30,9.65,1.38,34.35,-5.342430789497655,382.8,601.82,78.6
1990-05-01 17:30:00+05:30,9.15,1.31,34.2,-5.842460753301384,160.2,348.78,52.6
1990-05-01 18:30:00+05:30,8.16,0.97,36.75,-5.776587873241914,8.0,0.0,8.0
1990-05-01 19:30:00+05:30,6.79,0.62,39.4,-6.089515291655128,0.0,0.0,0.0
1990-05-01 20:30:00+05:30,5.43,0.34,40.9,-6.82729128097742,0.0,0.0,0.0
1990-05-01 21:30:00+05:30,4.02,0.34,45.7,-6.662459440847225,0.0,0.0,0.0
1990-05-01 22:30:00+05:30,2.58,0.48,53.25,-5.99083058747691,0.0,0.0,0.0
1990-05-01 23:30:00+05:30,1.25,0.55,59.7,-5.73533797741664,0.0,0.0,0.0
1990-05-02 00:30:00+05:30,0.1,0.62,64.45,-5.818545295079629,0.0,0.0,0.0
1990-05-02 01:30:00+05:30,-0.74,0.69,66.9,-6.130077718422263,0.0,0.0,0.0
1990-05-02 02:30:00+05:30,-1.57,0.76,69.55,-6.416633274222244,0.0,0.0,0.0
1990-05-02 03:30:00+05:30,-2.26,0.76,72.25,-6.582862054817558,0.0,0.0,0.0
1990-05-02 04:30:00+05:30,-2.84,0.69,75.1,-6.638264962118329,0.0,0.0,0.0
1990-05-02 05:30:00+05:30,-3.32,0.69,75.05,-7.111884233142054,0.0,0.0,0.0
1990-05-02 06:30:00+05:30,-2.83,0.69,72.1,-7.1596237906560445,249.75,859.19,82.25
1990-05-02 07:30:00+05:30,-0.09,0.62,61.9,-6.5280986163608015,484.3,920.15,116.65
1990-05-02 08:30:00+05:30,4.14,0.48,42.15,-7.6043340393452565,692.6,927.73,147.95
1990-05-02 09:30:00+05:30,6.37,0.55,39.4,-6.467372792358313,867.75,932.2,173.5
1990-05-02 10:30:00+05:30,8.3,0.69,39.85,-4.580815038341661,990.95,954.16,168.65
1990-05-02 11:30:00+05:30,9.82,0.9,37.2,-4.13400304394331,1014.35,790.45,279.0
1990-05-02 12:30:00+05:30,10.64,1.1,36.0,-3.841165871342891,996.05,771.05,267.0
1990-05-02 13:30:00+05:30,11.35,1.17,34.75,-3.683870760492229,886.55,672.65,276.8
1990-05-02 14:30:00+05:30,11.65,1.24,32.25,-4.415534862174294,754.45,660.33,215.75
1990-05-02 15:30:00+05:30,11.76,1.31,31.0,-4.844053486959478,561.3,559.0,181.35
1990-05-02 16:30:00+05:30,11.57,1.24,29.75,-5.553602081768728,344.15,408.94,136.65
1990-05-02 17:30:00+05:30,10.92,1.03,28.45,-6.703651853938171,109.05,84.33,82.85
1990-05-02 18:30:00+05:30,9.96,0.69,31.8,-6.084182731229942,8.7,0.0,8.7
1990-05-02 19:30:00+05:30,8.74,0.55,36.9,-5.205395916536042,0.0,0.0,0.0
1990-05-02 20:30:00+05:30,7.31,0.62,50.2,-2.3886100385920677,0.0,0.0,0.0
1990-05-02 21:30:00+05:30,5.47,0.76,58.45,-2.0425390591023804,0.0,0.0,0.0
1990-05-02 22:30:00+05:30,4.12,0.83,60.4,-2.871015257874383,0.0,0.0,0.0
1990-05-02 23:30:00+05:30,2.71,0.97,70.3,-2.1628387505361286,0.0,0.0,0.0
1990-05-03 00:30:00+05:30,2.57,0.83,70.3,-2.2973451204793367,0.0,0.0,0.0
1990-05-03 01:30:00+05:30,1.94,0.83,73.0,-2.393916689323168,0.0,0.0,0.0
1990-05-03 02:30:00+05:30,1.43,0.83,75.85,-2.3689787291446556,0.0,0.0,0.0
1990-05-03 03:30:00+05:30,1.1,0.76,75.75,-2.706613636761667,0.0,0.0,0.0
1990-05-03 04:30:00+05:30,0.88,0.76,75.75,-2.9198118774462722,0.0,0.0,0.0
1990-05-03 05:30:00+05:30,0.73,0.76,78.75,-2.5415557134320292,0.0,0.0,0.0
1990-05-03 06:30:00+05:30,0.65,0.69,78.75,-2.6194238537885415,175.3,221.13,131.5
1990-05-03 07:30:00+05:30,1.97,0.76,75.95,-1.8277382086210183,362.2,326.2,230.95
1990-05-03 08:30:00+05:30,4.33,0.83,60.5,-2.650399751335906,586.55,603.32,230.85
1990-05-03 09:30:00+05:30,6.31,0.83,54.15,-2.291656821885664,762.3,640.41,283.95
1990-05-03 10:30:00+05:30,7.92,0.9,50.45,-1.7574581689097553,879.75,693.31,280.9
1990-05-03 11:30:00+05:30,8.92,0.76,45.15,-2.344714356489998,645.45,207.39,452.15
1990-05-03 12:30:00+05:30,8.83,0.21,48.65,-1.4128843604779364,631.65,248.59,396.2
1990-05-03 13:30:00+05:30,8.62,0.21,50.6,-1.069859487875571,535.7,195.2,358.45
1990-05-03 14:30:00+05:30,8.0,0.83,56.7,-0.08373457876720687,263.55,51.99,221.05
1990-05-03 15:30:00+05:30,7.16,1.1,63.35,0.6582422047027671,222.2,76.16,170.3
1990-05-03 16:30:00+05:30,6.63,0.97,68.3,1.1992683161729383,205.95,66.85,171.9
1990-05-03 17:30:00+05:30,6.41,0.83,68.3,0.9887279160414955,117.55,135.04,75.3
1990-05-03 18:30:00+05:30,6.17,0.76,68.3,0.7590382804081396,8.9,0.0,8.9
1990-05-03 19:30:00+05:30,5.49,0.41,70.85,0.6154717430035129,0.0,0.0,0.0
1990-05-03 20:30:00+05:30,4.85,0.28,73.55,0.5174409463887568,0.0,0.0,0.0
1990-05-03 21:30:00+05:30,4.16,0.0,79.2,0.8755588531727464,0.0,0.0,0.0
1990-05-03 22:30:00+05:30,3.39,0.14,82.25,0.6488935518307055,0.0,0.0,0.0
1990-05-03 23:30:00+05:30,2.77,0.14,85.35,0.5543256963184253,0.0,0.0,0.0
1990-05-04 00:30:00+05:30,2.12,0.28,82.05,-0.6265145212213954,0.0,0.0,0.0
1990-05-04 01:30:00+05:30,1.62,0.34,85.25,-0.5911886502137719,0.0,0.0,0.0
1990-05-04 02:30:00+05:30,0.25,0.48,92.0,-0.8974277102482873,0.0,0.0,0.0
1990-05-04 03:30:00+05:30,-0.21,0.55,92.0,-1.3531044300263666,0.0,0.0,0.0
1990-05-04 04:30:00+05:30,-0.28,0.62,95.6,-0.897866359354227,0.0,0.0,0.0
1990-05-04 05:30:00+05:30,-0.78,0.62,95.6,-1.3953278670326166,0.0,0.0,0.0
1990-05-04 06:30:00+05:30,-0.05,0.62,88.45,-1.7310578579733549,191.65,410.95,109.0
1990-05-04 07:30:00+05:30,1.83,0.55,82.05,-0.9100590595835183,383.05,406.08,218.55
1990-05-04 08:30:00+05:30,4.01,0.28,76.25,0.20374900555607087,611.85,654.99,224.1
1990-05-04 09:30:00+05:30,5.5,0.62,68.2,0.097535874322823,734.0,664.88,235.95
1990-05-04 10:30:00+05:30,6.81,0.97,68.3,1.3715226444572928,836.65,716.17,216.7
1990-05-04 11:30:00+05:30,8.27,1.24,66.05,2.29661774796736,1021.25,867.69,211.05
1990-05-04 12:30:00+05:30,9.52,1.17,66.35,3.5521315593359004,928.35,712.31,252.55
1990-05-04 13:30:00+05:30,10.12,1.38,64.0,3.6105692572005643,817.0,601.91,269.5
1990-05-04 14:30:00+05:30,10.39,1.45,61.75,3.3582596891413856,715.15,620.62,206.85
1990-05-04 15:30:00+05:30,10.52,1.52,59.5,2.9553502537929948,540.5,566.79,153.3
1990-05-04 16:30:00+05:30,10.15,1.45,59.35,2.571501508997448,312.4,375.85,120.25
1990-05-04 17:30:00+05:30,9.47,1.45,54.9,0.8438341865125437,139.4,254.74,59.15
1990-05-04 18:30:00+05:30,7.98,0.83,56.7,-0.10246772269390375,8.1,0.0,8.1
1990-05-04 19:30:00+05:30,7.31,0.41,61.0,0.27665774518605846,0.0,0.0,0.0
1990-05-04 20:30:00+05:30,6.55,0.21,65.75,0.5939824370449408,0.0,0.0,0.0
1990-05-04 21:30:00+05:30,5.88,0.0,60.85,-1.108030507009248,0.0,0.0,0.0
1990-05-04 22:30:00+05:30,4.8,0.21,68.0,-0.6127392810957996,0.0,0.0,0.0
1990-05-04 23:30:00+05:30,3.31,0.41,73.3,-1.0159733615115965,0.0,0.0,0.0
1990-05-05 00:30:00+05:30,1.88,0.55,82.05,-0.8611715344034971,0.0,0.0,0.0
1990-05-05 01:30:00+05:30,0.23,0.69,88.45,-1.454919592555384,0.0,0.0,0.0
1990-05-05 02:30:00+05:30,-0.18,0.69,88.45,-1.859266405380958,0.0,0.0,0.0
1990-05-05 03:30:00+05:30,-1.71,0.83,95.6,-2.3206201346926503,0.0,0.0,0.0
1990-05-05 04:30:00+05:30,-2.46,0.83,95.55,-3.0738739333601943,0.0,0.0,0.0
1990-05-05 05:30:00+05:30,-3.15,0.9,99.4,-3.2308720270698865,0.0,0.0,0.0
1990-05-05 06:30:00+05:30,-2.62,0.9,95.55,-3.233058990484456,150.9,155.58,119.15
1990-05-05 07:30:00+05:30,-0.98,1.03,91.95,-2.1232565196694693,333.75,339.43,195.35
1990-05-05 08:30:00+05:30,0.91,0.9,81.95,-1.8262054480913366,512.75,523.94,201.35
1990-05-05 09:30:00+05:30,3.5,0.69,73.3,-0.8325880302549226,809.6,764.31,235.5
1990-05-05 10:30:00+05:30,5.84,0.34,63.25,-0.6159278113757867,944.6,821.88,231.65
1990-05-05 11:30:00+05:30,7.66,0.76,58.8,0.09896185233073401,1016.95,891.77,182.8
1990-05-05 12:30:00+05:30,9.1,0.97,50.7,-0.599028090196148,955.95,834.55,162.9
1990-05-05 13:30:00+05:30,9.82,1.24,50.85,0.10738013510316968,802.25,683.89,179.15
1990-05-05 14:30:00+05:30,9.75,1.1,52.85,0.5762993678576784,714.1,630.71,196.55
1990-05-05 15:30:00+05:30,9.75,0.9,52.85,0.5762993678576784,518.1,528.74,156.0
1990-05-05 16:30:00+05:30,9.45,0.76,50.85,-0.234769447417843,273.65,285.99,126.9
1990-05-05 17:30:00+05:30,7.44,0.97,56.55,-0.6446616917769658,118.1,203.83,53.45
1990-05-05 18:30:00+05:30,5.89,1.31,60.85,-1.098583929153262,8.2,0.0,8.2
1990-05-05 19:30:00+05:30,4.5,0.76,70.7,-0.3653200199273002,0.0,0.0,0.0
1990-05-05 20:30:00+05:30,4.02,0.41,76.25,0.2134433353372163,0.0,0.0,0.0
1990-05-05 21:30:00+05:30,3.6,0.21,79.15,0.3215828444742078,0.0,0.0,0.0
1990-05-05 22:30:00+05:30,3.26,0.14,79.1,-0.01816550466345351,0.0,0.0,0.0
1990-05-05 23:30:00+05:30,2.45,0.34,82.15,-0.28710407109118635,0.0,0.0,0.0
1990-05-06 00:30:00+05:30,1.9,0.41,82.05,-0.8416165868429613,0.0,0.0,0.0
1990-05-06 01:30:00+05:30,0.26,0.55,92.0,-0.8875217847970944,0.0,0.0,0.0
1990-05-06 02:30:00+05:30,-1.25,0.69,99.4,-1.3321575114978148,0.0,0.0,0.0
1990-05-06 03:30:00+05:30,-2.31,0.76,99.4,-2.3914390968893326,0.0,0.0,0.0
1990-05-06 04:30:00+05:30,-3.81,0.83,99.4,-3.8904278616099734,0.0,0.0,0.0
1990-05-06 05:30:00+05:30,-4.57,0.9,95.5,-5.180088152374535,34.2,0.0,34.2
1990-05-06 06:30:00+05:30,-4.33,0.9,95.5,-4.941314789982662,143.55,173.46,107.65
1990-05-06 07:30:00+05:30,-2.69,1.03,91.85,-3.831749144351352,335.25,393.84,173.65
1990-05-06 08:30:00+05:30,0.37,0.83,78.75,-2.891967743221171,494.3,437.56,233.25
1990-05-06 09:30:00+05:30,3.0,0.62,70.4,-1.8649160591728229,763.1,678.44,252.15
1990-05-06 10:30:00+05:30,5.4,0.83,65.65,-0.522837677289247,952.6,915.36,156.95
1990-05-06 11:30:00+05:30,7.08,0.97,65.85,1.1201329692858915,1012.25,870.84,196.3
1990-05-06 12:30:00+05:30,8.25,1.17,61.2,1.2101130956284585,875.6,696.81,212.4
1990-05-06 13:30:00+05:30,8.75,1.45,59.0,1.1713867708950194,885.05,776.42,176.5
1990-05-06 14:30:00+05:30,9.41,1.72,54.9,0.7878618588209925,692.65,591.65,206.25
1990-05-06 15:30:00+05:30,9.51,1.72,50.85,-0.17928312007984465,538.45,552.73,159.0
1990-05-06 16:30:00+05:30,9.41,1.59,48.95,-0.7948941291175111,358.05,514.85,92.9
1990-05-06 17:30:00+05:30,8.95,1.38,50.7,-0.7377166852476582,161.1,322.89,58.0
1990-05-06 18:30:00+05:30,7.94,1.24,52.45,-1.2090247130696898,9.1,0.0,9.1
1990-05-06 19:30:00+05:30,7.14,0.9,54.3,-1.4803046808391795,0.0,0.0,0.0
1990-05-06 20:30:00+05:30,6.25,0.41,60.85,-0.7585213076598246,0.0,0.0,0.0
1990-05-06 21:30:00+05:30,5.45,0.14,58.45,-2.0613485465119186,0.0,0.0,0.0
1990-05-06 22:30:00+05:30,4.35,0.21,62.95,-2.09436550699798,0.0,0.0,0.0
1990-05-06 23:30:00+05:30,3.15,0.28,70.4,-1.720789120439516,0.0,0.0,0.0
1990-05-07 00:30:00+05:30,2.46,0.41,70.3,-2.4030308272995353,0.0,0.0,0.0
1990-05-07 01:30:00+05:30,1.57,0.48,72.95,-2.7601957558770707,0.0,0.0,0.0
1990-05-07 02:30:00+05:30,0.67,0.55,78.75,-2.5999567544363695,0.0,0.0,0.0
1990-05-07 03:30:00+05:30,-0.21,0.62,78.65,-3.473585807454836,0.0,0.0,0.0
1990-05-07 04:30:00+05:30,-1.67,0.62,88.35,-3.3439844279148834,0.0,0.0,0.0
1990-05-07 05:30:00+05:30,-3.04,0.69,95.55,-3.6509223342554216,33.5,0.0,33.5
1990-05-07 06:30:00+05:30,-3.38,0.83,95.5,-3.9961822884629012,201.6,360.17,126.05
1990-05-07 07:30:00+05:30,-1.19,0.76,88.4,-2.863000142615323,392.4,436.88,212.05
1990-05-07 08:30:00+05:30,2.36,0.62,76.0,-1.4407672566337626,663.75,786.58,192.75
1990-05-07 09:30:00+05:30,5.0,0.28,63.05,-1.4561821766354113,802.95,786.44,209.15
1990-05-07 10:30:00+05:30,6.97,0.55,58.65,-0.5851915599865195,938.85,783.31,256.65
1990-05-07 11:30:00+05:30,8.54,0.83,54.65,-0.08678602423712493,1013.95,867.45,199.85
1990-05-07 12:30:00+05:30,9.92,1.24,55.05,1.3016439110098377,986.4,867.29,159.7
1990-05-07 13:30:00+05:30,10.81,1.59,51.1,1.0909323984571395,929.85,809.45,190.0
1990-05-07 14:30:00+05:30,11.43,1.72,45.8,0.14221182583013628,770.7,762.49,142.7
1990-05-07 15:30:00+05:30,11.67,1.72,42.4,-0.7014328404811473,557.85,604.88,141.6
1990-05-07 16:30:00+05:30,11.39,1.79,37.75,-2.534785154612091,362.2,497.23,105.2
1990-05-07 17:30:00+05:30,10.69,1.59,36.0,-3.796710181100257,162.85,310.64,63.0
1990-05-07 18:30:00+05:30,9.8,1.17,38.7,-3.6237183217181204,16.25,50.8,10.4
1990-05-07 19:30:00+05:30,8.72,0.97,41.6,-3.6287239720994244,0.0,0.0,0.0
1990-05-07 20:30:00+05:30,7.54,0.62,50.35,-2.1356468228735417,0.0,0.0,0.0
1990-05-07 21:30:00+05:30,6.65,0.34,48.15,-3.5584201619250937,0.0,0.0,0.0
1990-05-07 22:30:00+05:30,5.19,0.34,51.8,-3.9299289583485426,0.0,0.0,0.0
1990-05-07 23:30:00+05:30,3.31,0.48,60.3,-3.658108693647777,0.0,0.0,0.0
1990-05-08 00:30:00+05:30,2.59,0.48,62.5,-3.8601133236721465,0.0,0.0,0.0
1990-05-08 01:30:00+05:30,1.58,0.48,67.4,-3.8130859064591722,0.0,0.0,0.0
1990-05-08 02:30:00+05:30,0.22,0.62,75.6,-3.585994379094852,0.0,0.0,0.0
1990-05-08 03:30:00+05:30,-1.73,0.76,84.95,-3.9284270440057143,0.0,0.0,0.0
1990-05-08 04:30:00+05:30,-3.22,0.83,91.8,-4.363978985423114,0.0,0.0,0.0
1990-05-08 05:30:00+05:30,-3.51,0.9,91.8,-4.651221467298587,33.65,0.0,33.65
1990-05-08 06:30:00+05:30,-3.87,0.9,95.5,-4.483669279878271,207.65,351.09,133.05
1990-05-08 07:30:00+05:30,-1.65,0.83,88.35,-3.3242607998168405,381.15,351.74,235.1
1990-05-08 08:30:00+05:30,1.91,0.62,73.0,-2.422865027415955,681.35,832.4,181.15
1990-05-08 09:30:00+05:30,4.75,0.07,62.95,-1.714943021608186,860.5,867.35,204.0
1990-05-08 10:30:00+05:30,6.84,0.83,50.2,-2.8229423757096246,927.0,822.36,209.45
1990-05-08 11:30:00+05:30,8.33,1.31,44.85,-2.9729944704539344,1025.3,871.51,206.1
1990-05-08 12:30:00+05:30,9.27,1.17,46.95,-1.4936983615686796,932.85,631.99,329.55
1990-05-08 13:30:00+05:30,9.79,1.38,47.05,-0.9880317077252704,826.55,597.87,279.25
1990-05-08 14:30:00+05:30,9.95,1.52,49.05,-0.26960529752994444,705.1,599.39,210.55
1990-05-08 15:30:00+05:30,9.76,1.66,50.85,0.05189903017308564,508.25,483.42,174.8
1990-05-08 16:30:00+05:30,8.3,2.14,56.7,0.19725105397319265,295.95,299.2,140.75
1990-05-08 17:30:00+05:30,6.13,2.14,60.85,-0.8718724486788977,129.95,185.45,69.95
1990-05-08 18:30:00+05:30,5.38,1.31,63.15,-1.0740426676089672,11.8,22.54,9.15
1990-05-08 19:30:00+05:30,4.84,0.76,63.05,-1.607966524591539,0.0,0.0,0.0
1990-05-08 20:30:00+05:30,4.22,0.76,70.6,-0.653857696735925,0.0,0.0,0.0
1990-05-08 21:30:00+05:30,3.44,0.69,76.15,-0.36690205454008534,0.0,0.0,0.0
1990-05-08 22:30:00+05:30,2.49,0.41,79.0,-0.7851861969451801,0.0,0.0,0.0
1990-05-08 23:30:00+05:30,1.78,0.14,82.05,-0.9589468080200234,0.0,0.0,0.0
1990-05-09 00:30:00+05:30,0.85,0.14,88.55,-0.8280023257895923,0.0,0.0,0.0
1990-05-09 01:30:00+05:30,0.29,0.14,92.0,-0.8578040314720995,0.0,0.0,0.0
1990-05-09 02:30:00+05:30,-0.09,0.21,92.0,-1.2342314592734591,0.0,0.0,0.0
1990-05-09 03:30:00+05:30,-0.06,0.28,92.0,-1.2045133029443589,0.0,0.0,0.0
1990-05-09 04:30:00+05:30,-0.42,0.28,91.95,-1.5685381385422092,0.0,0.0,0.0
1990-05-09 05:30:00+05:30,-0.81,0.21,95.6,-1.4251757232393425,33.9,0.0,33.9
1990-05-09 06:30:00+05:30,-0.02,0.07,88.45,-1.7014714047997768,237.8,663.35,95.1
1990-05-09 07:30:00+05:30,1.36,0.48,78.9,-1.902523341608893,491.8,872.82,127.35
1990-05-09 08:30:00+05:30,2.88,0.83,70.4,-1.9802201104163843,676.85,847.83,165.65
1990-05-09 09:30:00+05:30,4.37,0.9,60.5,-2.6126248396653855,846.2,863.01,191.45
1990-05-09 10:30:00+05:30,5.77,1.03,54.05,-2.820011415502468,920.25,871.85,158.15
1990-05-09 11:30:00+05:30,6.45,1.31,52.1,-2.6830955250987927,937.75,712.76,266.75
1990-05-09 12:30:00+05:30,7.01,1.45,46.4,-3.723588454963098,945.85,713.47,263.8
1990-05-09 13:30:00+05:30,7.81,1.38,50.35,-1.8860992634041356,859.55,649.23,264.35
1990-05-09 14:30:00+05:30,8.06,1.45,50.45,-1.6280467531655924,685.85,563.25,220.3
1990-05-09 15:30:00+05:30,7.98,1.17,52.45,-1.1718871360447007,541.2,527.06,176.8
1990-05-09 16:30:00+05:30,7.38,1.31,54.4,-1.2314330111852831,240.6,181.93,145.9
1990-05-09 17:30:00+05:30,5.3,1.66,65.55,-0.639053752458413,140.6,215.58,70.4
1990-05-09 18:30:00+05:30,3.91,1.38,70.6,-0.9517682667291859,13.2,30.01,9.6
1990-05-09 19:30:00+05:30,3.23,0.41,76.1,-0.5794898498017788,0.0,0.0,0.0
1990-05-09 20:30:00+05:30,2.62,0.28,82.15,-0.12087384783535927,0.0,0.0,0.0
1990-05-09 21:30:00+05:30,2.01,0.41,85.3,-0.2001328218562391,0.0,0.0,0.0
1990-05-09 22:30:00+05:30,1.57,0.34,88.6,-0.11010530909644423,0.0,0.0,0.0
1990-05-09 23:30:00+05:30,1.1,0.07,88.55,-0.5814311893842617,0.0,0.0,0.0
1990-05-10 00:30:00+05:30,0.48,0.28,92.0,-0.6695923959058611,0.0,0.0,0.0
1990-05-10 01:30:00+05:30,-0.14,0.34,88.45,-1.8198175205456033,0.0,0.0,0.0
1990-05-10 02:30:00+05:30,-0.8,0.41,91.95,-1.9449528617359,0.0,0.0,0.0
1990-05-10 03:30:00+05:30,-0.66,0.41,85.05,-2.862018560187554,0.0,0.0,0.0
1990-05-10 04:30:00+05:30,-0.76,0.48,88.4,-2.438931884713611,0.0,0.0,0.0
1990-05-10 05:30:00+05:30,-0.94,0.48,85.0,-3.1448643854256186,33.35,0.0,33.35
1990-05-10 06:30:00+05:30,-0.58,0.48,81.75,-3.31588535791435,238.65,536.82,121.8
1990-05-10 07:30:00+05:30,0.59,0.76,72.75,-3.7426130590577715,469.6,700.8,175.4
1990-05-10 08:30:00+05:30,1.87,0.69,64.9,-4.04113467161596,638.65,657.53,240.9
1990-05-10 09:30:00+05:30,3.07,0.48,60.15,-3.9180061765536105,731.3,704.9,195.3
1990-05-10 10:30:00+05:30,4.15,0.55,58.05,-3.376333747362191,1013.1,960.39,172.15
1990-05-10 11:30:00+05:30,5.42,1.03,54.05,-3.1462848600210234,1055.85,921.48,187.1
1990-05-10 12:30:00+05:30,5.86,1.1,58.55,-1.6525078662366748,977.05,694.37,312.35
1990-05-10 13:30:00+05:30,6.55,1.24,58.55,-1.0035728712144125,884.7,600.8,333.1
1990-05-10 14:30:00+05:30,7.01,1.31,56.45,-1.0715913786313482,740.1,621.47,225.55
1990-05-10 15:30:00+05:30,6.94,1.38,52.2,-2.2023571696109094,498.2,356.29,251.3
1990-05-10 16:30:00+05:30,6.63,1.03,50.05,-3.057291646876667,285.8,246.0,157.3
1990-05-10 17:30:00+05:30,5.98,0.69,46.25,-4.710224145066488,125.5,120.99,85.85
1990-05-10 18:30:00+05:30,4.95,0.9,49.8,-4.676376441341165,14.0,15.12,12.15
1990-05-10 19:30:00+05:30,3.77,0.76,57.95,-3.756632153323182,0.0,0.0,0.0
1990-05-10 20:30:00+05:30,3.05,0.62,62.6,-3.402524566804419,0.0,0.0,0.0
1990-05-10 21:30:00+05:30,2.22,0.41,67.5,-3.181097883227376,0.0,0.0,0.0
1990-05-10 22:30:00+05:30,1.39,0.28,70.1,-3.469364950605066,0.0,0.0,0.0
1990-05-10 23:30:00+05:30,0.4,0.41,75.7,-3.393850770544586,0.0,0.0,0.0
1990-05-11 00:30:00+05:30,-0.61,0.41,85.05,-2.812922726710738,0.0,0.0,0.0
1990-05-11 01:30:00+05:30,-1.43,0.48,88.35,-3.1073023858882616,0.0,0.0,0.0
1990-05-11 02:30:00+05:30,-2.02,0.62,88.3,-3.6967269985828115,0.0,0.0,0.0
1990-05-11 03:30:00+05:30,-2.25,0.69,88.3,-3.92354056289242,0.0,0.0,0.0
1990-05-11 04:30:00+05:30,-2.81,0.76,91.8,-3.95788319602632,0.0,0.0,0.0
1990-05-11 05:30:00+05:30,-3.28,0.83,91.8,-4.423408192732966,46.1,0.0,46.1
1990-05-11 06:30:00+05:30,-3.01,0.9,91.8,-4.155977876155493,263.95,630.28,125.2
1990-05-11 07:30:00+05:30,-0.25,0.97,78.6,-3.521040805157582,512.05,901.58,131.6
1990-05-11 08:30:00+05:30,2.78,1.17,60.05,-4.213957333010048,735.8,909.35,184.0
1990-05-11 09:30:00+05:30,4.62,1.38,45.85,-6.0702881843610275,876.05,803.18,264.0
1990-05-11 10:30:00+05:30,5.77,1.45,42.55,-6.0020588565282464,964.45,678.27,369.55
1990-05-11 11:30:00+05:30,6.78,1.52,42.7,-5.038962823384794,955.5,549.15,437.05
1990-05-11 12:30:00+05:30,7.53,1.45,39.7,-5.323838725544749,807.5,471.24,355.8
1990-05-11 13:30:00+05:30,7.87,1.24,38.25,-5.509237279529349,809.85,502.99,347.4
1990-05-11 14:30:00+05:30,8.03,1.03,39.85,-4.823871671052077,654.0,359.86,355.55
1990-05-11 15:30:00+05:30,7.84,1.31,41.45,-4.472711105327876,515.3,350.16,272.1
1990-05-11 16:30:00+05:30,7.66,1.59,43.0,-4.147067999756125,261.3,218.64,146.7
1990-05-11 17:30:00+05:30,7.12,1.45,42.85,-4.683852454134623,138.7,163.59,84.75
1990-05-11 18:30:00+05:30,6.54,1.17,46.25,-4.197307499878373,14.45,4.41,13.9
1990-05-11 19:30:00+05:30,5.77,0.83,48.0,-4.409584376158996,0.0,0.0,0.0
1990-05-11 20:30:00+05:30,5.06,0.55,49.8,-4.574749666084391,0.0,0.0,0.0
1990-05-11 21:30:00+05:30,4.42,0.41,51.7,-4.670138899129375,0.0,0.0,0.0
1990-05-11 22:30:00+05:30,3.77,0.48,55.7,-4.2851123103561894,0.0,0.0,0.0
1990-05-11 23:30:00+05:30,2.96,0.48,57.8,-4.552513840834058,0.0,0.0,0.0
1990-05-12 00:30:00+05:30,2.44,0.55,60.05,-4.5349042500051295,0.0,0.0,0.0
1990-05-12 01:30:00+05:30,1.87,0.55,62.35,-4.574783837923638,0.0,0.0,0.0
1990-05-12 02:30:00+05:30,1.45,0.55,64.8,-4.461632885726442,0.0,0.0,0.0
1990-05-12 03:30:00+05:30,1.12,0.55,67.3,-4.272825958548468,0.0,0.0,0.0
1990-05-12 04:30:00+05:30,0.87,0.62,67.3,-4.511913230169487,0.0,0.0,0.0
1990-05-12 05:30:00+05:30,0.66,0.62,69.95,-4.199226732100471,45.75,0.0,45.75
1990-05-12 06:30:00+05:30,1.06,0.55,72.85,-3.2707458496316812,186.95,131.89,157.6
1990-05-12 07:30:00+05:30,1.91,0.69,75.95,-1.8858934018311524,433.2,439.2,246.95
1990-05-12 08:30:00+05:30,4.19,0.97,55.85,-3.8561584333034964,664.9,722.7,225.05
1990-05-12 09:30:00+05:30,5.53,0.97,48.0,-4.630362588589768,880.15,829.48,246.75
1990-05-12 10:30:00+05:30,6.96,1.17,46.4,-3.7693897160449343,988.0,834.75,254.7
1990-05-12 11:30:00+05:30,8.39,1.38,41.6,-3.9271741345393285,991.7,683.01,346.0
1990-05-12 12:30:00+05:30,8.84,1.38,41.6,-3.5202061488500274,961.6,696.06,293.55
1990-05-12 13:30:00+05:30,9.61,1.52,38.7,-3.794091851488211,950.6,809.42,205.4
1990-05-12 14:30:00+05:30,10.14,1.72,38.85,-3.2669323285545344,831.05,814.47,154.45
1990-05-12 15:30:00+05:30,10.45,1.79,36.0,-4.0101066122305165,634.1,725.2,129.3
1990-05-12 16:30:00+05:30,10.37,1.72,33.25,-5.1365049684522335,410.4,583.17,103.7
1990-05-12 17:30:00+05:30,9.94,1.59,31.8,-6.10172737157469,183.85,350.18,67.65
1990-05-12 18:30:00+05:30,9.11,1.1,34.2,-5.877847947458857,20.85,64.16,12.7
1990-05-12 19:30:00+05:30,8.1,0.76,36.75,-5.8301176606183756,0.0,0.0,0.0
1990-05-12 20:30:00+05:30,7.07,0.55,39.55,-5.78769321818715,0.0,0.0,0.0
1990-05-12 21:30:00+05:30,5.96,0.48,37.85,-7.358214605469477,0.0,0.0,0.0
1990-05-12 22:30:00+05:30,4.64,0.48,44.05,-6.576251533792398,0.0,0.0,0.0
1990-05-12 23:30:00+05:30,3.29,0.48,47.45,-6.842084951131943,0.0,0.0,0.0
1990-05-13 00:30:00+05:30,2.08,0.48,53.15,-6.481162938681147,0.0,0.0,0.0
1990-05-13 01:30:00+05:30,0.99,0.55,57.35,-6.506711982076977,0.0,0.0,0.0
1990-05-13 02:30:00+05:30,0.0,0.55,59.45,-6.969711247371263,0.0,0.0,0.0
1990-05-13 03:30:00+05:30,-0.88,0.62,64.25,-6.792050634958163,0.0,0.0,0.0
1990-05-13 04:30:00+05:30,-1.62,0.62,66.8,-6.990913566794854,0.0,0.0,0.0
1990-05-13 05:30:00+05:30,-2.38,0.69,69.35,-7.231918985872492,37.35,0.0,37.35
1990-05-13 06:30:00+05:30,-2.1,0.62,64.0,-8.003690524147808,308.7,1038.56,75.2
1990-05-13 07:30:00+05:30,0.91,0.62,59.7,-6.056190694734369,543.5,1016.0,110.6
1990-05-13 08:30:00+05:30,3.88,0.55,42.15,-7.840233479947041,764.35,1062.73,115.7
1990-05-13 09:30:00+05:30,5.67,0.48,39.25,-7.146872918307934,940.3,1076.04,117.0
1990-05-13 10:30:00+05:30,7.31,0.69,38.0,-6.097214278027239,1056.05,1054.89,127.95
1990-05-13 11:30:00+05:30,8.68,0.83,35.45,-5.787225861983801,1105.7,1029.85,130.85
1990-05-13 12:30:00+05:30,9.76,0.76,34.35,-5.245095083210595,1086.3,989.96,135.0
1990-05-13 13:30:00+05:30,10.69,0.97,30.7,-5.907247247687568,1000.55,951.74,123.15
1990-05-13 14:30:00+05:30,11.31,1.17,28.45,-6.365922229135031,851.7,884.36,115.85
1990-05-13 15:30:00+05:30,11.66,1.38,26.35,-7.064556315686627,654.35,789.62,103.5
1990-05-13 16:30:00+05:30,11.61,1.38,24.3,-8.155937092319228,428.5,653.99,83.4
1990-05-13 17:30:00+05:30,11.17,1.24,23.2,-9.123957307089993,194.2,408.7,57.75
1990-05-13 18:30:00+05:30,10.27,0.69,24.9,-8.984793693602874,22.9,76.53,13.0
1990-05-13 19:30:00+05:30,9.0,0.28,31.55,-7.0292653093632165,0.0,0.0,0.0
1990-05-13 20:30:00+05:30,7.97,0.28,27.6,-9.64721353276371,0.0,0.0,0.0
1990-05-13 21:30:00+05:30,6.46,0.48,33.5,-8.489801504889073,0.0,0.0,0.0
1990-05-13 22:30:00+05:30,4.89,0.55,37.55,-8.419439107843083,0.0,0.0,0.0
1990-05-13 23:30:00+05:30,3.42,0.55,43.75,-7.7769283516399295,0.0,0.0,0.0
1990-05-14 00:30:00+05:30,2.0,0.55,47.05,-8.137605701344098,0.0,0.0,0.0
1990-05-14 01:30:00+05:30,1.05,0.55,52.85,-7.514005925555525,0.0,0.0,0.0
1990-05-14 02:30:00+05:30,0.28,0.55,54.95,-7.728082183541269,0.0,0.0,0.0
1990-05-14 03:30:00+05:30,-0.5,0.55,59.35,-7.463308838322642,0.0,0.0,0.0
1990-05-14 04:30:00+05:30,-1.17,0.62,61.65,-7.604169447939736,0.0,0.0,0.0
1990-05-14 05:30:00+05:30,-1.81,0.62,64.0,-7.727731534315937,37.5,0.0,37.5
1990-05-14 06:30:00+05:30,-1.69,0.62,61.55,-8.117838943230982,298.9,977.54,76.95
1990-05-14 07:30:00+05:30,1.2,0.41,62.15,-5.252486330602933,525.95,943.31,122.2
1990-05-14 08:30:00+05:30,4.26,0.07,43.9,-6.967063479349371,746.25,998.64,135.05
1990-05-14 09:30:00+05:30,6.16,0.07,39.4,-6.656326091340927,912.85,1000.5,145.9
1990-05-14 10:30:00+05:30,7.98,0.14,39.85,-4.868885093777636,1032.85,1000.37,151.45
1990-05-14 11:30:00+05:30,9.61,0.62,38.7,-3.794091851488211,1080.0,966.85,163.65
1990-05-14 12:30:00+05:30,10.96,0.97,37.6,-2.972667712417032,1065.9,952.29,149.7
1990-05-14 13:30:00+05:30,11.93,1.45,33.7,-3.5821156512782504,971.4,886.38,153.2
1990-05-14 14:30:00+05:30,12.54,1.79,30.05,-4.576661119864375,807.85,797.17,143.5
1990-05-14 15:30:00+05:30,12.63,1.86,28.85,-5.038771911973354,606.05,677.71,132.25
1990-05-14 16:30:00+05:30,12.48,1.79,24.55,-7.283091878778074,379.85,527.93,100.35
1990-05-14 17:30:00+05:30,11.73,1.38,26.35,-7.00446846848271,168.25,303.68,66.25
1990-05-14 18:30:00+05:30,10.33,0.9,33.1,-5.231507441039109,22.55,66.84,13.75
1990-05-14 19:30:00+05:30,8.54,0.83,39.95,-4.33143167437934,0.0,0.0,0.0
1990-05-14 20:30:00+05:30,6.24,0.97,52.1,-2.8780127260026394,0.0,0.0,0.0
1990-05-14 21:30:00+05:30,4.24,1.03,58.05,-3.291730092415234,0.0,0.0,0.0
1990-05-14 22:30:00+05:30,2.32,1.03,65.0,-3.5919878546605926,0.0,0.0,0.0
1990-05-14 23:30:00+05:30,0.72,1.1,72.75,-3.6171953745964944,0.0,0.0,0.0
1990-05-15 00:30:00+05:30,-0.27,1.1,85.05,-2.4790759360664936,0.0,0.0,0.0
1990-05-15 01:30:00+05:30,-1.62,1.03,84.95,-3.8204219888813027,0.0,0.0,0.0
1990-05-15 02:30:00+05:30,-2.57,1.1,88.25,-4.246657190117961,0.0,0.0,0.0
1990-05-15 03:30:00+05:30,-2.89,1.1,88.25,-4.562214799334328,0.0,0.0,0.0
1990-05-15 04:30:00+05:30,-3.54,1.1,84.7,-5.744503161572712,0.0,0.0,0.0
1990-05-15 05:30:00+05:30,-3.48,1.1,84.7,-5.685602401115129,36.55,0.0,36.55
1990-05-15 06:30:00+05:30,-2.95,1.17,78.2,-6.216058304594451,255.75,747.22,84.5
1990-05-15 07:30:00+05:30,-0.79,1.24,66.9,-6.177878851522106,503.8,863.06,132.8
1990-05-15 08:30:00+05:30,2.34,1.17,51.15,-6.740362583977685,676.85,795.44,188.75
1990-05-15 09:30:00+05:30,5.27,1.03,42.45,-6.486682770277263,903.6,924.55,193.6
1990-05-15 10:30:00+05:30,7.8,0.97,38.1,-5.623722398679275,1023.35,942.2,192.05
1990-05-15 11:30:00+05:30,9.84,0.9,34.35,-5.174308634548999,1062.7,898.89,209.75
1990-05-15 12:30:00+05:30,11.38,1.1,31.0,-5.176188506424085,1055.5,899.96,188.65
1990-05-15 13:30:00+05:30,12.49,1.24,27.75,-5.67284990419953,969.95,890.99,146.45
1990-05-15 14:30:00+05:30,13.16,1.52,24.7,-6.624797431143663,811.8,773.95,165.8
1990-05-15 15:30:00+05:30,13.28,1.52,23.7,-7.061441171215318,591.1,660.01,128.7
1990-05-15 16:30:00+05:30,13.08,1.31,22.75,-7.7611769725300785,393.35,546.83,102.9
1990-05-15 17:30:00+05:30,12.65,0.97,21.75,-8.702166010963552,184.0,361.82,61.75
1990-05-15 18:30:00+05:30,11.81,0.62,23.35,-8.499356307786181,22.8,60.84,14.65
1990-05-15 19:30:00+05:30,10.68,0.76,27.2,-7.4952856550885105,0.0,0.0,0.0
1990-05-15 20:30:00+05:30,8.76,0.9,46.8,-2.0046023972998386,0.0,0.0,0.0
1990-05-15 21:30:00+05:30,7.35,0.9,43.0,-4.428581092617812,0.0,0.0,0.0
1990-05-15 22:30:00+05:30,6.33,0.9,41.0,-5.98196245220273,0.0,0.0,0.0
1990-05-15 23:30:00+05:30,5.06,0.9,46.0,-5.624474867677103,0.0,0.0,0.0
1990-05-16 00:30:00+05:30,4.15,0.83,51.55,-4.959161493961216,0.0,0.0,0.0
1990-05-16 01:30:00+05:30,3.15,0.83,55.55,-4.901091501812655,0.0,0.0,0.0
1990-05-16 02:30:00+05:30,2.19,0.83,59.95,-4.793011586133304,0.0,0.0,0.0
1990-05-16 03:30:00+05:30,0.82,0.9,67.3,-4.559731981381199,0.0,0.0,0.0
1990-05-16 04:30:00+05:30,-0.02,0.9,72.65,-4.349450897265567,0.0,0.0,0.0
1990-05-16 05:30:00+05:30,-1.65,1.03,78.45,-4.908995551143657,37.35,0.0,37.35
1990-05-16 06:30:00+05:30,-0.75,1.03,78.5,-4.024666989202816,302.1,986.23,74.05
1990-05-16 07:30:00+05:30,2.65,1.03,67.6,-2.749872862738216,532.15,1012.08,95.3
1990-05-16 08:30:00+05:30,6.64,0.97,52.1,-2.5067522105926194,741.65,1016.51,116.35
1990-05-16 09:30:00+05:30,9.42,0.83,41.85,-2.9151003258225345,910.05,1015.27,129.05
1990-05-16 10:30:00+05:30,11.42,0.69,34.9,-3.5642108592337873,1007.7,949.4,168.95
1990-05-16 11:30:00+05:30,12.86,0.97,28.85,-4.83946613944228,933.6,633.75,331.55
1990-05-16 12:30:00+05:30,13.38,0.41,27.85,-4.857367438143659,849.05,522.72,345.0
1990-05-16 13:30:00+05:30,14.05,0.62,24.0,-6.244279849996186,782.25,479.48,338.55
1990-05-16 14:30:00+05:30,14.45,1.1,22.25,-6.8953477454766485,607.6,398.71,274.3
1990-05-16 15:30:00+05:30,14.43,1.24,22.25,-6.912170328141138,460.35,396.83,181.75
1990-05-16 16:30:00+05:30,14.17,1.1,23.05,-6.670764537042605,284.6,244.91,154.1
1990-05-16 17:30:00+05:30,13.7,1.03,23.85,-6.62313868092465,128.3,125.05,85.8
1990-05-16 18:30:00+05:30,12.99,1.03,25.7,-6.250895796484284,18.3,25.69,14.8
1990-05-16 19:30:00+05:30,11.99,0.83,29.9,-5.121736769451377,0.0,0.0,0.0
1990-05-16 20:30:00+05:30,10.79,0.69,38.95,-2.649312139302359,0.0,0.0,0.0
1990-05-16 21:30:00+05:30,9.91,0.55,38.85,-3.473235576388202,0.0,0.0,0.0
1990-05-16 22:30:00+05:30,8.89,0.48,43.4,-2.9057602208060382,0.0,0.0,0.0
1990-05-16 23:30:00+05:30,7.94,0.41,46.65,-2.7994047622912697,0.0,0.0,0.0
1990-05-17 00:30:00+05:30,6.55,0.34,54.15,-2.067931751325232,0.0,0.0,0.0
1990-05-17 01:30:00+05:30,5.85,0.34,54.15,-2.72050470937657,0.0,0.0,0.0
1990-05-17 02:30:00+05:30,5.05,0.34,60.65,-1.936883503231438,0.0,0.0,0.0
1990-05-17 03:30:00+05:30,4.39,0.34,62.95,-2.056421821121405,0.0,0.0,0.0
1990-05-17 04:30:00+05:30,3.03,0.34,70.4,-1.8360903936231843,0.0,0.0,0.0
1990-05-17 05:30:00+05:30,1.35,0.48,78.9,-1.9122582328380158,35.7,0.0,35.7
1990-05-17 06:30:00+05:30,1.51,0.41,82.0,-1.2312706416403265,286.0,879.93,80.8
1990-05-17 07:30:00+05:30,3.52,0.48,79.15,0.24369446435055928,496.65,881.89,114.5
1990-05-17 08:30:00+05:30,5.89,0.97,65.75,-0.034943483468542515,691.9,875.22,152.25
1990-05-17 09:30:00+05:30,7.83,1.52,61.1,0.7905769840416061,805.0,765.29,215.35
1990-05-17 10:30:00+05:30,9.33,1.72,48.8,-0.9105973907495939,853.6,681.7,250.6
1990-05-17 11:30:00+05:30,10.59,1.66,43.8,-1.2364276388999045,1034.95,890.43,188.15
1990-05-17 12:30:00+05:30,12.06,1.72,40.95,-0.8262167866312498,1003.65,795.14,236.1
1990-05-17 13:30:00+05:30,13.0,2.0,38.15,-0.9524253914894663,934.6,835.9,160.15
1990-05-17 14:30:00+05:30,13.54,2.21,34.1,-2.002512890007481,757.65,712.92,160.8
1990-05-17 15:30:00+05:30,13.68,2.21,31.55,-2.930274882656959,617.95,709.37,118.9
1990-05-17 16:30:00+05:30,13.31,2.07,30.15,-3.8620617770788646,374.25,472.08,121.9
1990-05-17 17:30:00+05:30,12.73,1.86,30.05,-4.411259022984699,187.9,365.98,62.8
1990-05-17 18:30:00+05:30,11.88,1.45,31.1,-4.696452172995213,24.85,75.11,14.45
1990-05-17 19:30:00+05:30,10.87,0.76,34.75,-4.108877506980432,0.0,0.0,0.0
1990-05-17 20:30:00+05:30,9.77,0.34,43.55,-2.059548417394161,0.0,0.0,0.0
1990-05-17 21:30:00+05:30,8.81,0.34,45.0,-2.490092684715957,0.0,0.0,0.0
1990-05-17 22:30:00+05:30,7.38,0.48,50.35,-2.28353665072873,0.0,0.0,0.0
1990-05-17 23:30:00+05:30,5.65,0.62,56.2,-2.4054046539924925,0.0,0.0,0.0
1990-05-18 00:30:00+05:30,5.02,0.55,56.05,-3.031281693953873,0.0,0.0,0.0
1990-05-18 01:30:00+05:30,3.35,0.69,62.7,-3.0965900342943473,0.0,0.0,0.0
1990-05-18 02:30:00+05:30,2.11,0.69,73.0,-2.229878474415576,0.0,0.0,0.0
1990-05-18 03:30:00+05:30,1.07,0.83,78.8,-2.202024170513009,0.0,0.0,0.0
1990-05-18 04:30:00+05:30,0.05,0.9,85.1,-2.1569091823023028,0.0,0.0,0.0
1990-05-18 05:30:00+05:30,-1.59,0.97,88.35,-3.2650900514460544,40.45,0.0,40.45
1990-05-18 06:30:00+05:30,-1.72,1.03,88.35,-3.3932935972711293,262.85,683.37,102.2
1990-05-18 07:30:00+05:30,1.39,1.03,75.85,-2.4077457150805297,507.05,869.31,128.95
1990-05-18 08:30:00+05:30,4.88,0.9,60.65,-2.0974491160104365,727.6,932.25,151.5
1990-05-18 09:30:00+05:30,7.66,0.55,54.4,-0.9703632531612519,906.75,998.21,136.45
1990-05-18 10:30:00+05:30,9.79,0.76,47.05,-0.9880317077252704,1026.2,1001.29,139.45
1990-05-18 11:30:00+05:30,11.69,1.1,39.25,-1.7379012057871386,1071.5,970.86,147.25
1990-05-18 12:30:00+05:30,12.97,1.31,33.95,-2.565202643789808,1038.95,894.76,174.35
1990-05-18 13:30:00+05:30,14.16,1.66,29.25,-3.529046245697529,927.6,778.33,205.65
1990-05-18 14:30:00+05:30,14.84,1.93,26.1,-4.464114467249404,724.8,524.33,285.2
1990-05-18 15:30:00+05:30,14.8,1.93,23.15,-6.082031116555428,557.4,475.15,222.45
1990-05-18 16:30:00+05:30,14.5,1.93,23.15,-6.335443567457652,370.7,402.73,154.75
1990-05-18 17:30:00+05:30,13.87,1.79,24.85,-5.940838771984502,188.75,351.55,67.9
1990-05-18 18:30:00+05:30,12.58,1.45,30.05,-4.5418382579687115,26.35,78.19,15.35
1990-05-18 19:30:00+05:30,10.71,0.97,38.95,-2.7210687487842025,0.0,0.0,0.0
1990-05-18 20:30:00+05:30,9.08,0.9,45.15,-2.198701017519692,0.0,0.0,0.0
1990-05-18 21:30:00+05:30,7.25,0.83,58.65,-0.3218624668223004,0.0,0.0,0.0
1990-05-18 22:30:00+05:30,5.62,0.83,63.15,-0.8463530493977076,0.0,0.0,0.0
1990-05-18 23:30:00+05:30,4.14,0.9,70.6,-0.7307364350971379,0.0,0.0,0.0
1990-05-19 00:30:00+05:30,6.42,0.48,58.55,-1.1258276894299823,0.0,0.0,0.0
1990-05-19 01:30:00+05:30,5.46,0.55,60.75,-1.5272178780148098,0.0,0.0,0.0
1990-05-19 02:30:00+05:30,4.46,0.55,65.4,-1.4706674994393525,0.0,0.0,0.0
1990-05-19 03:30:00+05:30,3.47,0.55,67.8,-1.925455035450786,0.0,0.0,0.0
1990-05-19 04:30:00+05:30,2.75,0.55,73.1,-1.5937188264470294,0.0,0.0,0.0
1990-05-19 05:30:00+05:30,1.98,0.55,75.95,-1.8180457193145456,38.5,0.0,38.5
1990-05-19 06:30:00+05:30,2.8,0.41,73.2,-1.5268451257208615,282.9,847.26,82.2
1990-05-19 07:30:00+05:30,5.2,0.21,68.1,-0.20978863710774537,488.25,837.27,122.8
1990-05-19 08:30:00+05:30,7.79,0.76,56.55,-0.31689853224888714,722.55,960.65,127.65
1990-05-19 09:30:00+05:30,9.61,1.38,47.05,-1.153021828090729,805.35,812.69,177.3
1990-05-19 10:30:00+05:30,10.46,1.59,42.15,-1.8774022164446853,897.55,782.54,203.75
1990-05-19 11:30:00+05:30,11.61,1.86,36.3,-2.8671342168662703,977.45,769.42,244.25
1990-05-19 12:30:00+05:30,13.22,2.21,30.15,-3.9404133580451375,868.75,624.14,265.05
1990-05-19 13:30:00+05:30,13.98,2.55,27.05,-4.727037905815365,851.3,606.67,287.95
1990-05-19 14:30:00+05:30,14.64,2.83,24.1,-5.689108863629578,701.0,544.84,243.55
1990-05-19 15:30:00+05:30,14.67,2.76,22.25,-6.710313624400693,580.1,604.74,152.95
1990-05-19 16:30:00+05:30,14.3,2.55,23.05,-6.560976355313527,390.5,556.09,91.4
1990-05-19 17:30:00+05:30,13.46,2.28,22.9,-7.355282531002352,180.95,315.17,72.0
1990-05-19 18:30:00+05:30,12.25,1.93,25.45,-7.011300974010558,26.9,74.88,16.2
1990-05-19 19:30:00+05:30,11.1,1.31,29.6,-6.028926072740664,0.0,0.0,0.0
1990-05-19 20:30:00+05:30,10.04,0.9,38.85,-3.356626955429679,0.0,0.0,0.0
1990-05-19 21:30:00+05:30,9.19,0.69,38.55,-4.222505670237244,0.0,0.0,0.0
1990-05-19 22:30:00+05:30,8.07,0.62,44.85,-3.210156198284995,0.0,0.0,0.0
1990-05-19 23:30:00+05:30,6.56,0.48,50.05,-3.121967351741856,0.0,0.0,0.0
1990-05-20 00:30:00+05:30,4.76,0.55,53.8,-3.823617704777197,0.0,0.0,0.0
1990-05-20 01:30:00+05:30,3.93,0.62,58.05,-3.5831505736095624,0.0,0.0,0.0
1990-05-20 02:30:00+05:30,3.18,0.69,65.1,-2.752256174620803,0.0,0.0,0.0
1990-05-20 03:30:00+05:30,2.85,0.69,65.1,-3.0665613305952215,0.0,0.0,0.0
1990-05-20 04:30:00+05:30,2.7,0.62,67.6,-2.70204606422957,0.0,0.0,0.0
1990-05-20 05:30:00+05:30,1.8,0.69,67.5,-3.5828241888168852,43.7,0.0,43.7
1990-05-20 06:30:00+05:30,2.01,0.48,70.2,-2.854585198748018,283.6,802.19,92.2
1990-05-20 07:30:00+05:30,4.52,0.14,68.0,-0.8806530942978924,515.9,915.43,115.0
1990-05-20 08:30:00+05:30,7.28,0.76,54.3,-1.3497857986625807,732.35,991.05,117.4
1990-05-20 09:30:00+05:30,9.32,1.1,41.7,-3.0538885802835223,900.5,1006.71,121.45
1990-05-20 10:30:00+05:30,11.38,2.28,27.45,-6.772828240702214,955.5,803.62,242.25
1990-05-20 11:30:00+05:30,12.77,2.9,21.75,-8.601369307971307,980.05,725.87,287.7
1990-05-20 12:30:00+05:30,13.11,3.38,19.35,-9.811039210375363,938.6,617.55,340.7
1990-05-20 13:30:00+05:30,13.77,3.72,18.65,-9.733416619800645,805.25,461.43,376.3
1990-05-20 14:30:00+05:30,13.72,3.59,18.65,-9.774686681033376,600.3,323.93,327.95
1990-05-20 15:30:00+05:30,13.22,3.31,20.15,-9.20352410842496,560.7,467.91,229.55
1990-05-20 16:30:00+05:30,12.91,3.03,20.15,-9.461688597313866,374.2,422.15,146.45
1990-05-20 17:30:00+05:30,11.99,2.55,21.6,-9.345010749665164,171.95,280.94,74.3
1990-05-20 18:30:00+05:30,10.95,1.93,24.15,-8.796990146153954,24.8,66.52,15.15
1990-05-20 19:30:00+05:30,9.99,1.38,27.05,-8.161401627340807,0.0,0.0,0.0
1990-05-20 20:30:00+05:30,9.27,1.24,30.3,-7.318410778832013,0.0,0.0,0.0
1990-05-20 21:30:00+05:30,7.98,1.03,44.85,-3.2922557794118474,0.0,0.0,0.0
1990-05-20 22:30:00+05:30,7.91,0.69,35.3,-6.526827954573766,0.0,0.0,0.0
1990-05-20 23:30:00+05:30,7.2,0.48,38.0,-6.195753785483694,0.0,0.0,0.0
1990-05-21 00:30:00+05:30,6.51,0.62,37.85,-6.865516915913642,0.0,0.0,0.0
1990-05-21 01:30:00+05:30,5.77,0.55,40.9,-6.5200194649023455,0.0,0.0,0.0
1990-05-21 02:30:00+05:30,4.67,0.41,45.85,-6.024510605556123,0.0,0.0,0.0
1990-05-21 03:30:00+05:30,3.88,0.34,49.55,-5.731334630048137,0.0,0.0,0.0
1990-05-21 04:30:00+05:30,3.23,0.34,53.4,-5.3483256483469,0.0,0.0,0.0
1990-05-21 05:30:00+05:30,2.63,0.28,57.7,-4.885629289683185,42.6,0.0,42.6
1990-05-21 06:30:00+05:30,2.41,0.41,60.05,-4.5632243076199925,281.25,751.58,100.7
1990-05-21 07:30:00+05:30,3.34,0.97,62.7,-3.10607377198738,500.6,860.32,122.65
1990-05-21 08:30:00+05:30,5.17,1.24,51.8,-3.9484868722789197,669.7,847.16,143.05
1990-05-21 09:30:00+05:30,6.49,1.52,44.45,-4.770710390920647,834.35,819.9,199.05
1990-05-21 10:30:00+05:30,8.21,2.0,33.9,-6.789165876081657,941.35,775.91,252.0
1990-05-21 11:30:00+05:30,9.59,2.48,28.05,-8.038745893806935,929.65,564.96,390.3
1990-05-21 12:30:00+05:30,10.82,2.9,24.05,-8.960694444166293,933.95,605.95,346.75
1990-05-21 13:30:00+05:30,11.48,3.17,22.4,-9.310162753852737,862.5,601.71,302.55
1990-05-21 14:30:00+05:30,11.64,3.24,22.4,-9.1752333948848,716.55,569.53,237.05
1990-05-21 15:30:00+05:30,11.59,3.17,22.4,-9.217397332000772,540.25,434.93,231.85
1990-05-21 16:30:00+05:30,11.16,2.97,22.25,-9.66557719383138,386.4,514.13,108.2
1990-05-21 17:30:00+05:30,10.51,2.76,23.05,-9.765416449769667,177.0,290.3,75.55
1990-05-21 18:30:00+05:30,9.4,2.21,24.8,-9.77895008393114,23.55,41.1,17.5
1990-05-21 19:30:00+05:30,8.4,1.66,27.75,-9.206272759777145,0.0,0.0,0.0
1990-05-21 20:30:00+05:30,7.6,1.31,31.1,-8.442176464048718,0.0,0.0,0.0
1990-05-21 21:30:00+05:30,6.25,1.1,48.15,-3.9264154076875655,0.0,0.0,0.0
1990-05-21 22:30:00+05:30,6.15,0.76,37.85,-7.187996796086571,0.0,0.0,0.0
1990-05-21 23:30:00+05:30,5.52,0.48,39.25,-7.281820157498439,0.0,0.0,0.0
1990-05-22 00:30:00+05:30,4.98,0.34,39.1,-7.817199245529246,0.0,0.0,0.0
1990-05-22 01:30:00+05:30,4.43,0.28,42.3,-7.295133802152093,0.0,0.0,0.0
1990-05-22 02:30:00+05:30,3.85,0.21,43.9,-7.340721281462971,0.0,0.0,0.0
1990-05-22 03:30:00+05:30,3.28,0.28,49.25,-6.365090837769117,0.0,0.0,0.0
1990-05-22 04:30:00+05:30,2.56,0.28,53.25,-6.009459644673061,0.0,0.0,0.0
1990-05-22 05:30:00+05:30,2.15,0.28,57.6,-5.359638641169922,49.2,0.0,49.2
1990-05-22 06:30:00+05:30,2.28,0.21,60.05,-4.685946828546484,228.95,354.46,143.25
1990-05-22 07:30:00+05:30,3.35,0.34,57.95,-4.151434920687831,431.85,486.48,217.5
1990-05-22 08:30:00+05:30,4.48,0.83,49.65,-5.150523958409754,570.6,467.27,279.6
1990-05-22 09:30:00+05:30,5.85,0.97,42.7,-5.883223367919315,756.0,639.09,260.2
1990-05-22 10:30:00+05:30,7.25,1.17,41.15,-5.102402840003275,785.95,466.78,370.85
1990-05-22 11:30:00+05:30,8.51,1.45,35.45,-5.9382581312914855,829.85,470.86,379.95
1990-05-22 12:30:00+05:30,9.17,1.59,34.2,-5.82476740631882,920.45,584.23,353.8
1990-05-22 13:30:00+05:30,9.98,1.93,33.1,-5.539873909031104,797.75,534.27,300.05
1990-05-22 14:30:00+05:30,9.81,2.07,35.75,-4.671805816854581,674.7,441.73,302.3
1990-05-22 15:30:00+05:30,10.07,2.14,34.45,-4.932319227390676,493.25,382.31,221.65
1990-05-22 16:30:00+05:30,10.23,2.07,31.8,-5.847347291343513,226.65,180.21,128.85
1990-05-22 17:30:00+05:30,9.65,1.66,31.7,-6.397352765454528,136.35,154.42,82.1
1990-05-22 18:30:00+05:30,8.74,1.31,35.45,-5.733923152654392,22.7,41.18,16.55
1990-05-22 19:30:00+05:30,7.56,0.83,39.7,-5.296836917205151,0.0,0.0,0.0
1990-05-22 20:30:00+05:30,6.48,0.28,48.15,-3.714812254983987,0.0,0.0,0.0
1990-05-22 21:30:00+05:30,5.8,0.28,51.95,-3.3251577708797613,0.0,0.0,0.0
1990-05-22 22:30:00+05:30,5.13,0.0,58.3,-2.3970772557425595,0.0,0.0,0.0
1990-05-22 23:30:00+05:30,4.47,0.14,62.95,-1.980535407621553,0.0,0.0,0.0
1990-05-23 00:30:00+05:30,2.64,0.28,79.0,-0.639161184928854,0.0,0.0,0.0
1990-05-23 01:30:00+05:30,2.58,0.28,79.0,-0.6975709043238413,0.0,0.0,0.0
1990-05-23 02:30:00+05:30,2.15,0.28,78.95,-1.1248403410093502,0.0,0.0,0.0
1990-05-23 03:30:00+05:30,1.52,0.21,82.0,-1.221493506078882,0.0,0.0,0.0
1990-05-23 04:30:00+05:30,0.79,0.14,85.2,-1.4142849044211832,0.0,0.0,0.0
1990-05-23 05:30:00+05:30,0.23,0.21,88.45,-1.454919592555384,51.2,0.0,51.2
1990-05-23 06:30:00+05:30,0.88,0.14,81.95,-1.855536505489776,265.3,630.86,111.85
1990-05-23 07:30:00+05:30,2.2,0.34,75.95,-1.6048140552266112,496.2,744.15,167.4
1990-05-23 08:30:00+05:30,3.72,0.55,67.8,-1.6862807879859847,731.8,868.33,190.15
1990-05-23 09:30:00+05:30,5.56,0.69,60.75,-1.4327616427475864,898.85,888.22,209.0
1990-05-23 10:30:00+05:30,6.98,0.83,54.3,-1.6294752769761056,1013.2,916.68,197.3
1990-05-23 11:30:00+05:30,8.1,0.97,50.45,-1.5910730849285015,1004.95,717.17,319.15
1990-05-23 12:30:00+05:30,8.12,1.24,43.1,-3.6983199909234252,1014.1,794.61,242.75
1990-05-23 13:30:00+05:30,8.7,1.79,39.95,-4.187384567683081,843.5,503.17,374.3
1990-05-23 14:30:00+05:30,8.77,2.21,39.95,-4.124366904204073,710.1,438.37,340.05
1990-05-23 15:30:00+05:30,8.85,2.21,38.55,-4.527340291958079,504.6,344.86,259.15
1990-05-23 16:30:00+05:30,8.63,2.07,39.95,-4.2504040241644425,296.1,243.17,163.75
1990-05-23 17:30:00+05:30,8.02,1.79,39.85,-4.8328742822133375,125.6,134.08,78.25
1990-05-23 18:30:00+05:30,7.34,1.31,39.7,-5.494857876083606,28.1,45.57,21.2
1990-05-23 19:30:00+05:30,6.52,0.76,42.7,-5.274962722818821,0.0,0.0,0.0
1990-05-23 20:30:00+05:30,5.94,0.34,42.7,-5.801507743916499,0.0,0.0,0.0
1990-05-23 21:30:00+05:30,5.25,0.14,47.85,-4.929419024960014,0.0,0.0,0.0
1990-05-23 22:30:00+05:30,4.51,0.07,49.65,-5.122812432779376,0.0,0.0,0.0
1990-05-23 23:30:00+05:30,3.75,0.14,55.7,-4.303828596532229,0.0,0.0,0.0
1990-05-24 00:30:00+05:30,2.13,0.41,62.35,-4.328290077006879,0.0,0.0,0.0
1990-05-24 01:30:00+05:30,0.88,0.48,70.05,-3.9688420302276013,0.0,0.0,0.0
1990-05-24 02:30:00+05:30,-0.29,0.62,78.6,-3.5599706850104704,0.0,0.0,0.0
1990-05-24 03:30:00+05:30,-0.6,0.69,75.55,-4.389388525313856,0.0,0.0,0.0
1990-05-24 04:30:00+05:30,-1.01,0.76,78.5,-4.277692386230049,0.0,0.0,0.0
1990-05-24 05:30:00+05:30,-2.06,0.9,81.55,-4.795266208493003,54.0,0.0,54.0
1990-05-24 06:30:00+05:30,-2.18,0.97,81.55,-4.912559082505376,291.1,690.86,122.1
1990-05-24 07:30:00+05:30,0.04,0.9,67.1,-5.34504653371147,527.15,815.7,165.8
1990-05-24 08:30:00+05:30,2.32,0.83,57.7,-5.176969367816286,754.6,954.79,158.1
1990-05-24 09:30:00+05:30,4.43,0.83,47.7,-5.724995908791523,854.8,851.08,193.1
1990-05-24 10:30:00+05:30,5.88,0.62,39.4,-6.908289285935658,892.1,615.12,344.15
1990-05-24 11:30:00+05:30,6.74,0.62,37.85,-6.659514193669451,1022.25,754.35,300.35
1990-05-24 12:30:00+05:30,7.67,0.97,43.0,-4.1379874778042245,897.55,445.13,465.1
1990-05-24 13:30:00+05:30,8.14,1.24,39.85,-4.724845369866366,746.9,359.07,411.75
1990-05-24 14:30:00+05:30,8.04,1.38,41.45,-4.291861729663419,603.7,364.28,295.8
1990-05-24 15:30:00+05:30,7.74,1.31,46.55,-3.011550299994956,476.0,286.45,271.75
1990-05-24 16:30:00+05:30,7.4,0.69,48.4,-2.798759732554573,303.6,230.39,177.85
1990-05-24 17:30:00+05:30,6.88,0.28,52.2,-2.2580505805698743,135.05,150.3,81.7
1990-05-24 18:30:00+05:30,5.99,0.9,52.1,-3.1100726655645436,23.25,25.08,19.4
1990-05-24 19:30:00+05:30,4.35,0.9,62.95,-2.09436550699798,0.0,0.0,0.0
1990-05-24 20:30:00+05:30,3.38,0.41,70.5,-1.4804551118278917,0.0,0.0,0.0
1990-05-24 21:30:00+05:30,3.14,0.34,73.2,-1.198712130593417,0.0,0.0,0.0
1990-05-24 22:30:00+05:30,2.57,0.55,79.0,-0.7073058945539709,0.0,0.0,0.0
1990-05-24 23:30:00+05:30,2.04,0.55,78.95,-1.231923156747229,0.0,0.0,0.0
1990-05-25 00:30:00+05:30,1.53,0.48,82.0,-1.2117163794746675,0.0,0.0,0.0
1990-05-25 01:30:00+05:30,0.92,0.34,81.95,-1.8164284469277145,0.0,0.0,0.0
1990-05-25 02:30:00+05:30,0.68,0.14,81.9,-2.0593582715844514,0.0,0.0,0.0
1990-05-25 03:30:00+05:30,0.46,0.34,81.9,-2.274444348564849,0.0,0.0,0.0
1990-05-25 04:30:00+05:30,0.07,0.28,85.1,-2.137270572902459,0.0,0.0,0.0
1990-05-25 05:30:00+05:30,-0.43,0.28,88.45,-2.1058239700067696,54.65,0.0,54.65
1990-05-25 06:30:00+05:30,-0.25,0.41,85.05,-2.4594381543683186,263.65,580.06,121.0
1990-05-25 07:30:00+05:30,0.82,0.62,75.75,-2.977957891271209,441.95,546.31,199.35
1990-05-25 08:30:00+05:30,2.15,0.97,64.9,-3.7744907352794166,702.85,674.44,280.9
1990-05-25 09:30:00+05:30,3.67,0.97,55.7,-4.3786947305865,884.3,807.33,256.0
1990-05-25 10:30:00+05:30,5.01,0.69,46.0,-5.670262804289143,871.65,661.76,281.7
1990-05-25 11:30:00+05:30,6.04,0.48,39.4,-6.764306754071476,1036.55,700.45,365.75
1990-05-25 12:30:00+05:30,6.62,0.83,37.85,-6.76699133722481,998.0,652.25,363.85
1990-05-25 13:30:00+05:30,7.41,1.1,36.6,-6.499280737705472,844.7,486.58,390.1
1990-05-25 14:30:00+05:30,7.5,1.38,38.1,-5.892499391465487,698.6,386.69,371.35
1990-05-25 15:30:00+05:30,7.24,1.17,42.85,-4.574908746294162,544.75,425.93,240.5
1990-05-25 16:30:00+05:30,6.77,1.17,46.25,-3.9866739740911776,360.3,315.8,187.45
1990-05-25 17:30:00+05:30,5.83,1.03,48.15,-4.312862269662109,165.3,130.48,118.75
1990-05-25 18:30:00+05:30,5.13,0.97,49.8,-4.510079902738585,31.55,52.41,23.4
1990-05-25 19:30:00+05:30,4.44,0.55,53.8,-4.121852755839456,0.0,0.0,0.0
1990-05-25 20:30:00+05:30,3.73,0.48,60.3,-3.261544020380081,0.0,0.0,0.0
1990-05-25 21:30:00+05:30,2.72,0.55,76.0,-1.0918366402880502,0.0,0.0,0.0
1990-05-25 22:30:00+05:30,2.13,0.28,70.2,-2.7393018409622867,0.0,0.0,0.0
1990-05-25 23:30:00+05:30,1.41,0.48,75.85,-2.3883621974865785,0.0,0.0,0.0
1990-05-26 00:30:00+05:30,0.13,0.28,85.1,-2.078354920610748,0.0,0.0,0.0
1990-05-26 01:30:00+05:30,-0.21,0.28,85.1,-2.4122137724694177,0.0,0.0,0.0
1990-05-26 02:30:00+05:30,-1.01,0.48,91.95,-2.1529739176773237,0.0,0.0,0.0
1990-05-26 03:30:00+05:30,-1.39,0.62,91.9,-2.5367467348442334,0.0,0.0,0.0
1990-05-26 04:30:00+05:30,-1.96,0.69,91.85,-3.108676326331572,0.0,0.0,0.0
1990-05-26 05:30:00+05:30,-2.5,0.76,91.85,-3.643550102288976,64.15,0.0,64.15
1990-05-26 06:30:00+05:30,-2.13,0.76,91.85,-3.277061284515972,262.85,452.17,151.1
1990-05-26 07:30:00+05:30,-0.63,0.76,81.75,-3.364763819572684,526.0,766.4,184.9
1990-05-26 08:30:00+05:30,1.95,0.62,67.5,-3.439347032152484,732.2,835.65,208.7
1990-05-26 09:30:00+05:30,3.93,0.41,58.05,-3.5831505736095624,882.25,821.3,242.5
1990-05-26 10:30:00+05:30,5.26,0.55,53.9,-3.3327561284780267,982.45,735.6,326.2
1990-05-26 11:30:00+05:30,6.23,0.55,48.15,-3.9448164346227528,1031.8,733.89,328.5
1990-05-26 12:30:00+05:30,7.07,0.07,41.15,-5.265085574680187,985.2,609.21,392.45
1990-05-26 13:30:00+05:30,7.49,0.14,38.1,-5.901459216751865,867.85,528.65,373.5
1990-05-26 14:30:00+05:30,7.68,0.14,38.1,-5.731229069709402,657.7,501.28,232.95
1990-05-26 15:30:00+05:30,7.52,0.62,36.6,-6.401158337731609,558.75,408.97,266.1
1990-05-26 16:30:00+05:30,7.53,0.97,38.1,-5.865620144855744,320.65,207.71,206.65
1990-05-26 17:30:00+05:30,7.08,0.97,41.15,-5.256047342201412,134.95,157.74,78.4
1990-05-26 18:30:00+05:30,5.38,1.17,48.0,-4.76835781525898,28.75,37.14,22.9
1990-05-26 19:30:00+05:30,3.91,1.17,60.4,-3.0693119080378124,0.0,0.0,0.0
1990-05-26 20:30:00+05:30,3.18,0.83,67.7,-2.222907387775546,0.0,0.0,0.0
1990-05-26 21:30:00+05:30,2.57,0.28,73.1,-1.7674172307277927,0.0,0.0,0.0
1990-05-26 22:30:00+05:30,2.08,0.41,75.95,-1.7211215003102487,0.0,0.0,0.0
1990-05-26 23:30:00+05:30,1.58,0.41,82.0,-1.1628308808116115,0.0,0.0,0.0
1990-05-27 00:30:00+05:30,1.1,0.28,85.2,-1.1098662010182192,0.0,0.0,0.0
1990-05-27 01:30:00+05:30,0.7,0.21,88.5,-0.9836772410025214,0.0,0.0,0.0
1990-05-27 02:30:00+05:30,-0.05,0.28,88.45,-1.7310578579733549,0.0,0.0,0.0
1990-05-27 03:30:00+05:30,-0.71,0.34,91.95,-1.8558015021250838,0.0,0.0,0.0
1990-05-27 04:30:00+05:30,-1.24,0.41,91.95,-2.38080845746149,0.0,0.0,0.0
1990-05-27 05:30:00+05:30,-1.51,0.41,91.9,-2.6556111755754612,65.75,0.0,65.75
1990-05-27 06:30:00+05:30,-0.83,0.41,88.4,-2.507965541916698,227.45,155.67,188.8
1990-05-27 07:30:00+05:30,0.78,0.34,75.75,-3.0167221478959276,404.6,259.31,288.95
1990-05-27 08:30:00+05:30,2.19,0.41,73.0,-2.152685413029864,496.3,192.92,375.3
1990-05-27 09:30:00+05:30,2.92,0.55,70.4,-1.9417851797250143,539.55,131.54,437.0
1990-05-27 10:30:00+05:30,3.38,0.62,70.5,-1.4804551118278917,736.75,222.69,537.95
1990-05-27 11:30:00+05:30,4.18,0.34,73.4,-0.15751695144442163,1028.3,674.51,381.5
1990-05-27 12:30:00+05:30,5.88,0.62,58.55,-1.6336966289799426,967.75,580.08,402.95
1990-05-27 13:30:00+05:30,6.48,0.97,60.85,-0.5412735237723253,870.0,581.02,326.2
1990-05-27 14:30:00+05:30,6.71,1.31,60.85,-0.3240370022254793,625.85,355.34,324.4
1990-05-27 15:30:00+05:30,6.49,1.52,63.25,0.0007564648031304165,497.65,334.26,258.05
1990-05-27 16:30:00+05:30,5.6,1.45,65.65,-0.3322607109302476,339.7,250.58,201.8
1990-05-27 17:30:00+05:30,5.14,1.24,68.1,-0.2672031495366234,144.85,111.46,104.7
1990-05-27 18:30:00+05:30,3.97,0.97,70.6,-0.8941070079680448,24.6,22.26,21.05
1990-05-27 19:30:00+05:30,2.54,0.41,79.0,-0.7365109286692164,0.0,0.0,0.0
1990-05-27 20:30:00+05:30,2.33,0.34,76.0,-1.469845523253218,0.0,0.0,0.0
1990-05-27 21:30:00+05:30,1.91,0.28,82.05,-0.8318391264579599,0.0,0.0,0.0
1990-05-27 22:30:00+05:30,1.52,0.41,82.0,-1.221493506078882,0.0,0.0,0.0
1990-05-27 23:30:00+05:30,1.05,0.34,88.55,-0.6307451386175136,0.0,0.0,0.0
1990-05-28 00:30:00+05:30,0.82,0.07,85.2,-1.3848247242676304,0.0,0.0,0.0
1990-05-28 01:30:00+05:30,0.47,0.28,88.5,-1.2105131971634162,0.0,0.0,0.0
1990-05-28 02:30:00+05:30,0.34,0.34,88.5,-1.3387261317962986,0.0,0.0,0.0
1990-05-28 03:30:00+05:30,0.04,0.34,92.0,-1.1054530313280713,0.0,0.0,0.0
1990-05-28 04:30:00+05:30,-0.36,0.34,91.95,-1.5091047447885961,0.0,0.0,0.0
1990-05-28 05:30:00+05:30,-0.81,0.41,95.6,-1.4251757232393425,62.3,0.0,62.3
1990-05-28 06:30:00+05:30,-0.1,0.41,88.45,-1.7803687255038259,195.1,135.36,161.35
1990-05-28 07:30:00+05:30,0.83,0.34,81.95,-1.9044217808464918,392.35,299.21,258.65
1990-05-28 08:30:00+05:30,2.01,0.28,78.95,-1.261127783616728,656.85,532.0,322.8
1990-05-28 09:30:00+05:30,3.42,0.14,73.3,-0.9098023015295352,787.05,618.64,304.4
1990-05-28 10:30:00+05:30,4.42,0.34,70.7,-0.44220765940651824,996.55,785.42,294.95
1990-05-28 11:30:00+05:30,5.43,0.41,65.65,-0.4942506663026013,1044.95,768.63,307.45
1990-05-28 12:30:00+05:30,5.89,0.28,63.25,-0.5684875947489026,948.1,530.68,431.05
1990-05-28 13:30:00+05:30,6.36,0.41,65.75,0.41293613627315284,867.45,522.72,377.8
1990-05-28 14:30:00+05:30,6.71,0.62,68.3,1.275826461959232,720.85,462.43,328.1
1990-05-28 15:30:00+05:30,6.82,0.55,68.3,1.3810921710581547,516.5,394.0,233.6
1990-05-28 16:30:00+05:30,6.36,0.48,65.75,0.41293613627315284,316.15,205.43,202.8
1990-05-28 17:30:00+05:30,5.91,0.69,63.25,-0.5495116464551193,136.8,77.36,108.8
1990-05-28 18:30:00+05:30,4.18,0.62,70.6,-0.6922969434205731,22.55,6.2,21.55
1990-05-28 19:30:00+05:30,2.81,0.14,76.1,-0.9866114833854497,0.0,0.0,0.0
1990-05-28 20:30:00+05:30,2.6,0.41,79.0,-0.6781009555759062,0.0,0.0,0.0
1990-05-28 21:30:00+05:30,2.26,0.41,85.3,0.04537716031887251,0.0,0.0,0.0
1990-05-28 22:30:00+05:30,1.67,0.34,88.6,-0.011474123434876835,0.0,0.0,0.0
1990-05-28 23:30:00+05:30,1.03,0.41,92.05,-0.11728766055327237,0.0,0.0,0.0
1990-05-29 00:30:00+05:30,0.3,0.41,88.5,-1.3781764554721503,0.0,0.0,0.0
1990-05-29 01:30:00+05:30,-0.29,0.55,95.6,-0.90781553842911,0.0,0.0,0.0
1990-05-29 02:30:00+05:30,-0.98,0.62,91.95,-2.1232565196694693,0.0,0.0,0.0
1990-05-29 03:30:00+05:30,-1.91,0.62,95.55,-2.5266794173613474,0.0,0.0,0.0
1990-05-29 04:30:00+05:30,-2.46,0.76,95.55,-3.0738739333601943,0.0,0.0,0.0
1990-05-29 05:30:00+05:30,-3.48,0.83,99.4,-3.560649791505874,52.95,0.0,52.95
1990-05-29 06:30:00+05:30,-3.87,0.97,99.4,-3.9503875435602187,227.55,218.73,172.8
1990-05-29 07:30:00+05:30,-2.89,1.1,91.8,-4.0371208790749655,454.95,530.01,217.7
1990-05-29 08:30:00+05:30,-0.7,1.1,78.6,-3.959011911419453,680.15,696.29,242.5
1990-05-29 09:30:00+05:30,1.53,1.03,70.1,-3.3348758743014635,804.0,636.85,306.8
1990-05-29 10:30:00+05:30,3.25,0.76,67.7,-2.1559452013227087,1026.2,850.82,265.75
1990-05-29 11:30:00+05:30,4.85,0.34,65.55,-1.067812944132357,1082.55,921.54,197.85
1990-05-29 12:30:00+05:30,6.12,0.28,63.25,-0.35026896254665957,1048.55,852.1,217.8
1990-05-29 13:30:00+05:30,6.81,0.28,65.75,0.8417193544432229,967.5,838.39,181.5
1990-05-29 14:30:00+05:30,7.3,0.21,65.85,1.3297724277990584,745.1,620.97,217.1
1990-05-29 15:30:00+05:30,7.46,0.0,58.8,-0.08916444296082462,558.55,458.91,228.5
1990-05-29 16:30:00+05:30,7.45,0.21,56.55,-0.6352966200525948,365.65,345.17,174.7
1990-05-29 17:30:00+05:30,7.23,0.28,56.45,-0.8655837815276446,173.35,180.55,107.7
1990-05-29 18:30:00+05:30,5.8,0.76,58.45,-1.7321957216186306,29.05,40.11,22.5
1990-05-29 19:30:00+05:30,4.35,1.03,65.4,-1.5754617340093424,0.0,0.0,0.0
1990-05-29 20:30:00+05:30,3.49,0.9,70.5,-1.374751206075321,0.0,0.0,0.0
1990-05-29 21:30:00+05:30,3.0,0.28,73.2,-1.3338237834903053,0.0,0.0,0.0
1990-05-29 22:30:00+05:30,2.3,0.07,76.0,-1.498923899915176,0.0,0.0,0.0
1990-05-29 23:30:00+05:30,1.49,0.21,82.0,-1.2508249396349542,0.0,0.0,0.0
1990-05-30 00:30:00+05:30,1.26,0.34,75.75,-2.5515641312298465,0.0,0.0,0.0
1990-05-30 01:30:00+05:30,-0.12,0.55,81.8,-2.8579751055304174,0.0,0.0,0.0
1990-05-30 02:30:00+05:30,-1.2,0.62,88.4,-2.8728623191574907,0.0,0.0,0.0
1990-05-30 03:30:00+05:30,-2.15,0.69,91.85,-3.296871353937202,0.0,0.0,0.0
1990-05-30 04:30:00+05:30,-3.46,0.76,95.5,-4.0757716515071145,0.0,0.0,0.0
1990-05-30 05:30:00+05:30,-4.04,0.83,95.5,-4.652798616473051,52.95,0.0,52.95
1990-05-30 06:30:00+05:30,-3.46,0.83,95.5,-4.0757716515071145,202.7,278.86,132.65
1990-05-30 07:30:00+05:30,-1.97,0.83,88.3,-3.6474201002261135,482.45,685.08,175.3
1990-05-30 08:30:00+05:30,1.44,0.83,72.95,-2.8856365159755883,598.6,696.93,160.15
1990-05-30 09:30:00+05:30,3.44,0.76,65.2,-2.483889673406927,882.7,838.96,227.3
1990-05-30 10:30:00+05:30,5.36,0.55,56.2,-2.6769380348936034,975.35,822.54,239.8
1990-05-30 11:30:00+05:30,6.5,0.41,58.55,-1.050593499311325,1067.25,891.75,210.7
1990-05-30 12:30:00+05:30,7.2,0.62,63.35,0.6961908064017059,1005.35,810.94,214.25
1990-05-30 13:30:00+05:30,7.89,0.69,58.9,0.3388050119752464,884.7,664.05,261.65
1990-05-30 14:30:00+05:30,8.24,0.62,58.9,0.6680496811129375,716.8,555.9,243.6
1990-05-30 15:30:00+05:30,8.51,0.41,54.65,-0.11476461946853564,592.2,588.58,168.2
1990-05-30 16:30:00+05:30,8.54,0.62,54.65,-0.08678602423712493,397.1,449.41,147.85
1990-05-30 17:30:00+05:30,8.16,0.97,54.55,-0.46637520144548694,154.1,161.53,95.1
1990-05-30 18:30:00+05:30,7.64,0.97,56.55,-0.4573648399944205,29.85,51.16,21.4
1990-05-30 19:30:00+05:30,5.21,0.97,65.55,-0.7248026198534644,0.0,0.0,0.0
1990-05-30 20:30:00+05:30,4.54,0.69,70.7,-0.32687656624271577,0.0,0.0,0.0
1990-05-30 21:30:00+05:30,3.98,0.21,73.4,-0.35056541883112025,0.0,0.0,0.0
1990-05-30 22:30:00+05:30,3.39,0.07,76.15,-0.41537011972712906,0.0,0.0,0.0
1990-05-30 23:30:00+05:30,2.66,0.34,79.0,-0.6196913630294609,0.0,0.0,0.0
1990-05-31 00:30:00+05:30,2.03,0.07,78.95,-1.2416580217714046,0.0,0.0,0.0
1990-05-31 01:30:00+05:30,1.01,0.34,81.95,-1.7284358407594926,0.0,0.0,0.0
1990-05-31 02:30:00+05:30,0.13,0.48,88.45,-1.5535398965548477,0.0,0.0,0.0
1990-05-31 03:30:00+05:30,-0.45,0.55,88.45,-2.1255487267062554,0.0,0.0,0.0
1990-05-31 04:30:00+05:30,-1.29,0.62,91.9,-2.4376934618951815,0.0,0.0,0.0
1990-05-31 05:30:00+05:30,-1.87,0.69,91.85,-3.019531806248992,51.5,0.0,51.5
1990-05-31 06:30:00+05:30,-2.42,0.62,95.55,-3.0340777534404713,214.7,324.98,132.8
1990-05-31 07:30:00+05:30,-0.38,0.62,88.45,-2.056512176472126,491.45,719.19,168.55
1990-05-31 08:30:00+05:30,2.38,0.34,73.1,-1.9507704209780659,617.5,707.33,172.15
1990-05-31 09:30:00+05:30,3.95,0.41,70.6,-0.9133273663036481,735.3,666.94,214.0
1990-05-31 10:30:00+05:30,5.45,0.48,70.85,0.5770248144290252,797.05,584.64,274.0
1990-05-31 11:30:00+05:30,6.45,0.28,70.95,1.5578350299049182,1056.3,913.75,178.2
1990-05-31 12:30:00+05:30,7.66,0.62,71.15,2.7604724615596368,941.65,737.01,222.25
1990-05-31 13:30:00+05:30,8.38,0.9,66.15,2.4227418862080348,894.25,708.37,229.1
1990-05-31 14:30:00+05:30,8.93,1.24,61.45,1.9096327031102944,692.5,508.95,258.8
1990-05-31 15:30:00+05:30,8.99,1.59,56.9,0.8923679061716812,531.9,437.97,215.9
1990-05-31 16:30:00+05:30,8.38,1.38,54.65,-0.2360078412018007,274.45,161.6,184.6
1990-05-31 17:30:00+05:30,7.49,1.45,56.55,-0.5978365743547631,135.4,113.94,93.6
1990-05-31 18:30:00+05:30,5.3,1.24,68.1,-0.11409912626833253,22.25,20.06,18.9
1990-05-31 19:30:00+05:30,4.17,0.48,76.25,0.35885683204378127,0.0,0.0,0.0
1990-05-31 20:30:00+05:30,3.97,0.55,79.2,0.6905707104667337,0.0,0.0,0.0
1990-05-31 21:30:00+05:30,-0.12,0.45,96.01,-0.6799750307974182,0.0,0.0,0.0
1990-05-31 22:30:00+05:30,0.09,0.44,94.73,-0.6552761218489702,0.0,0.0,0.0
1990-05-31 23:30:00+05:30,0.3,0.44,93.45,-0.6334390106677997,0.0,0.0,0.0
1990-06-01 00:30:00+05:30,0.51,0.43,92.17,-0.6145334587009259,0.0,0.0,0.0
1990-06-01 01:30:00+05:30,0.72,0.43,90.9,-0.5971214118892822,0.0,0.0,0.0
1990-06-01 02:30:00+05:30,0.94,0.42,89.62,-0.574401339608571,0.0,0.0,0.0
1990-06-01 03:30:00+05:30,1.15,0.42,88.34,-0.564731031589635,0.0,0.0,0.0
1990-06-01 04:30:00+05:30,1.36,0.41,87.06,-0.558299862163588,0.0,0.0,0.0
1990-06-01 05:30:00+05:30,1.57,0.41,85.78,-0.5551928636341201,53.95,0.0,53.95
1990-06-01 06:30:00+05:30,1.78,0.4,84.5,-0.5554986648867276,197.2,135.9,162.85
1990-06-01 07:30:00+05:30,1.99,0.4,83.23,-0.5576594006447996,456.0,390.84,280.3
1990-06-01 08:30:00+05:30,2.21,0.39,81.95,-0.5552706280493926,610.95,463.6,318.85
1990-06-01 09:30:00+05:30,2.42,0.39,80.67,-0.5663770012333386,849.8,572.63,402.0
1990-06-01 10:30:00+05:30,2.63,0.38,79.39,-0.581290587877813,1037.0,887.35,242.8
1990-06-01 11:30:00+05:30,2.84,0.38,78.11,-0.6001214780219631,1071.35,758.15,342.45
1990-06-01 12:30:00+05:30,3.05,0.37,76.83,-0.6229848936855994,914.8,488.61,437.6
1990-06-01 13:30:00+05:30,6.38,0.14,58.55,-1.1634453314991635,848.4,364.59,505.8
1990-06-01 14:30:00+05:30,6.47,0.41,58.55,-1.0788061496671077,613.45,198.29,444.3
1990-06-01 15:30:00+05:30,6.16,0.34,58.55,-1.3703488816822964,517.55,254.41,333.7
1990-06-01 16:30:00+05:30,5.76,0.14,63.15,-0.7135393802340948,375.05,401.99,151.0
1990-06-01 17:30:00+05:30,5.36,0.41,65.55,-0.5818886660822443,177.85,193.65,106.5
1990-06-01 18:30:00+05:30,4.58,0.34,68.0,-0.8232418791907324,32.3,50.06,23.85
1990-06-01 19:30:00+05:30,3.29,0.21,76.1,-0.5213313688092199,0.0,0.0,0.0
1990-06-01 20:30:00+05:30,1.99,0.07,85.25,-0.22784919788780514,0.0,0.0,0.0
1990-06-01 21:30:00+05:30,1.25,0.28,88.55,-0.4334901758185429,0.0,0.0,0.0
1990-06-01 22:30:00+05:30,0.78,0.28,88.5,-0.9047784707055994,0.0,0.0,0.0
1990-06-01 23:30:00+05:30,-0.16,0.28,92.0,-1.3035739583776487,0.0,0.0,0.0
1990-06-02 00:30:00+05:30,-0.23,0.07,92.0,-1.3729166455532624,0.0,0.0,0.0
1990-06-02 01:30:00+05:30,-0.8,0.07,95.6,-1.4152264357522337,0.0,0.0,0.0
1990-06-02 02:30:00+05:30,-1.05,0.07,99.4,-1.132293415086631,0.0,0.0,0.0
1990-06-02 03:30:00+05:30,-1.38,0.21,95.6,-1.9922885563113466,0.0,0.0,0.0
1990-06-02 04:30:00+05:30,-1.81,0.14,99.4,-1.891777578745693,0.0,0.0,0.0
1990-06-02 05:30:00+05:30,-2.05,0.21,99.4,-2.13161501988083,40.05,0.0,40.05
1990-06-02 06:30:00+05:30,-1.56,0.34,95.6,-2.171378226691986,150.2,121.94,119.3
1990-06-02 07:30:00+05:30,-0.88,0.62,91.95,-2.0241987774076016,310.6,282.86,183.3
1990-06-02 08:30:00+05:30,-0.03,0.83,92.0,-1.174795181158789,482.85,393.37,234.85
1990-06-02 09:30:00+05:30,0.85,0.97,92.0,-0.3030789765349906,812.15,639.17,312.1
1990-06-02 10:30:00+05:30,1.85,0.97,85.25,-0.3653278233694227,982.95,740.71,319.75
1990-06-02 11:30:00+05:30,2.62,0.9,82.15,-0.12087384783535927,1049.1,675.55,399.35
1990-06-02 12:30:00+05:30,3.59,0.9,73.3,-0.745723027001478,986.6,676.04,326.0
1990-06-02 13:30:00+05:30,4.05,0.97,73.4,-0.2829978322649053,908.95,649.28,298.4
1990-06-02 14:30:00+05:30,4.38,0.9,73.4,0.035526039315551323,858.0,770.51,200.05
1990-06-02 15:30:00+05:30,4.56,0.76,70.7,-0.307654930913164,661.6,676.84,171.75
1990-06-02 16:30:00+05:30,4.37,0.76,70.6,-0.5097127035877658,452.25,599.36,117.4
1990-06-02 17:30:00+05:30,4.11,0.69,67.9,-1.293071592280683,218.5,350.01,89.0
1990-06-02 18:30:00+05:30,3.42,0.34,73.2,-0.9284969444341198,39.75,88.55,24.65
1990-06-02 19:30:00+05:30,2.14,0.07,75.95,-1.6629675571722728,0.0,0.0,0.0
1990-06-02 20:30:00+05:30,0.82,0.07,81.9,-1.9224875844100688,0.0,0.0,0.0
1990-06-02 21:30:00+05:30,-0.41,0.34,85.1,-2.608605290421572,0.0,0.0,0.0
1990-06-02 22:30:00+05:30,-1.51,0.41,88.4,-3.178592588401082,0.0,0.0,0.0
1990-06-02 23:30:00+05:30,-2.32,0.41,91.85,-3.465257575918206,0.0,0.0,0.0
1990-06-03 00:30:00+05:30,-3.29,0.48,95.55,-3.899652281414242,0.0,0.0,0.0
1990-06-03 01:30:00+05:30,-4.54,0.55,95.5,-5.15024141487872,0.0,0.0,0.0
1990-06-03 02:30:00+05:30,-4.96,0.55,95.5,-5.568097486949538,0.0,0.0,0.0
1990-06-03 03:30:00+05:30,-4.93,0.55,95.5,-5.538250499863327,0.0,0.0,0.0
1990-06-03 04:30:00+05:30,-4.77,0.55,91.75,-5.9064356518760235,0.0,0.0,0.0
1990-06-03 05:30:00+05:30,-4.61,0.41,91.75,-5.747958258777897,55.3,0.0,55.3
1990-06-03 06:30:00+05:30,-4.24,0.28,88.15,-5.908431628509305,229.3,369.69,135.4
1990-06-03 07:30:00+05:30,-2.63,0.21,84.85,-4.827752438009117,421.95,431.32,227.65
1990-06-03 08:30:00+05:30,-1.16,0.28,81.7,-3.8910634165326456,654.05,656.41,240.0
1990-06-03 09:30:00+05:30,0.01,0.55,75.7,-3.771803069467952,835.1,631.4,340.95
1990-06-03 10:30:00+05:30,0.91,0.9,78.75,-2.3663549038555174,1013.75,769.72,324.35
1990-06-03 11:30:00+05:30,1.78,1.03,75.85,-2.029776005635415,1100.25,771.8,357.65
1990-06-03 12:30:00+05:30,2.91,0.83,73.1,-1.4393240168308559,1100.25,912.81,207.85
1990-06-03 13:30:00+05:30,3.56,0.76,67.8,-1.839351083971208,1020.8,895.37,178.25
1990-06-03 14:30:00+05:30,4.06,0.83,65.3,-1.8725398758189082,848.6,766.64,193.3
1990-06-03 15:30:00+05:30,4.3,0.62,65.3,-1.643927380070702,637.55,602.51,200.85
1990-06-03 16:30:00+05:30,4.32,0.69,62.8,-2.155164410713523,426.15,466.54,164.9
1990-06-03 17:30:00+05:30,3.87,0.55,65.2,-2.074321111186779,198.9,267.16,99.65
1990-06-03 18:30:00+05:30,2.87,0.48,67.6,-2.539438147386355,36.9,80.12,23.1
1990-06-03 19:30:00+05:30,1.61,0.34,72.95,-2.7215990734694095,0.0,0.0,0.0
1990-06-03 20:30:00+05:30,0.49,0.28,75.7,-3.306633687587776,0.0,0.0,0.0
1990-06-03 21:30:00+05:30,-0.75,0.41,81.75,-3.4820730550491743,0.0,0.0,0.0
1990-06-03 22:30:00+05:30,-2.15,0.48,88.3,-3.8249255999252303,0.0,0.0,0.0
1990-06-03 23:30:00+05:30,-3.25,0.62,91.8,-4.393693571358639,0.0,0.0,0.0
1990-06-04 00:30:00+05:30,-5.31,0.76,95.45,-5.923192101102734,0.0,0.0,0.0
1990-06-04 01:30:00+05:30,-7.0,0.83,91.6,-8.136412414795975,0.0,0.0,0.0
1990-06-04 02:30:00+05:30,-7.47,0.83,91.6,-8.601903673082958,0.0,0.0,0.0
1990-06-04 03:30:00+05:30,-7.46,0.9,91.6,-8.591999510894002,0.0,0.0,0.0
1990-06-04 04:30:00+05:30,-7.28,0.83,91.6,-8.413725281918147,0.0,0.0,0.0
1990-06-04 05:30:00+05:30,-6.77,0.9,87.95,-8.43260698206533,54.85,0.0,54.85
1990-06-04 06:30:00+05:30,-6.67,0.9,87.95,-8.334009229546595,228.6,253.83,164.0
1990-06-04 07:30:00+05:30,-4.94,0.97,78.0,-8.185520201087916,412.45,255.3,297.35
1990-06-04 08:30:00+05:30,-3.19,0.9,75.1,-6.977294864156445,689.95,533.0,353.6
1990-06-04 09:30:00+05:30,-1.53,0.83,72.4,-5.851616225516565,831.3,555.15,396.7
1990-06-04 10:30:00+05:30,-0.22,0.76,67.1,-5.593663964069549,1067.55,910.54,251.8
1990-06-04 11:30:00+05:30,0.93,0.62,67.2,-4.474302106399082,1115.1,879.12,268.95
1990-06-04 12:30:00+05:30,1.7,0.62,62.25,-4.757251520025467,1093.75,900.07,213.4
1990-06-04 13:30:00+05:30,2.4,0.48,62.35,-4.072330353455869,1017.1,866.16,201.5
1990-06-04 14:30:00+05:30,2.99,0.41,62.5,-3.480854622168743,870.5,790.97,193.75
1990-06-04 15:30:00+05:30,3.29,0.41,60.15,-3.710323420225514,678.4,731.9,147.15
1990-06-04 16:30:00+05:30,3.39,0.41,57.8,-4.148389359003452,456.3,604.29,117.15
1990-06-04 17:30:00+05:30,3.2,0.48,57.8,-4.3269506739433075,227.45,403.37,77.0
1990-06-04 18:30:00+05:30,2.5,0.48,59.95,-4.500419876443617,44.6,115.3,24.55
1990-06-04 19:30:00+05:30,0.97,0.55,67.2,-4.43605416983101,0.0,0.0,0.0
1990-06-04 20:30:00+05:30,-0.5,0.62,67.1,-5.8614189806553405,0.0,0.0,0.0
1990-06-04 21:30:00+05:30,-1.81,0.69,72.4,-6.121694015760469,0.0,0.0,0.0
1990-06-04 22:30:00+05:30,-3.28,0.69,81.45,-6.003910755456813,0.0,0.0,0.0
1990-06-04 23:30:00+05:30,-4.61,0.76,84.6,-6.810346248376613,0.0,0.0,0.0
1990-06-05 00:30:00+05:30,-5.73,0.83,84.5,-7.925098025875029,0.0,0.0,0.0
1990-06-05 01:30:00+05:30,-7.05,0.9,87.95,-8.708683811532968,0.0,0.0,0.0
1990-06-05 02:30:00+05:30,-7.61,0.97,91.55,-8.747563890981272,0.0,0.0,0.0
1990-06-05 03:30:00+05:30,-8.85,0.97,95.35,-9.458455619678968,0.0,0.0,0.0
1990-06-05 04:30:00+05:30,-9.53,1.03,91.45,-10.662922348389976,0.0,0.0,0.0
1990-06-05 05:30:00+05:30,-10.39,1.03,91.4,-11.521463693127956,61.45,0.0,61.45
1990-06-05 06:30:00+05:30,-10.55,1.03,87.65,-12.202572130133019,280.2,549.37,140.15
1990-06-05 07:30:00+05:30,-8.74,1.03,95.35,-9.349026404099655,533.45,714.98,210.9
1990-06-05 08:30:00+05:30,-6.19,1.1,88.0,-7.853404889593072,687.5,592.39,313.55
1990-06-05 09:30:00+05:30,-3.55,1.24,78.15,-6.808208360277051,925.35,882.97,233.95
1990-06-05 10:30:00+05:30,-1.7,1.17,72.4,-6.015590691167469,1067.2,991.5,178.7
1990-06-05 11:30:00+05:30,-0.08,1.03,69.85,-4.92901195162644,1112.5,959.09,189.1
1990-06-05 12:30:00+05:30,1.31,0.97,70.05,-3.555776866421855,1089.6,897.48,211.4
1990-06-05 13:30:00+05:30,2.4,0.9,64.9,-3.5364282183987434,1008.15,872.45,186.1
1990-06-05 14:30:00+05:30,3.16,0.83,62.6,-3.298216778288685,868.95,800.27,183.6
1990-06-05 15:30:00+05:30,3.61,0.76,60.3,-3.3748443126036243,655.45,688.29,155.15
1990-06-05 16:30:00+05:30,3.57,0.62,57.95,-3.944628363855587,400.55,383.92,184.6
1990-06-05 17:30:00+05:30,3.46,0.41,60.15,-3.5498485061312177,198.8,232.23,111.85
1990-06-05 18:30:00+05:30,2.97,0.55,62.5,-3.4998167874167962,39.75,49.85,31.0
1990-06-05 19:30:00+05:30,1.73,0.55,64.8,-4.195012731161009,0.0,0.0,0.0
1990-06-05 20:30:00+05:30,0.22,0.62,67.2,-5.153249184272764,0.0,0.0,0.0
1990-06-05 21:30:00+05:30,-0.98,0.69,69.75,-5.8123568332809,0.0,0.0,0.0
1990-06-05 22:30:00+05:30,-2.15,0.69,78.35,-5.41242948539388,0.0,0.0,0.0
1990-06-05 23:30:00+05:30,-3.36,0.76,81.45,-6.082104218614265,0.0,0.0,0.0
1990-06-06 00:30:00+05:30,-4.11,0.76,81.3,-6.839222375579491,0.0,0.0,0.0
1990-06-06 01:30:00+05:30,-5.15,0.83,81.2,-7.871558562456606,0.0,0.0,0.0
1990-06-06 02:30:00+05:30,-6.49,0.9,84.45,-8.678724425972328,0.0,0.0,0.0
1990-06-06 03:30:00+05:30,-6.85,0.97,84.4,-9.03967609785246,0.0,0.0,0.0
1990-06-06 04:30:00+05:30,-7.32,0.97,84.35,-9.508563084629008,0.0,0.0,0.0
1990-06-06 05:30:00+05:30,-8.07,1.03,84.3,-10.252233463597026,68.35,0.0,68.35
1990-06-06 06:30:00+05:30,-8.35,1.03,87.8,-10.012184134570399,234.55,233.27,175.0
1990-06-06 07:30:00+05:30,-6.63,1.03,87.95,-8.294570292874687,493.7,555.09,243.15
1990-06-06 08:30:00+05:30,-3.79,1.1,81.4,-6.5104296022794035,647.3,521.45,318.05
1990-06-06 09:30:00+05:30,-1.5,1.03,72.5,-5.80453510941306,838.85,600.38,368.65
1990-06-06 10:30:00+05:30,0.23,0.9,69.95,-4.61226986223852,931.95,511.5,473.5
1990-06-06 11:30:00+05:30,1.74,0.69,67.4,-3.660063059223764,1006.05,518.56,506.65
1990-06-06 12:30:00+05:30,2.55,0.62,65.0,-3.372939513206345,954.95,479.05,486.0
1990-06-06 13:30:00+05:30,3.3,0.48,62.6,-3.1654649448704513,874.25,510.81,392.65
1990-06-06 14:30:00+05:30,3.74,0.62,60.3,-3.252102470192844,732.6,471.43,328.5
1990-06-06 15:30:00+05:30,3.99,0.62,60.3,-3.0160707567745066,633.3,547.9,234.5
1990-06-06 16:30:00+05:30,4.06,0.41,58.05,-3.460939276902433,403.35,415.65,169.05
1990-06-06 17:30:00+05:30,3.74,0.28,57.95,-3.7848309929536543,208.1,281.91,102.15
1990-06-06 18:30:00+05:30,3.2,0.21,60.15,-3.7952832744004157,39.05,73.13,26.1
1990-06-06 19:30:00+05:30,2.08,0.14,62.35,-4.375691654469876,0.0,0.0,0.0
1990-06-06 20:30:00+05:30,0.64,0.48,69.95,-4.218437396439449,0.0,0.0,0.0
1990-06-06 21:30:00+05:30,-0.72,0.55,72.6,-5.033884968145645,0.0,0.0,0.0
1990-06-06 22:30:00+05:30,-2.15,0.69,84.85,-4.356494044686129,0.0,0.0,0.0
1990-06-06 23:30:00+05:30,-3.29,0.76,84.8,-5.483531496450953,0.0,0.0,0.0
1990-06-07 00:30:00+05:30,-3.67,0.76,84.7,-5.872122407173402,0.0,0.0,0.0
1990-06-07 01:30:00+05:30,-4.36,0.76,84.65,-6.5572217053114,0.0,0.0,0.0
1990-06-07 02:30:00+05:30,-4.95,0.83,81.25,-7.668142852580848,0.0,0.0,0.0
1990-06-07 03:30:00+05:30,-5.46,0.83,81.2,-8.174512954187374,0.0,0.0,0.0
1990-06-07 04:30:00+05:30,-6.0,0.83,81.1,-8.718068049797296,0.0,0.0,0.0
1990-06-07 05:30:00+05:30,-6.38,0.83,84.45,-8.570750383416009,67.15,0.0,67.15
1990-06-07 06:30:00+05:30,-5.08,0.76,77.9,-8.338240754579314,273.3,444.5,159.7
1990-06-07 07:30:00+05:30,-2.59,0.55,75.2,-6.378701835289298,474.7,633.95,188.45
1990-06-07 08:30:00+05:30,0.31,0.41,69.95,-4.535422429505731,727.85,845.11,194.15
1990-06-07 09:30:00+05:30,2.14,0.48,67.5,-3.2576148450062195,922.7,873.46,238.55
1990-06-07 10:30:00+05:30,3.52,0.55,65.1,-2.4284478361960558,1043.1,925.29,213.65
1990-06-07 11:30:00+05:30,4.74,0.34,60.5,-2.2632232377637544,1080.35,841.54,269.7
1990-06-07 12:30:00+05:30,6.34,0.21,56.3,-1.735246498640059,1052.75,788.42,280.65
1990-06-07 13:30:00+05:30,6.86,0.28,56.45,-1.212057817093611,975.0,747.22,270.1
1990-06-07 14:30:00+05:30,7.24,0.55,56.55,-0.8319681916201629,808.65,652.78,248.6
1990-06-07 15:30:00+05:30,7.5,0.62,56.55,-0.5884716232297523,614.85,578.25,193.4
1990-06-07 16:30:00+05:30,7.19,0.55,56.55,-0.8787963241778003,362.5,348.05,165.9
1990-06-07 17:30:00+05:30,6.49,0.34,60.85,-0.5318282234358922,209.1,293.09,98.55
1990-06-07 18:30:00+05:30,5.64,0.28,63.15,-0.8273794301345019,41.75,75.31,28.3
1990-06-07 19:30:00+05:30,3.96,0.28,70.5,-0.9231281981773349,0.0,0.0,0.0
1990-06-07 20:30:00+05:30,2.75,0.21,76.0,-1.0627598041642738,0.0,0.0,0.0
1990-06-07 21:30:00+05:30,1.28,0.55,88.55,-0.40390212324855207,0.0,0.0,0.0
1990-06-07 22:30:00+05:30,-0.02,0.62,88.45,-1.7014714047997768,0.0,0.0,0.0
1990-06-07 23:30:00+05:30,-1.23,0.69,88.4,-2.9024488826115835,0.0,0.0,0.0
1990-06-08 00:30:00+05:30,-2.27,0.83,88.3,-3.9432636237551075,0.0,0.0,0.0
1990-06-08 01:30:00+05:30,-3.29,0.83,91.8,-4.433313074399708,0.0,0.0,0.0
1990-06-08 02:30:00+05:30,-3.98,0.83,91.8,-5.116759418967301,0.0,0.0,0.0
1990-06-08 03:30:00+05:30,-4.53,0.83,91.75,-5.668719942646797,0.0,0.0,0.0
1990-06-08 04:30:00+05:30,-4.59,0.83,91.75,-5.7281486559690835,0.0,0.0,0.0
1990-06-08 05:30:00+05:30,-4.95,0.9,91.75,-6.084723931703865,69.35,0.0,69.35
1990-06-08 06:30:00+05:30,-4.2,0.9,88.15,-5.868988474752186,254.4,285.6,181.35
1990-06-08 07:30:00+05:30,-1.44,0.83,78.5,-4.6961735625394105,409.85,287.96,279.8
1990-06-08 08:30:00+05:30,1.11,0.76,72.85,-3.2225038842265663,674.6,557.98,322.2
1990-06-08 09:30:00+05:30,3.15,0.62,70.4,-1.720789120439516,794.95,451.04,441.65
1990-06-08 10:30:00+05:30,4.59,0.62,65.4,-1.3468226435252482,896.9,450.85,492.7
1990-06-08 11:30:00+05:30,5.67,0.62,63.15,-0.7989191499624159,982.6,586.2,417.8
1990-06-08 12:30:00+05:30,5.94,0.83,63.15,-0.5427846591720945,840.55,444.55,405.05
1990-06-08 13:30:00+05:30,6.68,0.69,58.65,-0.8579440430206475,880.45,520.5,389.15
1990-06-08 14:30:00+05:30,7.28,0.62,56.55,-0.7945061197708881,779.25,510.44,340.95
1990-06-08 15:30:00+05:30,7.7,0.83,52.45,-1.4318592316640861,627.3,610.66,181.65
1990-06-08 16:30:00+05:30,7.81,0.9,50.45,-1.859142470547027,422.8,487.89,146.65
1990-06-08 17:30:00+05:30,7.58,0.76,48.55,-2.591338429912809,204.35,263.92,104.45
1990-06-08 18:30:00+05:30,6.81,0.62,50.2,-2.8506678601849567,47.1,104.4,28.3
1990-06-08 19:30:00+05:30,5.33,0.48,53.9,-3.2675163147968567,0.0,0.0,0.0
1990-06-08 20:30:00+05:30,3.73,0.48,60.3,-3.261544020380081,0.0,0.0,0.0
1990-06-08 21:30:00+05:30,2.0,0.62,75.85,-1.8165705849185896,0.0,0.0,0.0
1990-06-08 22:30:00+05:30,0.78,0.69,75.7,-3.0256076966199865,0.0,0.0,0.0
1990-06-08 23:30:00+05:30,-0.32,0.76,72.65,-4.638866804934842,0.0,0.0,0.0
1990-06-09 00:30:00+05:30,-0.23,0.76,72.65,-4.552040696861461,0.0,0.0,0.0
1990-06-09 01:30:00+05:30,-1.07,0.83,78.5,-4.33608390408674,0.0,0.0,0.0
1990-06-09 02:30:00+05:30,-1.81,0.83,78.45,-5.064707214162842,0.0,0.0,0.0
1990-06-09 03:30:00+05:30,-2.34,0.9,78.35,-5.597321565519369,0.0,0.0,0.0
1990-06-09 04:30:00+05:30,-2.96,0.9,81.5,-5.683066742955254,0.0,0.0,0.0
1990-06-09 05:30:00+05:30,-3.68,0.9,84.7,-5.881939325004886,69.45,0.0,69.45
1990-06-09 06:30:00+05:30,-2.38,0.97,81.55,-5.10805015045855,295.1,636.56,132.2
1990-06-09 07:30:00+05:30,-0.02,1.03,72.65,-4.349450897265567,495.15,648.26,202.35
1990-06-09 08:30:00+05:30,2.6,1.1,67.6,-2.7977000888088095,728.35,816.23,212.85
1990-06-09 09:30:00+05:30,4.56,1.17,60.5,-2.433198713789142,902.55,848.96,237.55
1990-06-09 10:30:00+05:30,6.0,1.31,54.05,-2.6056203958224717,1021.45,883.01,229.75
1990-06-09 11:30:00+05:30,7.02,1.31,52.2,-2.1281008083030737,1079.45,943.84,169.9
1990-06-09 12:30:00+05:30,8.35,1.24,48.65,-1.8546836591328528,1048.9,868.64,197.65
1990-06-09 13:30:00+05:30,8.89,1.17,46.95,-1.8420000737257267,908.4,746.66,203.25
1990-06-09 14:30:00+05:30,9.16,1.17,45.25,-2.0956987326099674,848.65,817.27,146.3
1990-06-09 15:30:00+05:30,9.47,1.1,43.55,-2.3321535156611746,674.05,745.86,129.05
1990-06-09 16:30:00+05:30,9.5,1.03,41.85,-2.842725648798541,448.45,577.47,120.95
1990-06-09 17:30:00+05:30,9.08,1.1,40.25,-3.7452809008332917,225.05,373.61,83.15
1990-06-09 18:30:00+05:30,8.31,0.83,43.25,-3.4792147944192715,49.3,122.86,27.0
1990-06-09 19:30:00+05:30,6.79,0.76,46.4,-3.9251198814418995,0.0,0.0,0.0
1990-06-09 20:30:00+05:30,4.97,0.76,53.8,-3.6279154428557785,0.0,0.0,0.0
1990-06-09 21:30:00+05:30,3.15,0.76,65.1,-2.7808285323706774,0.0,0.0,0.0
1990-06-09 22:30:00+05:30,1.87,0.83,64.8,-4.061708187319919,0.0,0.0,0.0
1990-06-09 23:30:00+05:30,0.78,0.9,67.2,-4.617734341282619,0.0,0.0,0.0
1990-06-10 00:30:00+05:30,0.31,0.83,67.2,-5.067180628249507,0.0,0.0,0.0
1990-06-10 01:30:00+05:30,-0.11,0.9,67.1,-5.488478229621856,0.0,0.0,0.0
1990-06-10 02:30:00+05:30,-0.51,0.83,67.0,-5.890577021389143,0.0,0.0,0.0
1990-06-10 03:30:00+05:30,-0.88,0.9,67.0,-6.244359339154647,0.0,0.0,0.0
1990-06-10 04:30:00+05:30,-1.32,0.9,66.9,-6.684597827144623,0.0,0.0,0.0
1990-06-10 05:30:00+05:30,-1.79,0.9,69.55,-6.627897228369376,69.0,0.0,69.0
1990-06-10 06:30:00+05:30,-1.23,0.83,69.65,-6.071304245242324,283.65,540.68,145.25
1990-06-10 07:30:00+05:30,1.95,0.9,59.8,-5.052698337489699,514.45,739.18,180.6
1990-06-10 08:30:00+05:30,4.52,0.97,53.65,-4.0845375982726155,717.05,804.43,209.05
1990-06-10 09:30:00+05:30,6.32,0.97,52.1,-2.803757138743246,882.8,864.0,206.05
1990-06-10 10:30:00+05:30,7.73,0.97,50.45,-1.9330968476288901,1009.15,894.53,207.1
1990-06-10 11:30:00+05:30,8.89,0.97,48.8,-1.3156529804268402,1031.2,815.61,245.1
1990-06-10 12:30:00+05:30,9.87,0.97,47.2,-0.8711087273947162,1041.7,871.64,187.25
1990-06-10 13:30:00+05:30,10.44,0.97,47.35,-0.30486950926915374,940.6,791.73,192.5
1990-06-10 14:30:00+05:30,10.71,0.9,45.7,-0.5454589966370907,823.0,740.05,186.5
1990-06-10 15:30:00+05:30,10.86,0.83,45.7,-0.40847040020773406,640.85,664.17,154.95
1990-06-10 16:30:00+05:30,10.71,0.69,43.95,-1.0806115420817615,432.75,531.94,130.5
1990-06-10 17:30:00+05:30,9.88,0.69,45.4,-1.393463015876478,211.1,309.67,93.1
1990-06-10 18:30:00+05:30,9.12,0.41,47.05,-1.6022123124378593,44.25,96.24,26.65
1990-06-10 19:30:00+05:30,7.8,0.14,52.45,-1.3390096287745272,0.0,0.0,0.0
1990-06-10 20:30:00+05:30,6.37,0.34,58.55,-1.1728497989975486,0.0,0.0,0.0
1990-06-10 21:30:00+05:30,4.57,0.55,68.0,-0.8328103729093239,0.0,0.0,0.0
1990-06-10 22:30:00+05:30,3.22,0.62,70.4,-1.6535310707252422,0.0,0.0,0.0
1990-06-10 23:30:00+05:30,2.07,0.69,73.0,-2.2684753393505233,0.0,0.0,0.0
1990-06-11 00:30:00+05:30,1.06,0.76,75.75,-2.7453765079311245,0.0,0.0,0.0
1990-06-11 01:30:00+05:30,0.43,0.76,75.7,-3.3647782979647647,0.0,0.0,0.0
1990-06-11 02:30:00+05:30,-0.2,0.83,75.6,-3.9929699688816185,0.0,0.0,0.0
1990-06-11 03:30:00+05:30,-0.98,0.83,75.55,-4.75761527217824,0.0,0.0,0.0
1990-06-11 04:30:00+05:30,-1.8,0.83,78.45,-5.054975153631037,0.0,0.0,0.0
1990-06-11 05:30:00+05:30,-3.32,0.9,84.8,-5.512985268146697,56.6,0.0,56.6
1990-06-11 06:30:00+05:30,-2.92,0.9,84.85,-5.11247938162183,295.15,678.41,121.5
1990-06-11 07:30:00+05:30,-0.27,1.1,72.65,-4.590629936873222,510.95,711.74,189.55
1990-06-11 08:30:00+05:30,1.8,1.24,64.8,-4.128359998136278,721.95,794.2,220.5
1990-06-11 09:30:00+05:30,3.85,1.24,65.2,-2.093370050699571,906.35,851.33,239.6
1990-06-11 10:30:00+05:30,5.73,1.24,63.15,-0.7419991250138913,1028.8,922.42,201.75
1990-06-11 11:30:00+05:30,7.43,1.24,61.1,0.41268622052216863,1059.6,902.19,189.95
1990-06-11 12:30:00+05:30,9.12,0.97,59.25,1.5785284268589457,1043.95,874.55,186.4
1990-06-11 13:30:00+05:30,10.08,0.9,57.15,1.9747924492225921,936.85,766.11,212.6
1990-06-11 14:30:00+05:30,10.65,0.83,53.25,1.517370200008511,796.55,688.83,203.65
1990-06-11 15:30:00+05:30,10.9,0.83,53.25,1.7496918328980184,595.1,566.32,180.3
1990-06-11 16:30:00+05:30,10.69,0.9,53.25,1.5545427682558912,395.5,494.95,113.75
1990-06-11 17:30:00+05:30,9.88,0.76,55.05,1.264322049827431,182.6,220.53,98.3
1990-06-11 18:30:00+05:30,8.37,0.83,63.7,1.8832279959149933,26.45,45.87,18.0
1990-06-11 19:30:00+05:30,7.09,0.55,68.5,1.6803608163941133,0.0,0.0,0.0
1990-06-11 20:30:00+05:30,6.06,0.41,73.7,1.7139339734785775,0.0,0.0,0.0
1990-06-11 21:30:00+05:30,4.88,0.48,82.35,2.1229016084347188,0.0,0.0,0.0
1990-06-11 22:30:00+05:30,3.48,0.62,92.15,2.3248948060414993,0.0,0.0,0.0
1990-06-11 23:30:00+05:30,2.53,0.62,85.35,0.31862933750101646,0.0,0.0,0.0
1990-06-12 00:30:00+05:30,2.38,0.62,88.65,0.6966202618680907,0.0,0.0,0.0
1990-06-12 01:30:00+05:30,1.77,0.62,85.25,-0.4438876759488796,0.0,0.0,0.0
1990-06-12 02:30:00+05:30,0.99,0.62,88.5,-0.6976708997147464,0.0,0.0,0.0
1990-06-12 03:30:00+05:30,0.46,0.69,85.15,-1.7463352985803546,0.0,0.0,0.0
1990-06-12 04:30:00+05:30,-0.16,0.69,85.1,-2.3631163510922737,0.0,0.0,0.0
1990-06-12 05:30:00+05:30,-1.03,0.69,88.4,-2.7052060846949306,60.75,0.0,60.75
1990-06-12 06:30:00+05:30,0.36,0.76,85.15,-1.844532278521013,257.55,432.61,146.85
1990-06-12 07:30:00+05:30,2.82,0.69,76.0,-0.9949142811167714,489.3,681.18,181.8
1990-06-12 08:30:00+05:30,5.4,0.55,70.8,0.5191828914022548,621.4,679.07,192.75
1990-06-12 09:30:00+05:30,7.07,0.34,63.5,0.6056472279501226,821.75,743.23,239.75
1990-06-12 10:30:00+05:30,8.66,0.34,61.45,1.654456285140997,912.15,763.41,227.7
1990-06-12 11:30:00+05:30,9.93,0.62,61.65,2.9005005245242903,955.4,689.92,290.3
1990-06-12 12:30:00+05:30,10.26,0.83,66.55,4.300538668873504,988.25,745.97,256.6
1990-06-12 13:30:00+05:30,10.97,0.83,66.65,4.999065156064579,945.2,754.44,231.65
1990-06-12 14:30:00+05:30,11.37,0.76,69.15,5.912428651421146,778.55,670.73,200.8
1990-06-12 15:30:00+05:30,11.44,0.83,71.75,6.515247074632066,565.8,502.74,197.15
1990-06-12 16:30:00+05:30,11.06,0.76,69.15,5.6155743108515725,354.05,304.68,180.3
1990-06-12 17:30:00+05:30,10.66,0.41,66.65,4.703455054134873,172.1,189.09,99.6
1990-06-12 18:30:00+05:30,9.78,0.41,66.45,3.8214237460777807,40.15,85.99,24.2
1990-06-12 19:30:00+05:30,6.94,0.14,76.65,3.1177055323139475,0.0,0.0,0.0
1990-06-12 20:30:00+05:30,6.16,0.76,79.5,2.8759695771526608,0.0,0.0,0.0
1990-06-12 21:30:00+05:30,5.49,0.48,82.4,2.7279613365650492,0.0,0.0,0.0
1990-06-12 22:30:00+05:30,4.21,0.48,88.8,2.525329515907968,0.0,0.0,0.0
1990-06-12 23:30:00+05:30,2.55,0.69,95.7,1.9323223486700418,0.0,0.0,0.0
1990-06-13 00:30:00+05:30,0.31,0.69,99.4,0.2267794630173631,0.0,0.0,0.0
1990-06-13 01:30:00+05:30,-0.53,0.76,99.4,-0.6126472898579481,0.0,0.0,0.0
1990-06-13 02:30:00+05:30,-1.14,0.83,99.4,-1.2222322445777951,0.0,0.0,0.0
1990-06-13 03:30:00+05:30,-1.75,0.83,99.4,-1.8318182437235644,0.0,0.0,0.0
1990-06-13 04:30:00+05:30,-1.84,0.83,95.6,-2.4499635010831646,0.0,0.0,0.0
1990-06-13 05:30:00+05:30,-1.42,0.83,95.6,-2.0320862024628967,52.0,0.0,52.0
1990-06-13 06:30:00+05:30,0.23,0.83,88.5,-1.4472147369884787,176.3,262.18,109.25
1990-06-13 07:30:00+05:30,2.4,0.76,85.3,0.18286077818212695,336.15,368.33,169.95
1990-06-13 08:30:00+05:30,4.55,0.62,76.3,0.7363249290322701,578.2,508.22,257.5
1990-06-13 09:30:00+05:30,6.63,0.21,71.05,1.7505579207813133,774.65,659.28,258.5
1990-06-13 10:30:00+05:30,8.36,0.28,63.7,1.8737372003988995,909.45,736.64,249.05
1990-06-13 11:30:00+05:30,9.85,0.62,57.15,1.759275599781066,871.2,683.34,212.4
1990-06-13 12:30:00+05:30,10.57,0.9,55.15,1.9335067547565263,955.8,741.15,228.7
1990-06-13 13:30:00+05:30,11.47,1.03,55.3,2.8115134575416647,955.7,843.36,157.7
1990-06-13 14:30:00+05:30,12.08,1.31,55.4,3.406310337904684,736.8,660.45,167.5
1990-06-13 15:30:00+05:30,12.16,1.38,53.5,2.986549473655089,607.7,581.2,181.05
1990-06-13 16:30:00+05:30,12.08,1.38,53.35,2.872527458912525,377.1,409.29,143.3
1990-06-13 17:30:00+05:30,11.57,1.17,51.25,1.8348372181238566,196.7,271.76,92.2
1990-06-13 18:30:00+05:30,10.89,0.9,47.45,0.13690802482798767,48.05,105.51,28.35
1990-06-13 19:30:00+05:30,9.87,0.48,49.05,-0.34327549402815644,0.0,0.0,0.0
1990-06-13 20:30:00+05:30,8.56,0.28,54.65,-0.06813375445139358,0.0,0.0,0.0
1990-06-13 21:30:00+05:30,7.14,0.34,58.8,-0.39018533438710545,0.0,0.0,0.0
1990-06-13 22:30:00+05:30,5.31,0.41,68.1,-0.10453026752861234,0.0,0.0,0.0
1990-06-13 23:30:00+05:30,3.2,0.55,79.1,-0.07657967706250728,0.0,0.0,0.0
1990-06-14 00:30:00+05:30,2.51,0.62,85.35,0.29898778712335566,0.0,0.0,0.0
1990-06-14 01:30:00+05:30,1.71,0.62,88.6,0.027978195839407968,0.0,0.0,0.0
1990-06-14 02:30:00+05:30,1.24,0.76,88.55,-0.44335287113021116,0.0,0.0,0.0
1990-06-14 03:30:00+05:30,0.48,0.76,88.5,-1.2006507028357594,0.0,0.0,0.0
1990-06-14 04:30:00+05:30,-0.73,0.76,91.95,-1.875612888330979,0.0,0.0,0.0
1990-06-14 05:30:00+05:30,-0.99,0.76,91.95,-2.1331623151423718,52.4,0.0,52.4
1990-06-14 06:30:00+05:30,-0.27,0.83,92.0,-1.4125411226655675,224.5,458.26,107.4
1990-06-14 07:30:00+05:30,1.61,0.76,88.6,-0.07065276840719861,372.95,420.88,183.15
1990-06-14 08:30:00+05:30,3.76,0.69,79.15,0.47735759115643966,631.5,659.51,215.5
1990-06-14 09:30:00+05:30,6.03,0.41,73.65,1.6754773255443463,804.3,729.08,233.65
1990-06-14 10:30:00+05:30,7.96,0.14,66.05,2.001166140993015,987.4,884.93,194.15
1990-06-14 11:30:00+05:30,9.53,0.48,61.55,2.4995341662235666,955.15,774.07,208.85
1990-06-14 12:30:00+05:30,10.12,1.17,53.1,0.9855490131126405,880.65,661.3,231.75
1990-06-14 13:30:00+05:30,10.82,1.45,53.25,1.6753507026018606,848.45,672.56,211.8
1990-06-14 14:30:00+05:30,11.31,1.52,57.4,3.1889280600510603,762.25,666.15,187.65
1990-06-14 15:30:00+05:30,11.44,1.52,57.4,3.310759658445926,595.6,589.57,162.35
1990-06-14 16:30:00+05:30,11.03,1.72,57.4,2.9265080430208865,318.1,263.82,167.15
1990-06-14 17:30:00+05:30,9.81,1.45,57.15,1.7217931291079551,163.7,191.91,89.7
1990-06-14 18:30:00+05:30,8.82,1.1,61.45,1.8056737783847687,31.65,48.17,22.6
1990-06-14 19:30:00+05:30,8.02,0.69,66.05,2.0583516742840633,0.0,0.0,0.0
1990-06-14 20:30:00+05:30,7.15,0.28,68.5,1.7377941176469758,0.0,0.0,0.0
1990-06-14 21:30:00+05:30,6.18,0.14,73.7,1.8297835516867467,0.0,0.0,0.0
1990-06-14 22:30:00+05:30,5.3,0.07,76.4,1.481663099379246,0.0,0.0,0.0
1990-06-14 23:30:00+05:30,4.49,0.14,82.3,1.7330178906116893,0.0,0.0,0.0
1990-06-15 00:30:00+05:30,3.01,0.28,88.65,1.3179991997105585,0.0,0.0,0.0
1990-06-15 01:30:00+05:30,2.14,0.34,88.65,0.4598987238960642,0.0,0.0,0.0
1990-06-15 02:30:00+05:30,1.23,0.48,92.05,0.08083634919738739,0.0,0.0,0.0
1990-06-15 03:30:00+05:30,0.55,0.48,95.65,-0.06488120979079477,0.0,0.0,0.0
1990-06-15 04:30:00+05:30,0.22,0.48,95.65,-0.3932189774530626,0.0,0.0,0.0
1990-06-15 05:30:00+05:30,-0.21,0.48,95.6,-0.8282221642053355,43.7,0.0,43.7
1990-06-15 06:30:00+05:30,0.77,0.48,95.65,0.15400938857025392,256.8,588.64,106.55
1990-06-15 07:30:00+05:30,3.55,0.34,82.25,0.8053539161028204,410.55,544.44,165.2
1990-06-15 08:30:00+05:30,5.27,0.07,73.55,0.9228805911873629,629.5,621.76,237.5
1990-06-15 09:30:00+05:30,6.73,0.34,65.85,0.7865975492947438,714.55,649.55,206.3
1990-06-15 10:30:00+05:30,7.62,0.62,61.2,0.614864834089026,949.05,800.26,231.8
1990-06-15 11:30:00+05:30,8.79,0.83,61.45,1.7773209057253816,926.25,683.88,266.9
1990-06-15 12:30:00+05:30,9.31,0.97,71.5,4.4165965637526785,919.15,649.97,281.25
1990-06-15 13:30:00+05:30,10.03,1.1,74.3,5.662684691866399,874.1,665.54,243.85
1990-06-15 14:30:00+05:30,10.63,1.1,71.75,5.736236702409499,755.2,668.56,178.15
1990-06-15 15:30:00+05:30,10.86,1.24,71.75,5.957446929206868,522.7,481.24,168.7
1990-06-15 16:30:00+05:30,10.36,1.45,71.7,5.466488795165951,153.7,192.73,43.25
1990-06-15 17:30:00+05:30,7.28,1.31,73.9,2.9299409453685104,164.2,186.35,92.15
1990-06-15 18:30:00+05:30,7.25,0.83,71.15,2.366323841258246,40.8,87.84,24.2
1990-06-15 19:30:00+05:30,6.74,0.41,71.05,1.85630079131911,0.0,0.0,0.0
1990-06-15 20:30:00+05:30,6.1,0.28,76.55,2.2847925698615352,0.0,0.0,0.0
1990-06-15 21:30:00+05:30,5.24,0.34,82.4,2.4834827105471335,0.0,0.0,0.0
1990-06-15 22:30:00+05:30,4.29,0.41,85.5,2.071613408774187,0.0,0.0,0.0
1990-06-15 23:30:00+05:30,3.16,0.48,92.15,2.00788369792968,0.0,0.0,0.0
1990-06-16 00:30:00+05:30,2.15,0.55,95.65,1.5270276645487024,0.0,0.0,0.0
1990-06-16 01:30:00+05:30,-0.04,0.55,99.4,-0.12298144332837996,0.0,0.0,0.0
1990-06-16 02:30:00+05:30,-0.36,0.62,99.4,-0.4427631443079758,0.0,0.0,0.0
1990-06-16 03:30:00+05:30,-1.11,0.69,99.4,-1.1922526322212499,0.0,0.0,0.0
1990-06-16 04:30:00+05:30,-1.06,0.76,99.4,-1.1422866172406905,0.0,0.0,0.0
1990-06-16 05:30:00+05:30,-1.16,0.69,99.4,-1.242218654218913,54.9,0.0,54.9
1990-06-16 06:30:00+05:30,-0.33,0.97,95.6,-0.9476122755769874,171.05,192.82,121.9
1990-06-16 07:30:00+05:30,1.51,0.9,88.6,-0.16928428619260522,338.95,327.02,191.7
1990-06-16 08:30:00+05:30,3.57,0.83,82.25,0.8249113028406199,536.2,450.79,252.15
1990-06-16 09:30:00+05:30,5.38,0.76,76.4,1.559222337373297,730.75,639.11,230.85
1990-06-16 10:30:00+05:30,6.87,0.69,65.85,0.9200143847141897,865.3,717.33,222.5
1990-06-16 11:30:00+05:30,8.05,0.48,61.2,1.0211544468023137,904.8,693.9,235.8
1990-06-16 12:30:00+05:30,8.7,0.55,59.15,1.1597151141981943,827.2,549.06,288.25
1990-06-16 13:30:00+05:30,8.66,0.55,61.45,1.654456285140997,887.2,700.45,223.65
1990-06-16 14:30:00+05:30,9.5,0.48,61.55,2.4711804563420636,769.85,681.98,180.85
1990-06-16 15:30:00+05:30,9.37,0.48,66.35,3.4091324612998473,559.9,541.89,160.9
1990-06-16 16:30:00+05:30,9.74,0.48,61.65,2.720906215116083,400.4,489.78,119.3
1990-06-16 17:30:00+05:30,9.78,0.48,61.65,2.7587161660125123,214.15,343.13,81.15
1990-06-16 18:30:00+05:30,9.41,0.48,61.55,2.386118202445655,50.05,122.09,26.85
1990-06-16 19:30:00+05:30,8.35,0.14,66.15,2.3941461879783494,0.0,0.0,0.0
1990-06-16 20:30:00+05:30,7.3,0.07,71.15,2.414392094295206,0.0,0.0,0.0
1990-06-16 21:30:00+05:30,6.44,0.21,73.7,2.0807842949497313,0.0,0.0,0.0
1990-06-16 22:30:00+05:30,5.51,0.34,79.35,2.2164226663754385,0.0,0.0,0.0
1990-06-16 23:30:00+05:30,4.43,0.48,82.3,1.6743464186230228,0.0,0.0,0.0
1990-06-17 00:30:00+05:30,2.93,0.62,88.65,1.2390951498696636,0.0,0.0,0.0
1990-06-17 01:30:00+05:30,1.88,0.69,92.05,0.7247288469393731,0.0,0.0,0.0
1990-06-17 02:30:00+05:30,0.87,0.76,92.0,-0.28326759003451074,0.0,0.0,0.0
1990-06-17 03:30:00+05:30,-1.01,0.83,95.6,-1.624161910804644,0.0,0.0,0.0
1990-06-17 04:30:00+05:30,-2.57,0.97,99.4,-2.651263363641291,0.0,0.0,0.0
1990-06-17 05:30:00+05:30,-3.29,1.03,99.4,-3.370777707984117,60.05,0.0,60.05
1990-06-17 06:30:00+05:30,-2.58,0.97,99.4,-2.661256608459472,180.25,165.23,138.2
1990-06-17 07:30:00+05:30,-0.31,0.97,95.6,-0.9277139028333785,336.15,340.45,183.0
1990-06-17 08:30:00+05:30,1.89,0.9,92.05,0.7346347595328633,573.1,498.23,259.35
1990-06-17 09:30:00+05:30,4.86,0.97,76.3,1.0368457482946296,747.7,584.63,290.6
1990-06-17 10:30:00+05:30,7.21,0.83,68.5,1.7952268233755255,933.5,814.76,203.55
1990-06-17 11:30:00+05:30,8.81,0.41,61.45,1.796222841719695,896.3,628.69,290.2
1990-06-17 12:30:00+05:30,9.22,0.41,63.9,2.7340986528537914,674.95,543.59,141.3
1990-06-17 13:30:00+05:30,9.67,0.83,61.65,2.654738002021236,810.5,678.63,167.4
1990-06-17 14:30:00+05:30,10.09,1.17,64.1,3.6042755843748933,767.95,682.79,177.9
1990-06-17 15:30:00+05:30,10.4,1.24,66.55,4.4340288199053,553.45,541.12,154.65
1990-06-17 16:30:00+05:30,10.48,1.1,66.55,4.510307348496591,324.05,330.84,133.9
1990-06-17 17:30:00+05:30,10.08,1.03,66.45,4.10744568976671,203.65,285.82,92.6
1990-06-17 18:30:00+05:30,8.88,0.83,68.8,3.455539232909234,43.35,83.5,27.4
1990-06-17 19:30:00+05:30,8.17,0.07,66.15,2.222568605081292,0.0,0.0,0.0
1990-06-17 20:30:00+05:30,7.42,0.21,71.15,2.529754373683565,0.0,0.0,0.0
1990-06-17 21:30:00+05:30,6.61,0.34,73.8,2.2639529064390302,0.0,0.0,0.0
1990-06-17 22:30:00+05:30,5.55,0.41,76.5,1.7423397607050504,0.0,0.0,0.0
1990-06-17 23:30:00+05:30,4.32,0.48,85.5,2.1010778023299275,0.0,0.0,0.0
1990-06-18 00:30:00+05:30,3.82,0.55,88.75,2.1327116986656507,0.0,0.0,0.0
1990-06-18 01:30:00+05:30,2.6,0.62,92.15,1.4531049853583458,0.0,0.0,0.0
1990-06-18 02:30:00+05:30,1.83,0.62,92.05,0.6751992267756259,0.0,0.0,0.0
1990-06-18 03:30:00+05:30,0.54,0.62,95.65,-0.07483080614199028,0.0,0.0,0.0
1990-06-18 04:30:00+05:30,-0.36,0.69,95.6,-0.9774598503286752,0.0,0.0,0.0
1990-06-18 05:30:00+05:30,-0.62,0.69,99.4,-0.7025859879890736,44.2,0.0,44.2
1990-06-18 06:30:00+05:30,0.69,0.62,99.4,0.6065194863147167,234.4,516.3,103.25
1990-06-18 07:30:00+05:30,3.84,0.55,85.45,1.6214601819758399,451.1,580.82,190.1
1990-06-18 08:30:00+05:30,6.25,0.41,73.7,1.897361573578605,594.05,607.67,211.65
1990-06-18 09:30:00+05:30,7.84,0.28,66.05,1.886793128465571,803.55,680.66,271.6
1990-06-18 10:30:00+05:30,9.16,0.14,59.25,1.6161721639823108,935.8,768.02,247.9
1990-06-18 11:30:00+05:30,10.18,0.48,55.15,1.5695896379183847,861.95,628.42,256.15
1990-06-18 12:30:00+05:30,10.59,0.69,53.25,1.4616105568990623,934.85,673.43,273.65
1990-06-18 13:30:00+05:30,11.31,0.9,53.25,2.1306636532389596,804.9,601.62,234.6
1990-06-18 14:30:00+05:30,12.09,1.17,47.6,1.2812403916733488,743.75,603.89,221.6
1990-06-18 15:30:00+05:30,12.55,1.1,44.2,0.6705276127056415,618.15,617.25,162.85
1990-06-18 16:30:00+05:30,12.66,1.17,39.5,-0.7806021440662457,434.8,568.86,107.4
1990-06-18 17:30:00+05:30,12.3,1.03,37.9,-1.667838815614784,225.7,380.31,77.6
1990-06-18 18:30:00+05:30,11.52,0.76,40.65,-1.4134288533466313,52.1,120.34,29.0
1990-06-18 19:30:00+05:30,10.51,0.76,42.15,-1.832149585266429,0.0,0.0,0.0
1990-06-18 20:30:00+05:30,8.92,0.69,54.8,0.3054988411930204,0.0,0.0,0.0
1990-06-18 21:30:00+05:30,7.93,0.48,52.45,-1.2183091747079484,0.0,0.0,0.0
1990-06-18 22:30:00+05:30,6.3,0.55,58.55,-1.2386817096837421,0.0,0.0,0.0
1990-06-18 23:30:00+05:30,4.2,0.83,73.4,-0.13821240592406675,0.0,0.0,0.0
1990-06-19 00:30:00+05:30,4.91,0.69,70.7,0.028713811925463996,0.0,0.0,0.0
1990-06-19 01:30:00+05:30,3.74,0.83,76.15,-0.07610003714220619,0.0,0.0,0.0
1990-06-19 02:30:00+05:30,2.02,0.9,82.05,-0.724287651610913,0.0,0.0,0.0
1990-06-19 03:30:00+05:30,0.61,0.9,88.5,-1.0724387849456753,0.0,0.0,0.0
1990-06-19 04:30:00+05:30,-0.86,0.9,91.95,-2.004387275311581,0.0,0.0,0.0
1990-06-19 05:30:00+05:30,-1.97,0.97,95.6,-2.5793072198277547,49.7,0.0,49.7
1990-06-19 06:30:00+05:30,-1.37,0.97,95.6,-1.9823391499857235,230.05,468.86,111.2
1990-06-19 07:30:00+05:30,0.31,1.03,85.15,-1.8936310423648832,420.85,498.4,197.15
1990-06-19 08:30:00+05:30,2.92,0.97,79.0,-0.36658752600125005,674.75,758.58,197.75
1990-06-19 09:30:00+05:30,5.6,0.76,68.2,0.193236295322448,883.3,872.84,201.5
1990-06-19 10:30:00+05:30,7.88,0.55,63.6,1.3962265859168024,920.7,729.37,267.6
1990-06-19 11:30:00+05:30,9.64,0.69,57.15,1.5624883991663794,983.5,820.25,192.85
1990-06-19 12:30:00+05:30,10.45,0.76,55.15,1.8215363144137187,964.15,780.92,197.35
1990-06-19 13:30:00+05:30,11.64,1.1,51.35,1.926909115458573,809.35,606.77,234.0
1990-06-19 14:30:00+05:30,12.26,1.31,45.95,0.9455822937842,763.35,680.9,174.3
1990-06-19 15:30:00+05:30,12.75,1.52,42.7,0.37357593717183335,603.8,604.34,157.65
1990-06-19 16:30:00+05:30,12.69,1.45,38.0,-1.2833864262201944,395.95,508.79,102.75
1990-06-19 17:30:00+05:30,12.24,1.38,36.45,-2.250950770286607,238.0,424.73,72.25
1990-06-19 18:30:00+05:30,11.41,1.1,36.15,-3.100754167082089,55.1,139.76,28.15
1990-06-19 19:30:00+05:30,10.15,0.62,37.45,-3.7498747266189767,0.0,0.0,0.0
1990-06-19 20:30:00+05:30,8.56,0.62,50.6,-1.1253299082496664,0.0,0.0,0.0
1990-06-19 21:30:00+05:30,7.54,0.83,46.55,-3.1947804288373836,0.0,0.0,0.0
1990-06-19 22:30:00+05:30,6.09,0.69,50.05,-3.5562549348758328,0.0,0.0,0.0
1990-06-19 23:30:00+05:30,4.7,0.55,55.95,-3.354831644989326,0.0,0.0,0.0
1990-06-20 00:30:00+05:30,3.2,0.62,62.6,-3.2602872791717994,0.0,0.0,0.0
1990-06-20 01:30:00+05:30,2.27,0.69,67.5,-3.1332753399746265,0.0,0.0,0.0
1990-06-20 02:30:00+05:30,1.43,0.69,72.85,-2.9137636029480736,0.0,0.0,0.0
1990-06-20 03:30:00+05:30,0.58,0.76,72.75,-3.7522606717722233,0.0,0.0,0.0
1990-06-20 04:30:00+05:30,-0.62,0.83,78.6,-3.881148783803611,0.0,0.0,0.0
1990-06-20 05:30:00+05:30,-1.44,0.83,81.7,-4.16478180341771,48.95,0.0,48.95
1990-06-20 06:30:00+05:30,-0.42,0.83,78.65,-3.6779832329419193,298.2,787.11,99.15
1990-06-20 07:30:00+05:30,2.62,0.76,73.1,-1.7191672232791906,510.45,819.97,142.9
1990-06-20 08:30:00+05:30,5.46,0.62,65.55,-0.4866149891453951,712.7,834.9,188.15
1990-06-20 09:30:00+05:30,7.7,0.48,54.55,-0.8953609311075054,861.65,806.32,232.15
1990-06-20 10:30:00+05:30,9.55,0.41,48.95,-0.6659833684625144,964.15,794.06,253.35
1990-06-20 11:30:00+05:30,11.0,0.41,45.7,-0.28062085388265245,1065.9,867.5,229.8
1990-06-20 12:30:00+05:30,12.69,0.41,41.1,-0.20795626639832743,1049.65,848.28,216.65
1990-06-20 13:30:00+05:30,13.58,0.83,38.15,-0.4339604218820776,978.3,827.07,193.85
1990-06-20 14:30:00+05:30,14.16,1.17,35.6,-0.8670933463604324,842.2,789.12,159.2
1990-06-20 15:30:00+05:30,14.52,1.38,32.95,-1.6058375691319589,653.8,682.44,149.6
1990-06-20 16:30:00+05:30,14.4,1.45,30.45,-2.7799953973984914,449.35,585.73,111.4
1990-06-20 17:30:00+05:30,13.88,1.38,28.0,-4.354536700379133,230.25,381.69,81.0
1990-06-20 18:30:00+05:30,12.69,0.97,31.25,-3.924238255911416,54.05,131.95,28.5
1990-06-20 19:30:00+05:30,10.91,0.69,36.15,-3.5454190396682685,0.0,0.0,0.0
1990-06-20 20:30:00+05:30,8.63,0.76,43.4,-3.1420017631614203,0.0,0.0,0.0
1990-06-20 21:30:00+05:30,5.99,0.9,65.65,0.03934334829566096,0.0,0.0,0.0
1990-06-20 22:30:00+05:30,3.84,1.03,73.3,-0.5044371951809303,0.0,0.0,0.0
1990-06-20 23:30:00+05:30,2.15,1.03,73.0,-2.191281832309332,0.0,0.0,0.0
1990-06-21 00:30:00+05:30,0.67,1.17,75.7,-3.1322025346717832,0.0,0.0,0.0
1990-06-21 01:30:00+05:30,-0.79,1.24,75.55,-4.573499644931025,0.0,0.0,0.0
1990-06-21 02:30:00+05:30,-1.68,1.24,78.45,-4.938191275819103,0.0,0.0,0.0
1990-06-21 03:30:00+05:30,-3.01,1.24,81.5,-5.7319394312244425,0.0,0.0,0.0
1990-06-21 04:30:00+05:30,-3.86,1.24,84.7,-6.058645135456313,0.0,0.0,0.0
1990-06-21 05:30:00+05:30,-4.47,1.24,84.65,-6.665206898656119,52.6,0.0,52.6
1990-06-21 06:30:00+05:30,-4.34,1.24,78.05,-7.59348242275203,218.65,487.85,95.6
1990-06-21 07:30:00+05:30,-1.94,1.24,64.1,-7.831260004341854,530.25,942.1,108.55
1990-06-21 08:30:00+05:30,1.8,1.1,55.2,-6.247307379910831,686.45,894.27,125.1
1990-06-21 09:30:00+05:30,4.9,0.9,45.85,-5.813944012443592,909.75,978.4,146.35
1990-06-21 10:30:00+05:30,7.81,0.76,38.25,-5.56301175269327,1014.95,951.51,163.5
1990-06-21 11:30:00+05:30,9.99,0.69,35.85,-4.47470413862311,1064.9,925.17,173.35
1990-06-21 12:30:00+05:30,11.74,0.69,34.9,-3.280798294455471,1072.25,940.25,148.9
1990-06-21 13:30:00+05:30,12.94,0.9,33.8,-2.651460972593957,992.35,893.55,144.65
1990-06-21 14:30:00+05:30,13.71,1.17,31.55,-2.904030474427567,859.9,840.38,132.2
1990-06-21 15:30:00+05:30,14.09,1.31,31.55,-2.57163562965783,679.2,765.94,112.9
1990-06-21 16:30:00+05:30,14.0,1.31,29.15,-3.7136367560496923,466.75,646.1,93.55
1990-06-21 17:30:00+05:30,13.5,1.24,29.0,-4.215932601678315,244.0,440.34,71.5
1990-06-21 18:30:00+05:30,12.24,0.97,32.35,-3.8563073882348666,56.85,145.33,28.6
1990-06-21 19:30:00+05:30,10.05,0.9,40.4,-2.821468741087024,0.0,0.0,0.0
1990-06-21 20:30:00+05:30,7.41,0.97,50.35,-2.2558067528671137,0.0,0.0,0.0
1990-06-21 21:30:00+05:30,4.25,1.1,65.3,-1.6915541046966953,0.0,0.0,0.0
1990-06-21 22:30:00+05:30,1.73,1.1,78.9,-1.5423398370603034,0.0,0.0,0.0
1990-06-21 23:30:00+05:30,0.04,1.17,78.75,-3.213190965051109,0.0,0.0,0.0
1990-06-22 00:30:00+05:30,-1.28,1.24,85.0,-3.4787059521623163,0.0,0.0,0.0
1990-06-22 01:30:00+05:30,-2.69,1.31,84.85,-4.886660945958169,0.0,0.0,0.0
1990-06-22 02:30:00+05:30,-3.66,1.31,88.2,-5.329030218339668,0.0,0.0,0.0
1990-06-22 03:30:00+05:30,-4.49,1.31,84.65,-6.684840668551296,0.0,0.0,0.0
1990-06-22 04:30:00+05:30,-5.02,1.31,84.6,-7.212822710629419,0.0,0.0,0.0
1990-06-22 05:30:00+05:30,-5.74,1.31,88.0,-7.409707219325356,54.55,0.0,54.55
1990-06-22 06:30:00+05:30,-5.2,1.24,81.2,-7.9204215634592385,295.6,754.24,105.9
1990-06-22 07:30:00+05:30,-1.52,1.17,61.55,-7.956773629445136,513.65,825.52,144.7
1990-06-22 08:30:00+05:30,2.35,1.03,53.15,-6.229697571663224,715.95,847.86,184.25
1990-06-22 09:30:00+05:30,5.7,0.83,42.55,-6.06559454681376,888.25,873.53,207.1
1990-06-22 10:30:00+05:30,8.43,0.76,34.05,-6.536979032850077,1004.25,887.97,209.95
1990-06-22 11:30:00+05:30,10.57,0.76,31.95,-5.487138041013956,1069.75,925.12,178.4
1990-06-22 12:30:00+05:30,12.69,0.9,30.05,-4.446079149288298,1071.65,935.19,153.25
1990-06-22 13:30:00+05:30,13.98,0.9,28.0,-4.26822597254291,996.5,899.57,142.9
1990-06-22 14:30:00+05:30,14.84,1.03,27.2,-3.913972446167664,860.6,838.64,134.1
1990-06-22 15:30:00+05:30,15.33,1.17,25.25,-4.485716733208991,677.25,758.05,116.4
1990-06-22 16:30:00+05:30,15.33,1.38,24.25,-5.0216940862312,462.25,627.08,99.65
1990-06-22 17:30:00+05:30,14.6,1.24,24.95,-5.266158142362922,243.6,436.27,72.4
1990-06-22 18:30:00+05:30,12.87,1.03,32.5,-3.2411891832010884,56.75,143.79,28.7
1990-06-22 19:30:00+05:30,10.2,1.03,42.15,-2.112729895226915,0.0,0.0,0.0
1990-06-22 20:30:00+05:30,7.23,1.17,54.4,-1.3713000634177126,0.0,0.0,0.0
1990-06-22 21:30:00+05:30,4.61,1.17,65.4,-1.3277698652863557,0.0,0.0,0.0
1990-06-22 22:30:00+05:30,2.22,1.24,75.95,-1.5854296526199263,0.0,0.0,0.0
1990-06-22 23:30:00+05:30,0.27,1.24,78.75,-2.9893068816714696,0.0,0.0,0.0
1990-06-23 00:30:00+05:30,-2.07,1.31,84.85,-4.277952650497512,0.0,0.0,0.0
1990-06-23 01:30:00+05:30,-3.37,1.31,88.25,-5.035562185606681,0.0,0.0,0.0
1990-06-23 02:30:00+05:30,-3.96,1.24,88.2,-5.62486539076013,0.0,0.0,0.0
1990-06-23 03:30:00+05:30,-4.27,1.24,88.15,-5.938014054372404,0.0,0.0,0.0
1990-06-23 04:30:00+05:30,-4.44,1.31,81.3,-7.1617340397428455,0.0,0.0,0.0
1990-06-23 05:30:00+05:30,-4.78,1.31,78.0,-8.02985234453742,42.8,0.0,42.8
1990-06-23 06:30:00+05:30,-3.64,1.24,72.05,-7.949701059539905,279.05,711.5,100.65
1990-06-23 07:30:00+05:30,-0.71,1.17,56.95,-8.194449886992528,504.4,833.48,132.5
1990-06-23 08:30:00+05:30,2.9,1.03,49.15,-6.742458461144657,715.4,884.0,161.6
1990-06-23 09:30:00+05:30,6.39,0.76,39.4,-6.449378093687393,870.95,873.85,190.0
1990-06-23 10:30:00+05:30,9.13,0.69,30.4,-7.397886515292302,1005.45,883.75,215.25
1990-06-23 11:30:00+05:30,11.45,0.69,28.45,-6.244703497915392,1070.3,888.81,214.1
1990-06-23 12:30:00+05:30,13.97,0.83,25.85,-5.336067541342871,1054.65,863.09,207.05
1990-06-23 13:30:00+05:30,15.24,0.83,23.3,-5.625437353121233,986.1,843.83,185.25
1990-06-23 14:30:00+05:30,16.12,1.03,22.5,-5.3440512750417914,856.45,796.66,166.05
1990-06-23 15:30:00+05:30,16.48,1.24,20.9,-6.013295769414846,668.65,707.86,144.6
1990-06-23 16:30:00+05:30,16.37,1.24,20.9,-6.105062851325747,457.45,598.23,111.2
1990-06-23 17:30:00+05:30,15.45,1.17,23.3,-5.447998967649564,237.75,397.3,81.6
1990-06-23 18:30:00+05:30,13.44,1.1,31.4,-3.2042964775506744,55.75,129.8,30.35
1990-06-23 19:30:00+05:30,10.48,1.17,42.15,-1.8593010597855153,0.0,0.0,0.0
1990-06-23 20:30:00+05:30,7.32,1.24,54.4,-1.2873791410728155,0.0,0.0,0.0
1990-06-23 21:30:00+05:30,4.44,1.24,67.9,-0.9773471150387486,0.0,0.0,0.0
1990-06-23 22:30:00+05:30,2.29,1.31,75.95,-1.5175846295327264,0.0,0.0,0.0
1990-06-23 23:30:00+05:30,0.5,1.24,75.7,-3.2969429625890854,0.0,0.0,0.0
1990-06-24 00:30:00+05:30,-1.93,1.31,78.45,-5.181492789126079,0.0,0.0,0.0
1990-06-24 01:30:00+05:30,-2.9,1.31,81.5,-5.62441982160836,0.0,0.0,0.0
1990-06-24 02:30:00+05:30,-3.74,1.31,81.4,-6.461559943642349,0.0,0.0,0.0
1990-06-24 03:30:00+05:30,-4.08,1.31,81.3,-6.809903637650809,0.0,0.0,0.0
1990-06-24 04:30:00+05:30,-4.72,1.24,81.25,-7.443365176439882,0.0,0.0,0.0
1990-06-24 05:30:00+05:30,-5.28,1.24,81.2,-7.998602853512702,50.0,0.0,50.0
1990-06-24 06:30:00+05:30,-3.77,1.24,69.15,-8.603695300772928,306.3,856.13,92.35
1990-06-24 07:30:00+05:30,-0.07,1.24,52.6,-8.617869994022314,524.5,891.07,127.6
1990-06-24 08:30:00+05:30,4.1,1.03,42.15,-7.640624727206306,726.8,894.32,167.15
1990-06-24 09:30:00+05:30,7.51,0.83,32.4,-7.993725641523637,883.8,899.19,183.6
1990-06-24 10:30:00+05:30,10.2,0.55,26.1,-8.440994778539283,1005.9,895.49,205.55
1990-06-24 11:30:00+05:30,12.37,0.48,27.6,-5.847658527229277,1084.65,972.74,147.8
1990-06-24 12:30:00+05:30,14.81,0.97,24.1,-5.544874171906952,1074.35,943.87,147.45
1990-06-24 13:30:00+05:30,16.21,1.1,21.75,-5.715217427205841,992.65,885.99,151.65
1990-06-24 14:30:00+05:30,17.11,1.31,20.2,-5.93607131877886,854.15,817.43,145.5
1990-06-24 15:30:00+05:30,17.53,1.45,18.0,-7.096334059020161,663.55,701.31,144.05
1990-06-24 16:30:00+05:30,17.23,1.52,16.6,-8.38843471288242,449.3,571.54,118.2
1990-06-24 17:30:00+05:30,16.51,1.45,17.05,-8.631049527447598,230.45,373.74,83.35
1990-06-24 18:30:00+05:30,14.69,1.1,21.35,-7.231051083716921,53.2,105.74,32.45
1990-06-24 19:30:00+05:30,11.98,0.97,32.25,-4.125865221907324,0.0,0.0,0.0
1990-06-24 20:30:00+05:30,8.96,1.03,43.4,-2.842160626972788,0.0,0.0,0.0
1990-06-24 21:30:00+05:30,6.52,1.17,54.15,-2.0958965732199557,0.0,0.0,0.0
1990-06-24 22:30:00+05:30,4.35,1.17,62.8,-2.1267140745329316,0.0,0.0,0.0
1990-06-24 23:30:00+05:30,2.72,1.17,70.3,-2.1532312688862194,0.0,0.0,0.0
1990-06-25 00:30:00+05:30,-0.01,1.24,78.65,-3.2789260070822537,0.0,0.0,0.0
1990-06-25 01:30:00+05:30,-1.47,1.24,78.5,-4.725370672386882,0.0,0.0,0.0
1990-06-25 02:30:00+05:30,-2.28,1.24,81.55,-5.010304156383569,0.0,0.0,0.0
1990-06-25 03:30:00+05:30,-3.28,1.24,81.45,-6.003910755456813,0.0,0.0,0.0
1990-06-25 04:30:00+05:30,-4.04,1.24,81.4,-6.754781377065135,0.0,0.0,0.0
1990-06-25 05:30:00+05:30,-4.67,1.24,84.6,-6.8692444454920265,53.6,0.0,53.6
1990-06-25 06:30:00+05:30,-2.68,1.24,75.2,-6.465889413789978,281.7,703.77,106.45
1990-06-25 07:30:00+05:30,1.23,1.17,55.05,-6.815981774282335,487.4,732.24,161.85
1990-06-25 08:30:00+05:30,5.46,1.1,42.45,-6.3142493485223845,704.2,842.87,177.35
1990-06-25 09:30:00+05:30,8.9,0.97,32.85,-6.5907907663390946,842.85,776.8,238.4
1990-06-25 10:30:00+05:30,11.47,0.83,28.45,-6.227387292828642,955.8,795.16,245.45
1990-06-25 11:30:00+05:30,13.47,0.83,26.75,-5.312905598648895,952.05,631.65,343.85
1990-06-25 12:30:00+05:30,15.77,0.76,22.5,-5.638526264293441,1020.9,802.87,232.5
1990-06-25 13:30:00+05:30,17.2,0.9,20.3,-5.7963985076703395,962.0,810.93,192.15
1990-06-25 14:30:00+05:30,18.13,1.17,18.85,-6.000389209578931,788.5,708.43,174.15
1990-06-25 15:30:00+05:30,18.52,1.45,16.8,-7.1848053987627924,617.35,572.35,193.15
1990-06-25 16:30:00+05:30,18.4,1.59,16.15,-7.793601684451121,379.55,334.18,185.8
1990-06-25 17:30:00+05:30,17.62,1.52,16.6,-8.071457223172565,200.25,242.58,104.65
1990-06-25 18:30:00+05:30,16.3,1.17,19.25,-7.236495737053245,50.9,101.15,31.0
1990-06-25 19:30:00+05:30,14.6,0.76,26.0,-4.7204938545880815,0.0,0.0,0.0
1990-06-25 20:30:00+05:30,12.94,0.76,31.25,-3.7056713678636255,0.0,0.0,0.0
1990-06-25 21:30:00+05:30,11.64,0.69,37.75,-2.3114048721218405,0.0,0.0,0.0
1990-06-25 22:30:00+05:30,10.21,0.62,49.2,0.011937887174976498,0.0,0.0,0.0
1990-06-25 23:30:00+05:30,8.91,0.62,56.9,0.817423720097901,0.0,0.0,0.0
1990-06-26 00:30:00+05:30,8.0,0.62,63.6,1.5101056291660877,0.0,0.0,0.0
1990-06-26 01:30:00+05:30,7.34,0.55,63.5,0.861867934886091,0.0,0.0,0.0
1990-06-26 02:30:00+05:30,6.85,0.55,65.85,0.9009550545507093,0.0,0.0,0.0
1990-06-26 03:30:00+05:30,6.42,0.55,68.3,0.9982981092088606,0.0,0.0,0.0
1990-06-26 04:30:00+05:30,6.0,0.48,70.85,1.1056488199195145,0.0,0.0,0.0
1990-06-26 05:30:00+05:30,5.39,0.55,73.55,1.0387160823099404,60.45,0.0,60.45
1990-06-26 06:30:00+05:30,6.9,0.41,71.05,2.010105354440986,214.2,273.71,146.3
1990-06-26 07:30:00+05:30,8.88,0.21,63.8,2.3893021360587228,314.55,170.49,238.9
1990-06-26 08:30:00+05:30,10.77,0.41,45.7,-0.49066269655663186,481.25,251.0,324.55
1990-06-26 09:30:00+05:30,12.1,0.69,42.4,-0.3122086079448749,672.4,428.61,339.15
1990-06-26 10:30:00+05:30,13.65,0.9,38.3,-0.31740391423146724,788.95,451.11,386.15
1990-06-26 11:30:00+05:30,14.97,0.97,38.55,0.9530090393220851,877.75,519.21,377.95
1990-06-26 12:30:00+05:30,15.66,1.1,36.0,0.6172025005646543,811.4,466.29,353.55
1990-06-26 13:30:00+05:30,16.49,1.24,36.15,1.4114009411906725,680.1,365.95,332.65
1990-06-26 14:30:00+05:30,17.34,1.31,33.75,1.2043346723218376,515.95,325.04,234.0
1990-06-26 15:30:00+05:30,17.49,1.24,32.5,0.8109721943829163,393.55,240.59,215.15
1990-06-26 16:30:00+05:30,17.43,1.24,32.5,0.7584056545776989,348.2,316.61,164.5
1990-06-26 17:30:00+05:30,17.18,1.24,32.5,0.5393617297886135,179.8,200.74,100.6
1990-06-26 18:30:00+05:30,16.34,1.24,36.15,1.2783149720842657,46.75,79.38,31.1
1990-06-26 19:30:00+05:30,14.98,0.76,41.65,2.0423823759146305,0.0,0.0,0.0
1990-06-26 20:30:00+05:30,13.81,0.55,46.35,2.482888576062503,0.0,0.0,0.0
1990-06-26 21:30:00+05:30,12.68,0.34,53.6,3.4963234088181463,0.0,0.0,0.0
1990-06-26 22:30:00+05:30,11.77,0.34,55.4,3.117012734334788,0.0,0.0,0.0
1990-06-26 23:30:00+05:30,10.78,0.28,57.4,2.6921888766396522,0.0,0.0,0.0
1990-06-27 00:30:00+05:30,9.57,0.21,61.55,2.537338821264662,0.0,0.0,0.0
1990-06-27 01:30:00+05:30,8.96,0.21,63.8,2.4652335099409712,0.0,0.0,0.0
1990-06-27 02:30:00+05:30,8.19,0.28,68.7,2.774353824032872,0.0,0.0,0.0
1990-06-27 03:30:00+05:30,7.57,0.34,71.25,2.6937635694821473,0.0,0.0,0.0
1990-06-27 04:30:00+05:30,6.99,0.34,73.8,2.630832011789128,0.0,0.0,0.0
1990-06-27 05:30:00+05:30,6.72,0.34,73.8,2.3701567509546804,38.35,0.0,38.35
1990-06-27 06:30:00+05:30,6.95,0.28,73.8,2.5922140735941697,199.7,370.13,108.25
1990-06-27 07:30:00+05:30,8.25,0.34,71.35,3.3674228076473685,310.7,281.16,186.2
1990-06-27 08:30:00+05:30,9.42,0.48,68.9,3.993220518960843,524.8,416.03,265.4
1990-06-27 09:30:00+05:30,10.96,0.76,59.6,3.3932941519049606,577.45,386.03,277.55
1990-06-27 10:30:00+05:30,11.98,0.69,53.35,2.779611860286447,636.3,346.52,327.05
1990-06-27 11:30:00+05:30,12.93,0.55,49.7,2.658771413059885,609.8,269.55,350.4
1990-06-27 12:30:00+05:30,12.91,0.97,49.7,2.6403437384916275,792.55,447.24,353.45
1990-06-27 13:30:00+05:30,13.9,1.45,48.15,3.103154077064385,665.6,366.61,317.5
1990-06-27 14:30:00+05:30,14.21,1.79,48.25,3.417075180648792,623.15,526.19,166.6
1990-06-27 15:30:00+05:30,14.41,1.86,50.1,4.136447204341615,520.0,501.94,147.65
1990-06-27 16:30:00+05:30,13.9,1.79,51.9,4.169148727128956,332.0,335.87,137.0
1990-06-27 17:30:00+05:30,13.1,1.59,55.65,4.422413214964517,196.3,292.09,80.95
1990-06-27 18:30:00+05:30,12.54,1.03,55.5,3.8612242491314257,42.6,89.88,24.85
1990-06-27 19:30:00+05:30,11.79,0.48,57.55,3.6758499741691506,0.0,0.0,0.0
1990-06-27 20:30:00+05:30,10.8,0.14,61.85,3.768835206067048,0.0,0.0,0.0
1990-06-27 21:30:00+05:30,9.52,0.34,71.5,4.618530442501319,0.0,0.0,0.0
1990-06-27 22:30:00+05:30,8.23,0.55,76.85,4.40573664930671,0.0,0.0,0.0
1990-06-27 23:30:00+05:30,6.7,0.69,85.75,4.480159642336379,0.0,0.0,0.0
1990-06-28 00:30:00+05:30,6.34,0.55,85.7,4.118201401679205,0.0,0.0,0.0
1990-06-28 01:30:00+05:30,5.11,0.69,88.85,3.421075495859923,0.0,0.0,0.0
1990-06-28 02:30:00+05:30,4.39,0.76,92.2,3.2340589465556944,0.0,0.0,0.0
1990-06-28 03:30:00+05:30,3.7,0.83,92.15,2.5428377073691704,0.0,0.0,0.0
1990-06-28 04:30:00+05:30,3.57,0.76,88.75,1.8861147143550612,0.0,0.0,0.0
1990-06-28 05:30:00+05:30,3.47,0.83,92.15,2.314988267246994,39.85,0.0,39.85
1990-06-28 06:30:00+05:30,4.51,0.83,85.5,2.2876841403581096,165.25,248.95,104.0
1990-06-28 07:30:00+05:30,6.33,0.9,73.7,1.9745927877293703,217.0,110.56,168.15
1990-06-28 08:30:00+05:30,7.67,0.83,66.05,1.7247602524646677,365.3,208.61,235.4
1990-06-28 09:30:00+05:30,9.04,0.76,63.8,2.541163642101004,528.15,291.99,301.5
1990-06-28 10:30:00+05:30,10.56,0.55,59.5,2.992999707892758,893.45,727.89,244.2
1990-06-28 11:30:00+05:30,12.85,0.62,51.65,3.1286304048290483,852.2,594.98,279.8
1990-06-28 12:30:00+05:30,14.91,0.97,41.65,1.9792233241519475,706.9,431.2,283.6
1990-06-28 13:30:00+05:30,15.52,0.97,40.2,2.0314149289336085,762.25,465.96,319.8
1990-06-28 14:30:00+05:30,16.25,1.1,37.55,1.7290635996920785,685.95,542.62,215.05
1990-06-28 15:30:00+05:30,16.59,1.17,37.55,2.0320369688003863,520.3,523.25,132.0
1990-06-28 16:30:00+05:30,16.7,1.24,36.3,1.6556078735171584,375.3,403.86,140.7
1990-06-28 17:30:00+05:30,16.48,1.17,37.55,1.9340210389968258,147.95,149.78,88.75
1990-06-28 18:30:00+05:30,15.68,0.83,37.4,1.1652657377679352,47.05,108.21,25.65
1990-06-28 19:30:00+05:30,14.73,0.62,40.1,1.2868175670914828,0.0,0.0,0.0
1990-06-28 20:30:00+05:30,12.95,0.62,47.85,2.1433609070434465,0.0,0.0,0.0
1990-06-28 21:30:00+05:30,10.83,0.62,57.4,2.7390538858166806,0.0,0.0,0.0
1990-06-28 22:30:00+05:30,9.74,0.62,64.0,3.249839757093296,0.0,0.0,0.0
1990-06-28 23:30:00+05:30,8.15,0.62,74.05,3.798780845725421,0.0,0.0,0.0
1990-06-29 00:30:00+05:30,8.71,0.34,66.25,2.7586005695804543,0.0,0.0,0.0
1990-06-29 01:30:00+05:30,7.65,0.48,71.25,2.7706811585168096,0.0,0.0,0.0
1990-06-29 02:30:00+05:30,6.97,0.55,76.65,3.146795357811386,0.0,0.0,0.0
1990-06-29 03:30:00+05:30,6.57,0.48,76.65,2.758922245270591,0.0,0.0,0.0
1990-06-29 04:30:00+05:30,5.71,0.55,79.4,2.420022127511825,0.0,0.0,0.0
1990-06-29 05:30:00+05:30,5.84,0.48,79.4,2.5466063138938675,36.75,0.0,36.75
1990-06-29 06:30:00+05:30,7.03,0.34,73.8,2.669449734696319,227.9,483.61,109.45
1990-06-29 07:30:00+05:30,8.67,0.0,68.8,3.2544790900823273,431.7,695.47,125.1
1990-06-29 08:30:00+05:30,10.69,0.55,59.6,3.139128278817632,620.35,707.67,180.3
1990-06-29 09:30:00+05:30,12.46,0.83,55.5,3.7865627150560557,630.95,527.78,221.65
1990-06-29 10:30:00+05:30,13.58,1.03,51.75,3.831694805017573,855.25,706.15,225.75
1990-06-29 11:30:00+05:30,14.95,1.38,43.25,2.545242235811629,822.95,580.16,265.0
1990-06-29 12:30:00+05:30,15.79,1.52,38.85,1.7947304102118113,953.9,785.95,182.45
1990-06-29 13:30:00+05:30,16.39,1.79,37.55,1.8538227254076403,653.45,391.97,281.25
1990-06-29 14:30:00+05:30,16.88,1.93,36.3,1.8153598362199355,644.5,435.38,266.6
1990-06-29 15:30:00+05:30,17.11,2.07,34.9,1.468968429358912,497.4,421.04,184.85
1990-06-29 16:30:00+05:30,16.93,2.0,33.6,0.7816530186643665,340.05,379.06,119.75
1990-06-29 17:30:00+05:30,16.47,2.0,33.5,0.33571687783835996,196.5,277.24,86.85
1990-06-29 18:30:00+05:30,15.77,1.66,36.0,0.7147832572558206,39.35,82.84,22.95
1990-06-29 19:30:00+05:30,14.6,1.03,39.95,1.1178185822525903,0.0,0.0,0.0
1990-06-29 20:30:00+05:30,13.25,0.41,46.2,1.9256819675853094,0.0,0.0,0.0
1990-06-29 21:30:00+05:30,11.25,0.34,53.25,2.07491444651444,0.0,0.0,0.0
1990-06-29 22:30:00+05:30,9.44,0.55,71.5,4.541604018573668,0.0,0.0,0.0
1990-06-29 23:30:00+05:30,8.08,0.55,74.05,3.731183895296617,0.0,0.0,0.0
1990-06-30 00:30:00+05:30,8.58,0.34,66.25,2.6346709304966294,0.0,0.0,0.0
1990-06-30 01:30:00+05:30,7.85,0.41,71.25,2.962970953521285,0.0,0.0,0.0
1990-06-30 02:30:00+05:30,7.51,0.34,73.9,3.1520154935422093,0.0,0.0,0.0
1990-06-30 03:30:00+05:30,7.02,0.34,76.65,3.195278163217017,0.0,0.0,0.0
1990-06-30 04:30:00+05:30,6.18,0.34,79.5,2.8954460651656166,0.0,0.0,0.0
1990-06-30 05:30:00+05:30,5.67,0.34,82.5,2.9211208728493547,41.05,0.0,41.05
1990-06-30 06:30:00+05:30,6.05,0.21,79.4,2.751084766981159,200.15,430.1,95.3
1990-06-30 07:30:00+05:30,7.3,0.34,76.7,3.476032869272987,449.2,701.88,140.5
1990-06-30 08:30:00+05:30,9.41,0.97,63.9,2.9144535355345855,619.4,728.34,167.15
1990-06-30 09:30:00+05:30,11.17,0.97,53.25,2.000580695213493,625.95,467.93,263.4
1990-06-30 10:30:00+05:30,12.39,0.97,47.75,1.600331455920912,902.85,811.36,180.0
1990-06-30 11:30:00+05:30,14.23,1.24,37.0,-0.27517671622162465,866.05,551.4,335.95
1990-06-30 12:30:00+05:30,15.46,1.66,28.4,-2.800299921029837,808.15,436.53,379.75
1990-06-30 13:30:00+05:30,16.33,1.79,27.6,-2.436028806255847,620.0,226.42,405.0
1990-06-30 14:30:00+05:30,16.65,1.93,26.65,-2.634480604614914,679.1,550.64,201.1
1990-06-30 15:30:00+05:30,17.13,2.0,26.65,-2.2231589817393718,480.15,285.32,268.3
1990-06-30 16:30:00+05:30,16.94,2.0,27.7,-1.862038639959783,305.05,230.14,171.25
1990-06-30 17:30:00+05:30,16.28,1.93,28.7,-1.9495939058408427,126.8,98.81,87.7
1990-06-30 18:30:00+05:30,15.2,1.72,31.95,-1.429382301413616,35.1,53.5,24.5
1990-06-30 19:30:00+05:30,13.98,1.45,38.3,-0.022349803917057463,0.0,0.0,0.0
1990-06-30 20:30:00+05:30,12.84,1.1,42.7,0.4550785248783076,0.0,0.0,0.0
1990-06-30 21:30:00+05:30,7.19,0.22,67.06,1.4789932411781153,0.0,0.0,0.0
1990-06-30 22:30:00+05:30,7.72,0.29,65.05,1.5590240078903144,0.0,0.0,0.0
1990-06-30 23:30:00+05:30,8.24,0.36,63.03,1.611919466394353,0.0,0.0,0.0
1990-07-01 00:30:00+05:30,8.77,0.43,61.02,1.660160267587094,0.0,0.0,0.0
1990-07-01 01:30:00+05:30,9.29,0.5,59.01,1.6817172460090466,0.0,0.0,0.0
1990-07-01 02:30:00+05:30,9.82,0.57,57.0,1.6943883227167518,0.0,0.0,0.0
1990-07-01 03:30:00+05:30,10.34,0.65,54.98,1.6756988004417546,0.0,0.0,0.0
1990-07-01 04:30:00+05:30,10.87,0.72,52.97,1.6480582560977854,0.0,0.0,0.0
1990-07-01 05:30:00+05:30,11.39,0.79,50.96,1.588979696814638,51.25,0.0,51.25
1990-07-01 06:30:00+05:30,11.92,0.86,48.95,1.5154154752108784,238.85,483.13,121.65
1990-07-01 07:30:00+05:30,12.45,0.93,46.93,1.4133369474691793,444.95,650.85,159.4
1990-07-01 08:30:00+05:30,12.97,1.01,44.92,1.2774691123081061,645.05,718.54,199.55
1990-07-01 09:30:00+05:30,13.5,1.08,42.91,1.1209784913184484,749.95,646.99,249.15
1990-07-01 10:30:00+05:30,14.02,1.15,40.9,0.9231549643038524,888.7,737.9,231.7
1990-07-01 11:30:00+05:30,14.55,1.22,38.89,0.6991553057450736,961.0,746.97,243.15
1990-07-01 12:30:00+05:30,15.07,1.29,36.87,0.42391944905642137,903.3,667.3,248.55
1990-07-01 13:30:00+05:30,19.5,1.59,25.3,-0.907945932767707,841.2,564.39,305.3
1990-07-01 14:30:00+05:30,20.04,1.72,24.45,-0.917571451834521,648.75,375.45,322.8
1990-07-01 15:30:00+05:30,19.96,1.79,23.5,-1.5265129854450745,514.5,391.23,223.95
1990-07-01 16:30:00+05:30,19.91,1.79,23.5,-1.5686798708554925,339.7,245.03,197.2
1990-07-01 17:30:00+05:30,19.46,1.86,24.35,-1.4648385791613574,161.3,135.28,107.75
1990-07-01 18:30:00+05:30,18.52,1.93,26.0,-1.3700249375745712,30.5,7.82,28.95
1990-07-01 19:30:00+05:30,17.19,1.59,28.95,-1.04460935087,0.0,0.0,0.0
1990-07-01 20:30:00+05:30,16.24,1.17,33.5,0.13340760455638132,0.0,0.0,0.0
1990-07-01 21:30:00+05:30,15.52,0.97,35.85,0.43517008508254246,0.0,0.0,0.0
1990-07-01 22:30:00+05:30,14.47,0.83,44.75,2.5898074481697964,0.0,0.0,0.0
1990-07-01 23:30:00+05:30,13.82,0.62,44.65,1.9669392775754069,0.0,0.0,0.0
1990-07-02 00:30:00+05:30,12.12,0.97,53.5,2.9493724003957116,0.0,0.0,0.0
1990-07-02 01:30:00+05:30,11.66,0.83,55.4,3.014353003590985,0.0,0.0,0.0
1990-07-02 02:30:00+05:30,11.22,0.83,57.4,3.104580779421057,0.0,0.0,0.0
1990-07-02 03:30:00+05:30,10.85,0.55,59.5,3.2659476588686105,0.0,0.0,0.0
1990-07-02 04:30:00+05:30,10.44,0.48,61.65,3.3825324182901446,0.0,0.0,0.0
1990-07-02 05:30:00+05:30,10.0,0.28,64.0,3.496657684547229,37.15,0.0,37.15
1990-07-02 06:30:00+05:30,9.44,0.28,63.9,2.942929984147351,157.4,189.15,111.75
1990-07-02 07:30:00+05:30,9.96,0.28,66.35,3.9715724412794904,304.2,244.96,197.0
1990-07-02 08:30:00+05:30,11.0,0.28,61.75,3.934850739763412,391.1,207.41,262.7
1990-07-02 09:30:00+05:30,12.29,0.28,55.5,3.6279016883902866,640.3,455.4,288.15
1990-07-02 10:30:00+05:30,14.63,0.21,44.9,2.7826117429987662,791.05,609.93,248.35
1990-07-02 11:30:00+05:30,16.43,0.9,39.0,2.4215579516967503,689.5,252.91,446.55
1990-07-02 12:30:00+05:30,16.75,1.31,39.15,2.7620946440743612,865.35,563.42,312.65
1990-07-02 13:30:00+05:30,18.27,1.45,34.05,2.1467042752754746,810.65,528.99,308.4
1990-07-02 14:30:00+05:30,19.11,1.72,30.65,1.4088751868497604,663.95,492.52,236.35
1990-07-02 15:30:00+05:30,19.23,1.93,31.8,2.0288779567259096,483.2,349.17,223.85
1990-07-02 16:30:00+05:30,18.57,2.14,35.35,2.9392427855721945,225.4,113.47,159.4
1990-07-02 17:30:00+05:30,16.92,2.14,39.15,2.914280799123321,81.3,8.46,77.95
1990-07-02 18:30:00+05:30,15.91,1.66,41.9,2.9659037469602567,19.45,5.05,18.45
1990-07-02 19:30:00+05:30,14.72,1.1,46.6,3.390573944639179,0.0,0.0,0.0
1990-07-02 20:30:00+05:30,13.66,0.83,51.9,3.9469697943956628,0.0,0.0,0.0
1990-07-02 21:30:00+05:30,12.89,0.9,57.75,4.756543221835967,0.0,0.0,0.0
1990-07-02 22:30:00+05:30,11.74,0.76,66.75,5.754924820716857,0.0,0.0,0.0
1990-07-02 23:30:00+05:30,10.91,0.48,71.7,5.995435774344816,0.0,0.0,0.0
1990-07-03 00:30:00+05:30,10.44,0.48,77.1,6.595980538372929,0.0,0.0,0.0
1990-07-03 01:30:00+05:30,10.07,0.21,77.1,6.23710610716683,0.0,0.0,0.0
1990-07-03 02:30:00+05:30,9.87,0.48,79.9,6.561170111667083,0.0,0.0,0.0
1990-07-03 03:30:00+05:30,9.66,0.34,79.9,6.356625105261734,0.0,0.0,0.0
1990-07-03 04:30:00+05:30,9.14,0.28,79.9,5.850113593201653,0.0,0.0,0.0
1990-07-03 05:30:00+05:30,9.09,0.21,79.9,5.8014091279838,34.25,0.0,34.25
1990-07-03 06:30:00+05:30,9.06,0.21,77.0,5.238705800125774,144.7,208.92,94.55
1990-07-03 07:30:00+05:30,9.6,0.55,77.0,5.762447512229607,208.8,113.75,159.15
1990-07-03 08:30:00+05:30,10.36,0.55,74.3,5.981389495870504,460.45,455.69,178.8
1990-07-03 09:30:00+05:30,11.49,0.62,69.15,6.0273358453076,651.7,565.26,215.05
1990-07-03 10:30:00+05:30,12.69,0.83,64.55,6.173589748459779,685.3,489.67,249.9
1990-07-03 11:30:00+05:30,13.9,0.69,60.2,6.305225316326319,888.2,612.99,299.6
1990-07-03 12:30:00+05:30,15.49,1.1,52.25,5.737815999034851,714.95,433.2,290.1
1990-07-03 13:30:00+05:30,15.9,1.1,50.5,5.624429875589789,779.5,506.19,298.95
1990-07-03 14:30:00+05:30,16.56,1.17,48.8,5.737008979338569,608.6,347.73,306.7
1990-07-03 15:30:00+05:30,16.58,1.31,47.15,5.259033367474554,383.85,252.02,196.65
1990-07-03 16:30:00+05:30,16.1,1.24,48.8,5.3145226648022295,336.4,354.12,130.4
1990-07-03 17:30:00+05:30,15.42,1.31,52.25,5.672995194774214,141.9,153.69,81.05
1990-07-03 18:30:00+05:30,12.96,1.72,64.55,6.430002296773563,38.25,64.37,25.5
1990-07-03 19:30:00+05:30,11.3,1.31,74.45,6.918567445151704,0.0,0.0,0.0
1990-07-03 20:30:00+05:30,10.57,0.83,77.15,6.731514826399321,0.0,0.0,0.0
1990-07-03 21:30:00+05:30,10.23,0.55,79.95,6.920938285588669,0.0,0.0,0.0
1990-07-03 22:30:00+05:30,9.54,0.14,82.9,6.775913218743402,0.0,0.0,0.0
1990-07-03 23:30:00+05:30,9.37,0.21,82.9,6.6096112302824075,0.0,0.0,0.0
1990-07-04 00:30:00+05:30,8.93,0.28,82.85,6.170418399379781,0.0,0.0,0.0
1990-07-04 01:30:00+05:30,8.53,0.0,79.85,5.246887537323395,0.0,0.0,0.0
1990-07-04 02:30:00+05:30,8.29,0.21,82.75,5.526906720779211,0.0,0.0,0.0
1990-07-04 03:30:00+05:30,8.1,0.28,82.75,5.341058574502181,0.0,0.0,0.0
1990-07-04 04:30:00+05:30,7.96,0.21,82.7,5.195415659732252,0.0,0.0,0.0
1990-07-04 05:30:00+05:30,7.88,0.21,85.85,5.6560711316252705,32.1,0.0,32.1
1990-07-04 06:30:00+05:30,8.48,0.28,79.85,5.198183535118284,176.8,367.18,89.15
1990-07-04 07:30:00+05:30,9.22,0.62,74.2,4.861013327183975,383.55,589.17,127.1
1990-07-04 08:30:00+05:30,10.06,0.83,74.3,5.691658448212113,591.55,660.72,183.85
1990-07-04 09:30:00+05:30,10.71,0.97,71.7,5.803096545348103,670.85,595.02,211.7
1990-07-04 10:30:00+05:30,11.8,0.97,62.0,4.7488541071179275,790.8,603.62,254.45
1990-07-04 11:30:00+05:30,12.92,1.31,55.65,4.2543951319144195,968.25,796.12,204.15
1990-07-04 12:30:00+05:30,13.97,1.72,50.0,3.702407177876003,888.5,670.09,231.5
1990-07-04 13:30:00+05:30,14.96,1.86,44.9,3.0829546069880585,709.85,486.88,247.7
1990-07-04 14:30:00+05:30,15.7,1.79,40.35,2.245455497219233,581.85,476.07,168.55
1990-07-04 15:30:00+05:30,16.04,1.86,38.85,2.018421922318303,485.15,365.91,213.35
1990-07-04 16:30:00+05:30,16.24,1.86,34.8,0.6604387657686615,365.15,398.21,133.5
1990-07-04 17:30:00+05:30,16.13,1.72,33.5,0.03664311845354816,144.85,165.46,79.35
1990-07-04 18:30:00+05:30,15.34,1.59,34.5,-0.25412235151836693,42.1,85.64,25.15
1990-07-04 19:30:00+05:30,14.17,1.17,39.95,0.7315975293849882,0.0,0.0,0.0
1990-07-04 20:30:00+05:30,12.58,0.9,57.75,4.46591659294491,0.0,0.0,0.0
1990-07-04 21:30:00+05:30,11.92,0.76,55.4,3.256998428690979,0.0,0.0,0.0
1990-07-04 22:30:00+05:30,10.83,0.69,55.15,2.176097004787932,0.0,0.0,0.0
1990-07-04 23:30:00+05:30,9.71,0.69,59.25,2.1337373547058296,0.0,0.0,0.0
1990-07-05 00:30:00+05:30,8.39,0.55,66.15,2.432273749708421,0.0,0.0,0.0
1990-07-05 01:30:00+05:30,7.26,0.55,73.9,2.9106297801517296,0.0,0.0,0.0
1990-07-05 02:30:00+05:30,6.2,0.62,76.55,2.3817536910626393,0.0,0.0,0.0
1990-07-05 03:30:00+05:30,5.31,0.55,82.4,2.551937276471815,0.0,0.0,0.0
1990-07-05 04:30:00+05:30,4.69,0.55,85.55,2.4726979886112637,0.0,0.0,0.0
1990-07-05 05:30:00+05:30,4.16,0.62,88.8,2.4760082710141815,40.3,0.0,40.3
1990-07-05 06:30:00+05:30,5.28,0.62,85.6,3.060440602786842,208.1,504.36,88.4
1990-07-05 07:30:00+05:30,7.08,0.41,73.9,2.736826881554954,411.4,650.74,128.95
1990-07-05 08:30:00+05:30,8.91,0.76,66.25,2.949255648440532,614.15,737.0,160.15
1990-07-05 09:30:00+05:30,10.5,0.83,59.35,2.9008554423916335,831.9,873.04,158.95
1990-07-05 10:30:00+05:30,12.29,1.17,47.75,1.5085972136371428,898.15,780.04,205.55
1990-07-05 11:30:00+05:30,13.58,1.24,39.8,0.14957698270432418,997.95,860.35,172.6
1990-07-05 12:30:00+05:30,14.31,1.59,35.6,-0.7341084223719958,949.15,709.16,254.05
1990-07-05 13:30:00+05:30,15.33,1.86,31.95,-1.3155847802374174,800.15,548.23,279.85
1990-07-05 14:30:00+05:30,15.98,2.07,28.55,-2.279906049751749,762.65,708.52,147.6
1990-07-05 15:30:00+05:30,16.62,2.21,25.6,-3.20153311889901,605.1,593.72,164.1
1990-07-05 16:30:00+05:30,16.64,2.21,25.6,-3.1844692649061077,409.4,494.44,121.8
1990-07-05 17:30:00+05:30,16.12,2.28,26.5,-3.1646704101199052,182.9,261.91,79.25
1990-07-05 18:30:00+05:30,14.93,1.93,31.8,-1.7297825388306955,55.35,129.76,29.7
1990-07-05 19:30:00+05:30,13.64,1.24,36.85,-0.8562799018872301,0.0,0.0,0.0
1990-07-05 20:30:00+05:30,12.14,0.9,53.5,2.967960989358394,0.0,0.0,0.0
1990-07-05 21:30:00+05:30,11.93,0.41,45.8,0.5988111636163852,0.0,0.0,0.0
1990-07-05 22:30:00+05:30,11.17,0.28,45.7,-0.12538338287575393,0.0,0.0,0.0
1990-07-05 23:30:00+05:30,10.11,0.41,49.05,-0.1222705470751242,0.0,0.0,0.0
1990-07-06 00:30:00+05:30,8.87,0.48,52.7,-0.28024543922212125,0.0,0.0,0.0
1990-07-06 01:30:00+05:30,7.71,0.55,58.9,0.16946842634859052,0.0,0.0,0.0
1990-07-06 02:30:00+05:30,6.09,0.69,65.75,0.15564850575438338,0.0,0.0,0.0
1990-07-06 03:30:00+05:30,4.92,0.76,73.45,0.5661541597822404,0.0,0.0,0.0
1990-07-06 04:30:00+05:30,3.79,0.83,79.15,0.5065650572751407,0.0,0.0,0.0
1990-07-06 05:30:00+05:30,3.36,0.9,82.2,0.6111240898096334,40.85,0.0,40.85
1990-07-06 06:30:00+05:30,3.58,0.9,76.15,-0.2311930867093836,274.75,822.36,80.75
1990-07-06 07:30:00+05:30,6.33,0.76,70.95,1.4424924026149109,503.95,924.02,104.05
1990-07-06 08:30:00+05:30,9.87,0.69,52.85,0.6877485846373274,709.7,957.66,120.8
1990-07-06 09:30:00+05:30,12.24,0.83,44.2,0.3886502020837866,879.9,967.8,134.75
1990-07-06 10:30:00+05:30,14.13,0.97,37.0,-0.3642236289054607,997.05,954.48,150.2
1990-07-06 11:30:00+05:30,15.75,1.1,30.85,-1.4266882854925562,1025.9,864.9,196.6
1990-07-06 12:30:00+05:30,17.23,1.59,23.8,-3.6610648446711194,988.0,758.79,244.5
1990-07-06 13:30:00+05:30,18.64,2.0,19.85,-4.8975035474464015,825.4,548.13,305.3
1990-07-06 14:30:00+05:30,19.46,2.21,18.45,-5.189034665141581,679.75,451.17,288.15
1990-07-06 15:30:00+05:30,19.75,2.41,17.15,-5.914556760736747,541.55,457.33,201.9
1990-07-06 16:30:00+05:30,19.59,2.62,17.15,-6.044847348324695,389.65,417.33,146.95
1990-07-06 17:30:00+05:30,18.79,2.55,19.1,-5.282955488356555,205.75,274.55,97.15
1990-07-06 18:30:00+05:30,17.44,2.34,22.9,-3.99907411431878,39.05,65.87,26.05
1990-07-06 19:30:00+05:30,15.28,1.86,30.7,-1.902657708139953,0.0,0.0,0.0
1990-07-06 20:30:00+05:30,13.74,1.52,38.3,-0.23693052012782853,0.0,0.0,0.0
1990-07-06 21:30:00+05:30,11.92,1.31,55.4,3.256998428690979,0.0,0.0,0.0
1990-07-06 22:30:00+05:30,11.36,0.97,53.25,2.1771206008703987,0.0,0.0,0.0
1990-07-06 23:30:00+05:30,10.97,0.69,53.1,1.7752397486095028,0.0,0.0,0.0
1990-07-07 00:30:00+05:30,10.49,0.48,55.05,1.8334367691374576,0.0,0.0,0.0
1990-07-07 01:30:00+05:30,9.29,0.55,57.05,1.2100783699788524,0.0,0.0,0.0
1990-07-07 02:30:00+05:30,7.71,0.62,66.05,1.7628861035480101,0.0,0.0,0.0
1990-07-07 03:30:00+05:30,6.75,0.55,71.05,1.86591368931072,0.0,0.0,0.0
1990-07-07 04:30:00+05:30,5.95,0.55,76.5,2.130174311296451,0.0,0.0,0.0
1990-07-07 05:30:00+05:30,4.92,0.55,82.35,2.162017095521138,35.65,0.0,35.65
1990-07-07 06:30:00+05:30,4.9,0.48,82.35,2.142459369512585,243.95,689.09,82.4
1990-07-07 07:30:00+05:30,6.99,0.34,73.9,2.6499238043629294,447.65,744.63,126.35
1990-07-07 08:30:00+05:30,9.32,0.76,63.9,2.8290231455002384,688.95,903.26,134.5
1990-07-07 09:30:00+05:30,11.6,1.03,51.35,1.8899008638078383,769.6,712.38,221.75
1990-07-07 10:30:00+05:30,13.32,1.17,39.65,-0.13599441281654187,924.75,796.74,218.4
1990-07-07 11:30:00+05:30,15.21,1.52,29.55,-2.48086285924196,912.6,675.65,265.1
1990-07-07 12:30:00+05:30,16.33,1.72,24.5,-4.036461910438193,905.6,674.11,245.3
1990-07-07 13:30:00+05:30,17.51,1.93,20.3,-5.5387765957973505,880.4,600.92,310.35
1990-07-07 14:30:00+05:30,18.63,2.28,16.95,-6.979709775870124,737.25,515.78,289.65
1990-07-07 15:30:00+05:30,19.19,2.62,15.1,-8.024682702126336,528.15,429.2,209.45
1990-07-07 16:30:00+05:30,18.83,2.69,15.6,-7.893880454901021,424.0,478.34,145.9
1990-07-07 17:30:00+05:30,18.15,2.69,16.15,-7.996049490136244,224.15,327.1,94.85
1990-07-07 18:30:00+05:30,16.25,2.62,23.55,-4.630638707505226,54.05,119.31,30.55
1990-07-07 19:30:00+05:30,14.01,2.07,34.1,-1.5877587417905836,0.0,0.0,0.0
1990-07-07 20:30:00+05:30,12.54,1.59,41.1,-0.34321557390096796,0.0,0.0,0.0
1990-07-07 21:30:00+05:30,11.33,0.97,53.25,2.1492465113421644,0.0,0.0,0.0
1990-07-07 22:30:00+05:30,10.85,0.55,51.1,1.1279288056778596,0.0,0.0,0.0
1990-07-07 23:30:00+05:30,9.84,0.28,54.9,1.1889768081627465,0.0,0.0,0.0
1990-07-08 00:30:00+05:30,8.7,0.41,59.15,1.1597151141981943,0.0,0.0,0.0
1990-07-08 01:30:00+05:30,7.68,0.55,63.6,1.2064219297551548,0.0,0.0,0.0
1990-07-08 02:30:00+05:30,6.98,0.62,65.95,1.0459558448327604,0.0,0.0,0.0
1990-07-08 03:30:00+05:30,5.96,0.69,76.5,2.139869930284128,0.0,0.0,0.0
1990-07-08 04:30:00+05:30,4.72,0.69,79.3,1.4383811281854137,0.0,0.0,0.0
1990-07-08 05:30:00+05:30,4.12,0.69,82.3,1.3712054363762518,41.5,0.0,41.5
1990-07-08 06:30:00+05:30,4.08,0.83,82.3,1.3320898552995706,217.8,524.18,95.7
1990-07-08 07:30:00+05:30,5.7,0.83,73.65,1.3569043073355638,419.6,617.9,153.8
1990-07-08 08:30:00+05:30,8.18,0.62,63.7,1.7028995520281016,603.95,636.52,213.95
1990-07-08 09:30:00+05:30,10.45,0.76,55.05,1.7961206341405362,770.9,704.76,229.55
1990-07-08 10:30:00+05:30,12.46,1.03,42.55,0.06234709727524494,873.5,671.96,278.25
1990-07-08 11:30:00+05:30,14.41,1.24,32.95,-1.7025011581388538,1001.75,842.44,194.85
1990-07-08 12:30:00+05:30,15.53,1.66,28.4,-2.7398384621411576,1013.75,843.29,188.05
1990-07-08 13:30:00+05:30,16.94,1.86,22.75,-4.507622573292872,923.7,819.03,146.95
1990-07-08 14:30:00+05:30,17.8,2.0,18.85,-6.272275282188488,830.75,765.43,166.65
1990-07-08 15:30:00+05:30,18.21,2.28,16.8,-7.436915025175093,622.55,594.05,181.55
1990-07-08 16:30:00+05:30,18.09,2.34,16.15,-8.04464273279876,399.75,404.71,164.55
1990-07-08 17:30:00+05:30,17.46,2.28,17.3,-7.668174210009787,232.2,376.87,83.35
1990-07-08 18:30:00+05:30,16.44,2.07,20.05,-6.590164710882303,55.75,136.9,28.85
1990-07-08 19:30:00+05:30,14.96,1.45,25.1,-4.880160869465728,0.0,0.0,0.0
1990-07-08 20:30:00+05:30,13.85,0.97,29.15,-3.843686162419956,0.0,0.0,0.0
1990-07-08 21:30:00+05:30,12.49,0.76,40.95,-0.43858197038126084,0.0,0.0,0.0
1990-07-08 22:30:00+05:30,11.98,0.62,36.3,-2.5380228848926043,0.0,0.0,0.0
1990-07-08 23:30:00+05:30,10.9,0.55,38.95,-2.5506507090050077,0.0,0.0,0.0
1990-07-09 00:30:00+05:30,9.68,0.55,40.25,-3.204818968366787,0.0,0.0,0.0
1990-07-09 01:30:00+05:30,8.59,0.62,43.4,-3.178348641082009,0.0,0.0,0.0
1990-07-09 02:30:00+05:30,6.78,0.69,50.2,-2.8783936019383654,0.0,0.0,0.0
1990-07-09 03:30:00+05:30,4.63,0.83,58.2,-2.8903749178156195,0.0,0.0,0.0
1990-07-09 04:30:00+05:30,3.45,0.97,65.2,-2.474364433298584,0.0,0.0,0.0
1990-07-09 05:30:00+05:30,2.46,0.97,70.3,-2.4030308272995353,40.25,0.0,40.25
1990-07-09 06:30:00+05:30,2.89,1.03,70.3,-1.9899064513214195,282.15,873.19,80.1
1990-07-09 07:30:00+05:30,5.84,1.03,58.45,-1.6945800393382155,502.55,926.88,105.1
1990-07-09 08:30:00+05:30,9.8,0.69,40.25,-3.0967422725358253,708.25,952.98,125.45
1990-07-09 09:30:00+05:30,12.48,0.41,32.35,-3.645622504644424,881.3,972.51,135.2
1990-07-09 10:30:00+05:30,14.83,0.69,26.1,-4.47267381795857,1003.95,970.85,144.65
1990-07-09 11:30:00+05:30,16.73,0.97,21.0,-5.741988671206564,1062.6,971.31,132.8
1990-07-09 12:30:00+05:30,18.01,1.31,18.85,-6.099249531540551,988.25,758.06,246.3
1990-07-09 13:30:00+05:30,19.28,1.79,15.7,-7.448259951765968,869.8,647.99,255.45
1990-07-09 14:30:00+05:30,20.2,2.21,14.6,-7.650359071166373,781.25,692.26,180.8
1990-07-09 15:30:00+05:30,20.49,2.41,14.6,-7.418486400947409,614.5,577.53,185.9
1990-07-09 16:30:00+05:30,20.39,2.48,14.6,-7.498436392647229,392.65,457.17,127.1
1990-07-09 17:30:00+05:30,19.52,2.48,15.7,-7.254680998243241,236.6,416.28,72.35
1990-07-09 18:30:00+05:30,18.22,2.21,18.25,-6.350329603177048,54.15,135.24,27.65
1990-07-09 19:30:00+05:30,16.5,1.59,21.75,-5.472203957129584,0.0,0.0,0.0
1990-07-09 20:30:00+05:30,15.27,1.1,24.25,-5.072617642774222,0.0,0.0,0.0
1990-07-09 21:30:00+05:30,13.68,1.03,34.1,-1.8789594822778615,0.0,0.0,0.0
1990-07-09 22:30:00+05:30,13.33,0.83,30.15,-3.844650814803629,0.0,0.0,0.0
1990-07-09 23:30:00+05:30,12.42,0.62,33.7,-3.149957110626703,0.0,0.0,0.0
1990-07-10 00:30:00+05:30,11.59,0.48,34.9,-3.4136427112674843,0.0,0.0,0.0
1990-07-10 01:30:00+05:30,10.75,0.41,38.95,-2.6851901448767825,0.0,0.0,0.0
1990-07-10 02:30:00+05:30,9.88,0.48,41.85,-2.4989765160537183,0.0,0.0,0.0
1990-07-10 03:30:00+05:30,9.01,0.55,41.85,-3.2860557010772675,0.0,0.0,0.0
1990-07-10 04:30:00+05:30,8.1,0.55,46.8,-2.609462715228124,0.0,0.0,0.0
1990-07-10 05:30:00+05:30,7.22,0.55,50.35,-2.4314337667728227,38.4,0.0,38.4
1990-07-10 06:30:00+05:30,7.37,0.41,50.35,-2.292780006954736,273.4,844.82,79.25
1990-07-10 07:30:00+05:30,10.24,0.28,40.4,-2.650303813768839,492.1,925.09,96.7
1990-07-10 08:30:00+05:30,12.13,0.9,40.95,-0.7631089489198452,706.8,981.85,107.5
1990-07-10 09:30:00+05:30,14.06,1.03,37.0,-0.4265587886854777,878.1,991.93,118.05
1990-07-10 10:30:00+05:30,15.99,1.1,32.1,-0.6737044000058873,997.6,985.75,125.85
1990-07-10 11:30:00+05:30,17.78,1.24,25.9,-2.054214884636829,1045.45,932.33,153.5
1990-07-10 12:30:00+05:30,18.98,1.45,21.5,-3.5508851925619416,1028.5,860.76,186.4
1990-07-10 13:30:00+05:30,20.45,1.79,17.15,-5.3447174639219535,913.25,715.9,234.75
1990-07-10 14:30:00+05:30,21.28,2.14,15.4,-6.089511938566639,723.95,487.26,301.45
1990-07-10 15:30:00+05:30,21.54,2.34,15.4,-5.880575271786898,502.25,434.67,179.8
1990-07-10 16:30:00+05:30,21.09,2.34,16.6,-5.255278842687985,421.25,524.55,116.75
1990-07-10 17:30:00+05:30,20.66,2.28,17.25,-5.096955727734072,215.65,321.24,89.05
1990-07-10 18:30:00+05:30,19.41,2.07,19.2,-4.702529502519962,48.95,119.04,25.7
1990-07-10 19:30:00+05:30,17.68,1.52,23.0,-3.7386865289957476,0.0,0.0,0.0
1990-07-10 20:30:00+05:30,16.37,1.17,26.5,-2.950496961542255,0.0,0.0,0.0
1990-07-10 21:30:00+05:30,14.82,0.97,34.35,-0.7730777847689757,0.0,0.0,0.0
1990-07-10 22:30:00+05:30,14.27,0.83,32.95,-1.8255350165517688,0.0,0.0,0.0
1990-07-10 23:30:00+05:30,13.27,0.69,36.7,-1.2414263508480405,0.0,0.0,0.0
1990-07-11 00:30:00+05:30,12.16,0.55,40.95,-0.7360632679750476,0.0,0.0,0.0
1990-07-11 01:30:00+05:30,11.23,0.55,43.95,-0.6078433901331161,0.0,0.0,0.0
1990-07-11 02:30:00+05:30,10.18,0.55,47.2,-0.5868878428843767,0.0,0.0,0.0
1990-07-11 03:30:00+05:30,9.2,0.62,50.85,-0.4659733592399551,0.0,0.0,0.0
1990-07-11 04:30:00+05:30,8.21,0.69,54.65,-0.39456314886802174,0.0,0.0,0.0
1990-07-11 05:30:00+05:30,7.47,0.69,56.55,-0.6165665489639365,38.9,0.0,38.9
1990-07-11 06:30:00+05:30,7.88,0.48,54.55,-0.7274905283145492,274.7,874.47,75.15
1990-07-11 07:30:00+05:30,10.6,0.55,43.8,-1.227338206175709,493.95,934.28,95.95
1990-07-11 08:30:00+05:30,12.82,0.83,39.5,-0.6369802696945547,703.75,972.95,111.05
1990-07-11 09:30:00+05:30,14.96,1.03,34.35,-0.6494968680822043,862.3,970.86,119.35
1990-07-11 10:30:00+05:30,16.9,1.1,28.8,-1.3663184324074744,1000.5,994.94,121.4
1990-07-11 11:30:00+05:30,18.66,1.24,24.2,-2.226315729417211,992.25,872.61,157.95
1990-07-11 12:30:00+05:30,19.92,1.45,21.75,-2.60978311442952,982.5,757.42,241.85
1990-07-11 13:30:00+05:30,21.24,1.66,18.8,-3.4767944394538737,818.65,503.06,342.05
1990-07-11 14:30:00+05:30,22.01,2.07,17.5,-3.806062939893722,625.75,358.11,315.35
1990-07-11 15:30:00+05:30,21.9,2.28,18.2,-3.3705759902007366,620.8,614.5,165.15
1990-07-11 16:30:00+05:30,22.09,2.34,18.2,-3.215093402998218,407.7,433.47,156.25
1990-07-11 17:30:00+05:30,21.37,2.28,18.8,-3.3699720866720453,216.6,333.88,85.2
1990-07-11 18:30:00+05:30,20.16,2.0,21.75,-2.409150851563616,53.75,131.81,28.1
1990-07-11 19:30:00+05:30,18.57,1.38,25.05,-1.8342781708098752,0.0,0.0,0.0
1990-07-11 20:30:00+05:30,17.34,1.1,28.95,-0.9148934227267966,0.0,0.0,0.0
1990-07-11 21:30:00+05:30,15.69,0.97,36.0,0.6438159124489159,0.0,0.0,0.0
1990-07-11 22:30:00+05:30,14.6,0.9,37.15,0.11012528173929231,0.0,0.0,0.0
1990-07-11 23:30:00+05:30,13.48,0.76,42.8,1.0671280677059916,0.0,0.0,0.0
1990-07-12 00:30:00+05:30,12.86,0.62,44.35,0.9994956861696351,0.0,0.0,0.0
1990-07-12 01:30:00+05:30,11.86,0.62,47.6,1.070301893698179,0.0,0.0,0.0
1990-07-12 02:30:00+05:30,10.84,0.62,51.1,1.1186797456957032,0.0,0.0,0.0
1990-07-12 03:30:00+05:30,9.88,0.69,57.05,1.7628684892790127,0.0,0.0,0.0
1990-07-12 04:30:00+05:30,8.9,0.69,59.15,1.3479126957296526,0.0,0.0,0.0
1990-07-12 05:30:00+05:30,7.94,0.69,63.6,1.4531664591365079,37.6,0.0,37.6
1990-07-12 06:30:00+05:30,8.42,0.62,61.3,1.3935054665072562,272.6,868.05,75.95
1990-07-12 07:30:00+05:30,10.85,0.62,53.1,1.663765588555775,484.55,918.73,94.5
1990-07-12 08:30:00+05:30,13.58,0.69,41.35,0.6785314461035274,682.2,938.81,111.45
1990-07-12 09:30:00+05:30,15.73,0.97,34.65,0.15012516330817635,801.4,858.3,145.45
1990-07-12 10:30:00+05:30,17.55,1.1,30.1,-0.19786710953767633,972.55,944.07,139.15
1990-07-12 11:30:00+05:30,19.46,1.24,26.3,-0.41007070052130623,969.0,801.96,202.75
1990-07-12 12:30:00+05:30,20.89,1.66,23.65,-0.6551592523554258,894.55,638.54,270.45
1990-07-12 13:30:00+05:30,22.17,2.07,19.8,-2.0115695144546626,858.15,596.67,293.1
1990-07-12 14:30:00+05:30,23.05,2.34,17.75,-2.767922703056702,740.7,540.45,272.45
1990-07-12 15:30:00+05:30,23.34,2.41,16.5,-3.5141714118893073,593.65,541.56,192.3
1990-07-12 16:30:00+05:30,23.15,2.41,16.5,-3.6678153821640973,410.25,484.56,129.4
1990-07-12 17:30:00+05:30,22.34,2.28,18.3,-2.936776189362114,231.65,404.4,72.75
1990-07-12 18:30:00+05:30,21.11,2.0,21.05,-2.0598665126582936,52.0,121.0,28.55
1990-07-12 19:30:00+05:30,19.41,1.31,24.35,-1.5071878032325388,0.0,0.0,0.0
1990-07-12 20:30:00+05:30,18.12,1.1,28.1,-0.6502216858412032,0.0,0.0,0.0
1990-07-12 21:30:00+05:30,16.48,1.03,36.15,1.402528821150012,0.0,0.0,0.0
1990-07-12 22:30:00+05:30,15.09,0.83,38.7,1.1143905212419696,0.0,0.0,0.0
1990-07-12 23:30:00+05:30,13.85,0.76,44.65,1.994235076635932,0.0,0.0,0.0
1990-07-13 00:30:00+05:30,13.65,0.69,42.95,1.2698422866383405,0.0,0.0,0.0
1990-07-13 01:30:00+05:30,12.72,0.62,47.85,1.9323561502624682,0.0,0.0,0.0
1990-07-13 02:30:00+05:30,11.72,0.55,51.35,2.000924289531724,0.0,0.0,0.0
1990-07-13 03:30:00+05:30,10.79,0.69,55.15,2.1387765296544887,0.0,0.0,0.0
1990-07-13 04:30:00+05:30,9.82,0.69,59.25,2.23724229571998,0.0,0.0,0.0
1990-07-13 05:30:00+05:30,8.57,0.76,61.45,1.5693940951891254,37.2,0.0,37.2
1990-07-13 06:30:00+05:30,8.79,0.69,61.45,1.7773209057253816,258.3,786.05,81.55
1990-07-13 07:30:00+05:30,10.75,0.55,57.3,2.6394826698427085,468.65,851.38,108.45
1990-07-13 08:30:00+05:30,13.88,0.76,44.65,2.021530581654403,675.55,905.05,126.45
1990-07-13 09:30:00+05:30,15.98,1.1,41.9,3.029081695332049,823.95,883.23,149.85
1990-07-13 10:30:00+05:30,17.86,1.31,35.2,2.251645087586827,821.25,702.7,201.5
1990-07-13 11:30:00+05:30,19.36,1.52,29.5,1.0926652339728775,887.3,661.16,256.0
1990-07-13 12:30:00+05:30,21.07,1.86,25.55,0.5631356032733896,827.75,516.29,323.4
1990-07-13 13:30:00+05:30,22.12,2.07,21.4,-0.9940460050971842,711.55,397.54,335.25
1990-07-13 14:30:00+05:30,22.67,2.21,19.95,-1.4958228405260685,649.05,403.0,300.05
1990-07-13 15:30:00+05:30,22.97,2.34,19.95,-1.2479207494224314,607.15,619.87,148.05
1990-07-13 16:30:00+05:30,22.97,2.48,19.95,-1.2479207494224314,357.7,387.18,133.5
1990-07-13 17:30:00+05:30,21.92,2.48,22.15,-0.6890356455083646,222.85,372.35,76.8
1990-07-13 18:30:00+05:30,20.36,2.28,27.45,0.9523753322223343,51.55,125.17,27.4
1990-07-13 19:30:00+05:30,18.37,1.59,32.75,1.688929357246587,0.0,0.0,0.0
1990-07-13 20:30:00+05:30,16.97,1.1,37.65,2.408023195040797,0.0,0.0,0.0
1990-07-13 21:30:00+05:30,15.72,0.76,41.9,2.7944121425832193,0.0,0.0,0.0
1990-07-13 22:30:00+05:30,14.36,0.69,46.5,3.0311066980396886,0.0,0.0,0.0
1990-07-13 23:30:00+05:30,12.88,0.69,53.6,3.682215264447758,0.0,0.0,0.0
1990-07-14 00:30:00+05:30,11.07,0.9,61.85,4.024081861204948,0.0,0.0,0.0
1990-07-14 01:30:00+05:30,9.88,0.9,68.9,4.433646004863871,0.0,0.0,0.0
1990-07-14 02:30:00+05:30,8.86,0.9,68.8,3.4363909586534183,0.0,0.0,0.0
1990-07-14 03:30:00+05:30,7.81,0.9,73.95,3.451266167193331,0.0,0.0,0.0
1990-07-14 04:30:00+05:30,6.88,0.9,76.65,3.0595255612446985,0.0,0.0,0.0
1990-07-14 05:30:00+05:30,6.27,0.9,79.5,2.9830897517222374,36.15,0.0,36.15
1990-07-14 06:30:00+05:30,6.63,0.83,73.8,2.283262817458859,231.6,651.39,86.25
1990-07-14 07:30:00+05:30,8.85,0.83,61.45,1.834026463052494,425.3,692.87,133.2
1990-07-14 08:30:00+05:30,11.85,0.76,51.35,2.1211951675490055,599.05,706.02,171.6
1990-07-14 09:30:00+05:30,14.08,0.83,46.5,2.7751919018197193,811.6,824.88,182.9
1990-07-14 10:30:00+05:30,16.4,1.1,42.05,3.458823911278929,905.95,837.17,168.3
1990-07-14 11:30:00+05:30,18.38,1.31,35.35,2.77125506104995,912.15,722.57,222.7
1990-07-14 12:30:00+05:30,20.15,1.79,27.45,0.7721620743042164,912.0,701.1,227.5
1990-07-14 13:30:00+05:30,21.52,2.0,23.8,-0.03671284716760055,806.8,570.77,266.8
1990-07-14 14:30:00+05:30,22.34,2.21,20.6,-1.3318086830804028,740.1,576.69,240.95
1990-07-14 15:30:00+05:30,22.83,2.28,19.15,-1.9206996347020557,642.1,693.79,128.6
1990-07-14 16:30:00+05:30,22.74,2.28,19.15,-1.9947297260971286,445.95,597.55,100.3
1990-07-14 17:30:00+05:30,21.96,2.21,21.3,-1.191394646864197,228.2,397.34,72.65
1990-07-14 18:30:00+05:30,20.5,2.0,25.4,-0.0031606433043605163,50.1,120.33,27.0
1990-07-14 19:30:00+05:30,18.44,1.59,31.55,1.228882817077468,0.0,0.0,0.0
1990-07-14 20:30:00+05:30,16.61,1.17,37.65,2.0871813663556185,0.0,0.0,0.0
1990-07-14 21:30:00+05:30,15.05,0.97,44.9,3.164860162543311,0.0,0.0,0.0
1990-07-14 22:30:00+05:30,13.48,0.83,49.85,3.2081654660146364,0.0,0.0,0.0
1990-07-14 23:30:00+05:30,11.93,0.9,55.4,3.2663306094473232,0.0,0.0,0.0
1990-07-15 00:30:00+05:30,10.44,0.97,64.0,3.914319884888484,0.0,0.0,0.0
1990-07-15 01:30:00+05:30,9.32,0.97,63.9,2.8290231455002384,0.0,0.0,0.0
1990-07-15 02:30:00+05:30,8.25,0.97,68.7,2.8317954320449603,0.0,0.0,0.0
1990-07-15 03:30:00+05:30,7.28,1.03,73.9,2.9299409453685104,0.0,0.0,0.0
1990-07-15 04:30:00+05:30,6.4,1.03,79.5,3.109684715984501,0.0,0.0,0.0
1990-07-15 05:30:00+05:30,5.77,0.97,79.4,2.478445815455584,36.15,0.0,36.15
1990-07-15 06:30:00+05:30,6.47,0.97,71.05,1.5967468604112305,247.65,756.82,80.1
1990-07-15 07:30:00+05:30,8.88,0.97,59.15,1.329093340371965,470.1,862.39,107.85
1990-07-15 08:30:00+05:30,11.88,0.9,47.6,1.0886450110361967,666.2,897.47,124.0
1990-07-15 09:30:00+05:30,14.77,1.03,41.65,1.8529000685666503,763.15,782.93,167.25
1990-07-15 10:30:00+05:30,16.91,1.17,37.65,2.3545530102688557,926.9,873.21,158.25
1990-07-15 11:30:00+05:30,19.12,1.24,31.8,1.9328268646573288,905.2,668.35,267.95
1990-07-15 12:30:00+05:30,20.45,1.59,30.75,2.6195827680990242,892.9,648.63,260.0
1990-07-15 13:30:00+05:30,21.5,1.72,28.8,2.60515002885703,884.55,726.06,198.0
1990-07-15 14:30:00+05:30,22.26,1.93,26.95,2.3231257538912757,769.05,666.8,192.25
1990-07-15 15:30:00+05:30,22.44,2.48,26.95,2.4770885332973345,538.85,525.44,150.25
1990-07-15 16:30:00+05:30,21.82,2.34,27.85,2.4081193695008234,408.7,521.84,107.2
1990-07-15 17:30:00+05:30,21.42,2.28,29.9,3.06533948507085,169.0,219.64,83.2
1990-07-15 18:30:00+05:30,20.31,2.07,31.95,3.038191342206464,43.25,82.49,27.5
1990-07-15 19:30:00+05:30,19.19,1.66,33.05,2.535892445386156,0.0,0.0,0.0
1990-07-15 20:30:00+05:30,18.38,1.17,36.7,3.3013766389391144,0.0,0.0,0.0
1990-07-15 21:30:00+05:30,17.45,0.9,43.9,5.023861444922023,0.0,0.0,0.0
1990-07-15 22:30:00+05:30,16.48,0.83,45.3,4.59287546117857,0.0,0.0,0.0
1990-07-15 23:30:00+05:30,15.73,0.83,46.9,4.40535400020696,0.0,0.0,0.0
1990-07-16 00:30:00+05:30,15.18,0.55,48.55,4.395887186975641,0.0,0.0,0.0
1990-07-16 01:30:00+05:30,14.45,0.62,52.0,4.70584468862629,0.0,0.0,0.0
1990-07-16 02:30:00+05:30,13.34,0.55,57.9,5.215719771060971,0.0,0.0,0.0
1990-07-16 03:30:00+05:30,12.59,0.55,59.95,5.0114891079549295,0.0,0.0,0.0
1990-07-16 04:30:00+05:30,11.75,0.48,66.75,5.7644606512853915,0.0,0.0,0.0
1990-07-16 05:30:00+05:30,11.04,0.41,69.15,5.596421885318296,34.8,0.0,34.8
1990-07-16 06:30:00+05:30,11.07,0.41,71.75,6.159414730037057,184.35,418.47,92.45
1990-07-16 07:30:00+05:30,11.78,0.34,71.85,6.862526263601592,351.2,494.62,144.2
1990-07-16 08:30:00+05:30,13.57,0.62,60.2,5.994427953450197,501.8,535.8,178.8
1990-07-16 09:30:00+05:30,15.19,1.03,52.25,5.460003234782469,707.3,682.34,188.7
1990-07-16 10:30:00+05:30,16.86,1.52,45.45,4.98634276149868,766.65,606.96,232.9
1990-07-16 11:30:00+05:30,18.25,1.86,38.1,3.717265454322833,954.4,771.35,219.5
1990-07-16 12:30:00+05:30,19.51,1.86,38.35,4.934649261897574,897.05,665.75,247.85
1990-07-16 13:30:00+05:30,20.53,2.0,37.1,5.365823562696351,795.5,565.9,260.7
1990-07-16 14:30:00+05:30,20.66,2.07,37.25,5.539522881192871,643.95,382.54,313.25
1990-07-16 15:30:00+05:30,20.56,2.14,38.5,5.927639379931711,379.9,260.3,187.55
1990-07-16 16:30:00+05:30,19.94,1.79,38.5,5.374469098363931,293.5,243.93,152.75
1990-07-16 17:30:00+05:30,18.83,2.14,42.7,5.873300984181105,162.4,217.85,77.5
1990-07-16 18:30:00+05:30,15.31,1.59,60.5,7.705897585666267,27.7,54.79,17.3
1990-07-16 19:30:00+05:30,14.34,0.34,67.25,8.343760347028264,0.0,0.0,0.0
1990-07-16 20:30:00+05:30,13.84,0.28,69.65,8.383471854786753,0.0,0.0,0.0
1990-07-16 21:30:00+05:30,13.24,0.48,72.1,8.317833805422955,0.0,0.0,0.0
1990-07-16 22:30:00+05:30,12.83,0.62,74.7,8.44568624887061,0.0,0.0,0.0
1990-07-16 23:30:00+05:30,12.11,0.83,77.35,8.263314608249665,0.0,0.0,0.0
1990-07-17 00:30:00+05:30,11.53,0.69,80.15,8.223955664199954,0.0,0.0,0.0
1990-07-17 01:30:00+05:30,11.23,0.76,80.1,7.9225093368959305,0.0,0.0,0.0
1990-07-17 02:30:00+05:30,10.62,1.03,83.0,7.850087139596137,0.0,0.0,0.0
1990-07-17 03:30:00+05:30,10.35,1.1,86.0,8.108001719556789,0.0,0.0,0.0
1990-07-17 04:30:00+05:30,10.22,1.1,86.0,7.98029072683374,0.0,0.0,0.0
1990-07-17 05:30:00+05:30,10.26,0.76,82.95,7.489063583067485,25.95,0.0,25.95
1990-07-17 06:30:00+05:30,9.34,0.55,85.95,7.1072543640462555,155.2,271.81,96.0
1990-07-17 07:30:00+05:30,10.14,0.55,77.1,6.30500248767231,349.25,391.79,185.9
1990-07-17 08:30:00+05:30,10.82,0.76,71.7,5.908883846384842,468.6,438.32,204.95
1990-07-17 09:30:00+05:30,11.67,1.03,66.75,5.688173514679909,708.45,632.41,228.5
1990-07-17 10:30:00+05:30,12.64,1.38,64.55,6.126104430104618,814.05,598.59,288.2
1990-07-17 11:30:00+05:30,13.83,1.52,60.2,6.239300573683548,759.9,511.5,272.95
1990-07-17 12:30:00+05:30,14.13,1.59,62.55,7.080179363384652,813.15,512.46,313.75
1990-07-17 13:30:00+05:30,15.03,1.59,60.4,7.417882457667909,711.7,424.85,310.45
1990-07-17 14:30:00+05:30,15.25,1.86,58.35,7.119322162377471,394.45,161.08,255.3
1990-07-17 15:30:00+05:30,14.76,1.59,60.4,7.163562932251822,290.5,175.21,161.15
1990-07-17 16:30:00+05:30,13.6,0.97,64.75,7.082940258727799,330.45,334.52,137.7
1990-07-17 17:30:00+05:30,13.8,0.48,67.15,7.806721070238739,164.0,224.45,76.75
1990-07-17 18:30:00+05:30,13.43,0.48,67.05,7.431928562481249,38.85,63.1,26.95
1990-07-17 19:30:00+05:30,12.02,0.97,71.95,7.113679628957084,0.0,0.0,0.0
1990-07-17 20:30:00+05:30,11.03,1.03,77.2,7.1871631178508535,0.0,0.0,0.0
1990-07-17 21:30:00+05:30,10.27,0.97,82.95,7.49884605693474,0.0,0.0,0.0
1990-07-17 22:30:00+05:30,9.76,1.1,82.9,6.991123922538879,0.0,0.0,0.0
1990-07-17 23:30:00+05:30,9.38,0.9,82.9,6.6193937679638655,0.0,0.0,0.0
1990-07-18 00:30:00+05:30,8.86,0.76,85.95,6.635699091065044,0.0,0.0,0.0
1990-07-18 01:30:00+05:30,8.97,0.48,82.85,6.209547242356524,0.0,0.0,0.0
1990-07-18 02:30:00+05:30,8.59,0.76,82.85,5.837817744034055,0.0,0.0,0.0
1990-07-18 03:30:00+05:30,8.76,0.69,82.85,6.00411929975415,0.0,0.0,0.0
1990-07-18 04:30:00+05:30,8.47,0.48,85.9,6.244101677298957,0.0,0.0,0.0
1990-07-18 05:30:00+05:30,8.21,0.41,85.9,5.988679599059626,32.3,0.0,32.3
1990-07-18 06:30:00+05:30,9.16,0.48,82.9,6.404175982023611,218.25,568.16,95.55
1990-07-18 07:30:00+05:30,9.9,0.83,79.9,6.590390464316819,406.2,628.53,145.15
1990-07-18 08:30:00+05:30,11.19,0.83,69.15,5.740063503222871,590.5,738.49,147.3
1990-07-18 09:30:00+05:30,12.76,0.83,55.65,4.105039012404804,740.35,712.72,200.25
1990-07-18 10:30:00+05:30,14.15,1.17,48.25,3.3620021297029936,884.2,712.72,258.75
1990-07-18 11:30:00+05:30,15.46,1.59,45.05,3.5853292056843,950.0,781.66,206.45
1990-07-18 12:30:00+05:30,16.83,1.72,39.15,2.8337129932477874,756.85,462.86,306.1
1990-07-18 13:30:00+05:30,17.36,1.86,36.4,2.2799702532537416,731.0,397.96,355.4
1990-07-18 14:30:00+05:30,18.17,2.14,34.05,2.0586583013384163,507.25,375.28,183.3
1990-07-18 15:30:00+05:30,18.18,2.0,31.55,1.0019591391421467,460.45,272.33,259.6
1990-07-18 16:30:00+05:30,18.45,2.07,30.35,0.6982974426137274,306.5,275.5,148.0
1990-07-18 17:30:00+05:30,18.16,1.93,29.2,-0.08746608472512066,129.6,149.1,71.8
1990-07-18 18:30:00+05:30,17.5,1.52,31.25,0.2761260579141091,24.8,29.9,19.2
1990-07-18 19:30:00+05:30,15.91,1.17,50.5,5.63365218025924,0.0,0.0,0.0
1990-07-18 20:30:00+05:30,14.85,1.17,54.1,5.646756311248765,0.0,0.0,0.0
1990-07-18 21:30:00+05:30,14.5,1.03,46.5,3.1590549127224925,0.0,0.0,0.0
1990-07-18 22:30:00+05:30,14.11,0.9,44.75,2.262227371801766,0.0,0.0,0.0
1990-07-18 23:30:00+05:30,13.39,0.76,49.85,3.125225577372531,0.0,0.0,0.0
1990-07-19 00:30:00+05:30,12.4,0.76,51.5,2.671110928505234,0.0,0.0,0.0
1990-07-19 01:30:00+05:30,11.77,0.76,55.4,3.117012734334788,0.0,0.0,0.0
1990-07-19 02:30:00+05:30,11.07,0.55,57.4,2.963997745638047,0.0,0.0,0.0
1990-07-19 03:30:00+05:30,10.6,0.62,59.5,3.0306488078338143,0.0,0.0,0.0
1990-07-19 04:30:00+05:30,9.97,0.55,63.9,3.445985215485037,0.0,0.0,0.0
1990-07-19 05:30:00+05:30,9.5,0.34,63.9,2.999882359284436,28.15,0.0,28.15
1990-07-19 06:30:00+05:30,9.19,0.14,66.35,3.2375282487670987,222.75,628.46,88.2
1990-07-19 07:30:00+05:30,9.44,0.55,77.0,5.607268326003789,422.0,704.95,130.35
1990-07-19 08:30:00+05:30,11.23,0.9,61.85,4.175332045848482,563.05,656.76,169.8
1990-07-19 09:30:00+05:30,12.33,0.9,55.5,3.665234339085592,711.35,674.28,201.15
1990-07-19 10:30:00+05:30,13.75,1.03,48.15,2.9654883450304137,845.95,647.5,278.35
1990-07-19 11:30:00+05:30,15.15,1.31,43.4,2.775329188128569,926.45,776.37,188.55
1990-07-19 12:30:00+05:30,16.5,1.79,36.15,1.420273021532792,787.8,503.58,297.75
1990-07-19 13:30:00+05:30,17.11,1.72,33.75,1.0019381843713848,752.35,464.03,314.7
1990-07-19 14:30:00+05:30,17.77,1.45,31.4,0.5779698229133711,713.5,620.39,178.4
1990-07-19 15:30:00+05:30,18.44,1.79,28.1,-0.37457826080255957,404.95,340.96,153.75
1990-07-19 16:30:00+05:30,18.44,1.59,25.05,-1.9448002805216091,387.6,414.71,149.4
1990-07-19 17:30:00+05:30,18.46,1.79,25.05,-1.927796321726638,187.15,299.48,71.4
1990-07-19 18:30:00+05:30,17.53,1.66,26.8,-1.8042021258237673,39.25,89.82,22.55
1990-07-19 19:30:00+05:30,15.77,1.86,38.85,1.7768340804813514,0.0,0.0,0.0
1990-07-19 20:30:00+05:30,13.3,1.79,57.9,5.178213728313686,0.0,0.0,0.0
1990-07-19 21:30:00+05:30,11.66,1.59,64.35,5.150637650577895,0.0,0.0,0.0
1990-07-19 22:30:00+05:30,11.21,1.38,64.25,4.701020074179521,0.0,0.0,0.0
1990-07-19 23:30:00+05:30,11.52,0.9,57.55,3.4227568387766256,0.0,0.0,0.0
1990-07-20 00:30:00+05:30,11.14,0.83,59.6,3.5627291302252844,0.0,0.0,0.0
1990-07-20 01:30:00+05:30,10.47,0.69,64.0,3.9427954946094053,0.0,0.0,0.0
1990-07-20 02:30:00+05:30,9.64,0.34,66.35,3.6665279497647245,0.0,0.0,0.0
1990-07-20 03:30:00+05:30,8.91,0.41,68.8,3.4842615216210016,0.0,0.0,0.0
1990-07-20 04:30:00+05:30,7.94,0.48,73.95,3.576787979628658,0.0,0.0,0.0
1990-07-20 05:30:00+05:30,7.25,0.48,76.7,3.4275480839303247,34.85,0.0,34.85
1990-07-20 06:30:00+05:30,7.37,0.48,79.65,4.081109964668374,237.0,708.74,86.6
1990-07-20 07:30:00+05:30,9.1,0.41,74.2,4.745122389472007,460.65,859.54,106.45
1990-07-20 08:30:00+05:30,11.22,0.69,61.85,4.165879063933634,568.8,688.5,157.5
1990-07-20 09:30:00+05:30,12.46,0.83,55.5,3.7865627150560557,820.55,891.86,146.75
1990-07-20 10:30:00+05:30,13.89,1.03,48.15,3.0939765715988896,891.15,782.17,206.25
1990-07-20 11:30:00+05:30,15.14,1.17,43.4,2.76626448804954,961.7,800.21,201.8
1990-07-20 12:30:00+05:30,16.09,1.31,40.5,2.6482430400724315,838.85,595.48,259.8
1990-07-20 13:30:00+05:30,16.96,1.52,37.65,2.3991115934977585,924.75,810.03,161.35
1990-07-20 14:30:00+05:30,17.97,1.86,32.65,1.2956472597968118,706.5,572.14,213.45
1990-07-20 15:30:00+05:30,18.3,2.0,29.2,0.0336573783311994,596.6,610.23,147.55
1990-07-20 16:30:00+05:30,18.51,2.14,28.1,-0.31428772858898946,438.15,586.2,102.05
1990-07-20 17:30:00+05:30,17.96,2.14,30.2,0.20399781288708566,213.75,380.51,67.15
1990-07-20 18:30:00+05:30,16.85,1.79,33.6,0.7112787240740412,46.5,114.66,25.35
1990-07-20 19:30:00+05:30,15.6,1.24,38.85,1.624709243327242,0.0,0.0,0.0
1990-07-20 20:30:00+05:30,14.21,0.9,46.5,2.894012531454243,0.0,0.0,0.0
1990-07-20 21:30:00+05:30,13.91,0.76,44.65,2.0488257926355637,0.0,0.0,0.0
1990-07-20 22:30:00+05:30,13.06,0.48,46.2,1.7520908417553542,0.0,0.0,0.0
1990-07-20 23:30:00+05:30,11.74,0.34,51.35,2.019427806133248,0.0,0.0,0.0
1990-07-21 00:30:00+05:30,11.47,0.34,51.25,1.7423344410357247,0.0,0.0,0.0
1990-07-21 01:30:00+05:30,9.54,0.55,59.25,1.9737698645151531,0.0,0.0,0.0
1990-07-21 02:30:00+05:30,8.38,0.62,63.7,1.8927187719631757,0.0,0.0,0.0
1990-07-21 03:30:00+05:30,7.19,0.76,71.15,2.308641443284337,0.0,0.0,0.0
1990-07-21 04:30:00+05:30,5.68,0.83,79.4,2.3908101438421103,0.0,0.0,0.0
1990-07-21 05:30:00+05:30,5.04,0.9,82.4,2.287895876544877,32.9,0.0,32.9
1990-07-21 06:30:00+05:30,5.23,0.9,79.35,1.9437877299334332,241.35,767.03,80.05
1990-07-21 07:30:00+05:30,7.06,0.9,73.9,2.717515180412804,457.65,845.35,110.7
1990-07-21 08:30:00+05:30,10.07,0.83,61.65,3.032828379694805,676.5,941.73,115.25
1990-07-21 09:30:00+05:30,12.3,0.9,53.5,3.116665933158693,833.95,886.76,165.05
1990-07-21 10:30:00+05:30,14.11,0.97,46.5,2.8026125157054333,889.45,808.27,182.5
1990-07-21 11:30:00+05:30,15.68,1.1,40.35,2.227480744973641,926.15,766.36,199.05
1990-07-21 12:30:00+05:30,17.16,1.24,33.75,1.0459393047094732,934.0,728.72,225.95
1990-07-21 13:30:00+05:30,18.38,1.59,29.2,0.10286671594943984,860.75,667.95,231.75
1990-07-21 14:30:00+05:30,19.08,1.72,28.25,0.2501507390634062,705.15,560.43,222.65
1990-07-21 15:30:00+05:30,19.57,1.86,26.3,-0.31609172260942403,595.3,552.22,189.45
1990-07-21 16:30:00+05:30,19.67,2.07,25.4,-0.7092470056640963,414.0,504.23,125.45
1990-07-21 17:30:00+05:30,19.32,2.21,26.3,-0.529688926638532,169.4,271.38,65.2
1990-07-21 18:30:00+05:30,18.09,2.0,29.2,-0.14803121576023828,45.15,109.62,25.1
1990-07-21 19:30:00+05:30,16.81,1.38,33.6,0.6760905684734461,0.0,0.0,0.0
1990-07-21 20:30:00+05:30,14.91,1.1,50.25,4.640146286753682,0.0,0.0,0.0
1990-07-21 21:30:00+05:30,15.06,0.76,37.25,0.5570685794654157,0.0,0.0,0.0
1990-07-21 22:30:00+05:30,14.27,0.55,37.0,-0.23955904328671723,0.0,0.0,0.0
1990-07-21 23:30:00+05:30,13.2,0.55,41.2,0.28547060666999735,0.0,0.0,0.0
1990-07-22 00:30:00+05:30,11.57,0.69,45.8,0.2700676580745378,0.0,0.0,0.0
1990-07-22 01:30:00+05:30,10.32,0.76,51.0,0.6105229293309773,0.0,0.0,0.0
1990-07-22 02:30:00+05:30,9.02,0.83,54.9,0.42401959221363894,0.0,0.0,0.0
1990-07-22 03:30:00+05:30,7.78,0.9,61.2,0.7660469123180974,0.0,0.0,0.0
1990-07-22 04:30:00+05:30,6.92,0.9,63.35,0.4305439770026883,0.0,0.0,0.0
1990-07-22 05:30:00+05:30,6.24,0.97,65.75,0.2985877172074706,32.7,0.0,32.7
1990-07-22 06:30:00+05:30,6.18,0.97,63.25,-0.29334408232270826,257.8,870.87,76.35
1990-07-22 07:30:00+05:30,8.1,1.1,61.3,1.09112272328181,479.4,941.42,94.6
1990-07-22 08:30:00+05:30,12.08,1.1,42.55,-0.28170584800877996,679.4,930.45,126.2
1990-07-22 09:30:00+05:30,14.61,1.1,34.35,-0.9584643662038573,862.45,984.11,121.3
1990-07-22 10:30:00+05:30,16.5,1.03,31.0,-0.7065211101543848,976.55,960.18,137.7
1990-07-22 11:30:00+05:30,18.14,1.03,27.05,-1.1545971554378092,1008.05,880.74,173.2
1990-07-22 12:30:00+05:30,19.72,1.17,25.4,-0.666701892050987,965.8,778.3,210.2
1990-07-22 13:30:00+05:30,21.0,1.59,23.65,-0.5623834524711776,944.25,817.1,175.45
1990-07-22 14:30:00+05:30,21.99,1.86,21.3,-1.1664063025214844,801.4,756.49,150.75
1990-07-22 15:30:00+05:30,22.4,2.0,19.05,-2.3453156290322883,637.75,683.41,136.15
1990-07-22 16:30:00+05:30,22.33,2.0,19.05,-2.402877629169894,439.25,589.31,102.7
1990-07-22 17:30:00+05:30,21.84,1.93,18.95,-2.8768243041197286,221.25,386.98,73.2
1990-07-22 18:30:00+05:30,20.83,1.86,21.05,-2.292935733611492,44.45,107.85,24.9
1990-07-22 19:30:00+05:30,19.33,1.38,24.35,-1.5749492351514125,0.0,0.0,0.0
1990-07-22 20:30:00+05:30,17.38,1.17,42.3,4.42812487155985,0.0,0.0,0.0
1990-07-22 21:30:00+05:30,16.93,0.9,32.35,0.25630914013080064,0.0,0.0,0.0
1990-07-22 22:30:00+05:30,16.13,0.76,32.2,-0.5084061556074273,0.0,0.0,0.0
1990-07-22 23:30:00+05:30,15.23,0.62,34.5,-0.35125162937055476,0.0,0.0,0.0
1990-07-23 00:30:00+05:30,13.86,0.55,39.8,0.40103014985617846,0.0,0.0,0.0
1990-07-23 01:30:00+05:30,12.71,0.62,42.7,0.33735167464888877,0.0,0.0,0.0
1990-07-23 02:30:00+05:30,11.6,0.62,47.6,0.8318302870138288,0.0,0.0,0.0
1990-07-23 03:30:00+05:30,10.56,0.69,51.1,0.859694745670322,0.0,0.0,0.0
1990-07-23 04:30:00+05:30,9.69,0.76,57.05,1.584860362343211,0.0,0.0,0.0
1990-07-23 05:30:00+05:30,8.91,0.83,59.15,1.3573223398430476,34.55,0.0,34.55
1990-07-23 06:30:00+05:30,9.08,0.76,57.05,1.0133026019266576,232.85,710.29,86.25
1990-07-23 07:30:00+05:30,11.32,0.9,53.25,2.139955095465743,460.8,867.96,107.5
1990-07-23 08:30:00+05:30,14.85,0.76,38.55,0.8456868883243407,674.0,952.36,109.15
1990-07-23 09:30:00+05:30,17.58,0.62,31.4,0.4121778877093668,832.8,937.62,127.8
1990-07-23 10:30:00+05:30,19.75,0.48,27.45,0.42884017838106386,945.45,908.89,152.35
1990-07-23 11:30:00+05:30,21.52,0.41,25.65,1.0002674714132178,995.85,850.01,190.9
1990-07-23 12:30:00+05:30,23.14,0.83,23.4,1.093229604334182,943.85,753.1,213.35
1990-07-23 13:30:00+05:30,24.24,1.52,21.1,0.5754551843684825,890.2,755.71,179.8
1990-07-23 14:30:00+05:30,25.09,2.21,20.4,0.8119115988138903,684.1,532.02,227.0
1990-07-23 15:30:00+05:30,24.96,2.41,20.4,0.7043766301015617,544.05,492.96,182.75
1990-07-23 16:30:00+05:30,24.51,2.48,21.1,0.7997539795069823,343.05,355.53,140.45
1990-07-23 17:30:00+05:30,23.76,2.34,22.65,1.1600768837289572,170.5,212.41,89.55
1990-07-23 18:30:00+05:30,22.53,2.07,26.95,2.554064039483435,38.55,83.82,23.5
1990-07-23 19:30:00+05:30,21.06,1.45,30.9,3.2186726292826133,0.0,0.0,0.0
1990-07-23 20:30:00+05:30,19.8,1.38,33.15,3.113567193292913,0.0,0.0,0.0
1990-07-23 21:30:00+05:30,18.11,1.17,42.6,5.18892510397984,0.0,0.0,0.0
1990-07-23 22:30:00+05:30,18.11,0.9,36.7,3.0616021391210912,0.0,0.0,0.0
1990-07-23 23:30:00+05:30,17.11,0.62,37.8,2.5888061411413013,0.0,0.0,0.0
1990-07-24 00:30:00+05:30,15.74,0.41,43.5,3.3427178482027022,0.0,0.0,0.0
1990-07-24 01:30:00+05:30,13.76,0.55,50.0,3.5088397579887736,0.0,0.0,0.0
1990-07-24 02:30:00+05:30,11.75,0.62,57.55,3.638355771753002,0.0,0.0,0.0
1990-07-24 03:30:00+05:30,10.92,0.69,61.75,3.859236626137122,0.0,0.0,0.0
1990-07-24 04:30:00+05:30,9.97,0.69,68.9,4.519812176063153,0.0,0.0,0.0
1990-07-24 05:30:00+05:30,9.31,0.76,66.35,3.351931698939653,29.65,0.0,29.65
1990-07-24 06:30:00+05:30,9.54,0.83,66.35,3.571197802676143,235.0,770.01,77.6
1990-07-24 07:30:00+05:30,11.14,0.83,64.25,4.634556728825351,443.05,821.18,110.2
1990-07-24 08:30:00+05:30,14.4,0.9,50.1,4.127229128725814,664.9,924.28,118.05
1990-07-24 09:30:00+05:30,16.61,1.03,42.15,3.6821647248083984,834.25,937.37,130.6
1990-07-24 10:30:00+05:30,18.65,1.24,35.45,3.0499249891145404,921.75,879.3,155.4
1990-07-24 11:30:00+05:30,20.49,1.59,31.95,3.195354653277131,1025.15,937.36,138.35
1990-07-24 12:30:00+05:30,22.62,1.86,27.95,3.145764455472803,1010.45,881.06,156.6
1990-07-24 13:30:00+05:30,23.95,2.21,24.4,2.3617417398654803,950.4,867.96,135.25
1990-07-24 14:30:00+05:30,24.76,2.55,20.4,0.5389197893335999,817.15,792.35,137.15
1990-07-24 15:30:00+05:30,24.92,2.69,19.65,0.15269665069727784,648.0,727.52,115.6
1990-07-24 16:30:00+05:30,24.53,2.62,19.55,-0.238883144890554,440.9,603.91,97.55
1990-07-24 17:30:00+05:30,23.65,2.41,20.15,-0.5492595785339476,219.25,395.72,69.05
1990-07-24 18:30:00+05:30,22.41,2.07,22.25,-0.21710654168782062,43.1,110.0,23.55
1990-07-24 19:30:00+05:30,20.91,1.45,26.55,0.9597665450739447,0.0,0.0,0.0
1990-07-24 20:30:00+05:30,19.73,1.24,28.5,0.9324856374355827,0.0,0.0,0.0
1990-07-24 21:30:00+05:30,18.25,0.97,35.35,2.656307695981557,0.0,0.0,0.0
1990-07-24 22:30:00+05:30,17.91,0.62,33.9,1.767896305984056,0.0,0.0,0.0
1990-07-24 23:30:00+05:30,16.92,0.41,36.3,1.8508585319140356,0.0,0.0,0.0
1990-07-25 00:30:00+05:30,15.69,0.41,37.4,1.1741754783811997,0.0,0.0,0.0
1990-07-25 01:30:00+05:30,14.56,0.41,41.65,1.6634023039881503,0.0,0.0,0.0
1990-07-25 02:30:00+05:30,13.43,0.41,46.2,2.09012623472601,0.0,0.0,0.0
1990-07-25 03:30:00+05:30,12.4,0.48,49.6,2.142113421261003,0.0,0.0,0.0
1990-07-25 04:30:00+05:30,11.43,0.55,53.25,2.242159220861295,0.0,0.0,0.0
1990-07-25 05:30:00+05:30,10.45,0.55,59.35,2.853806548056896,29.55,0.0,29.55
1990-07-25 06:30:00+05:30,10.5,0.55,59.35,2.9008554423916335,239.5,808.74,75.8
1990-07-25 07:30:00+05:30,13.27,0.28,49.85,3.014635436165671,452.2,861.12,104.65
1990-07-25 08:30:00+05:30,15.6,0.83,41.9,2.686095177774788,677.15,954.64,113.75
1990-07-25 09:30:00+05:30,17.43,1.03,37.8,2.874070096082166,855.9,984.84,117.85
1990-07-25 10:30:00+05:30,19.34,1.17,31.8,2.1249237678975903,981.95,983.95,125.45
1990-07-25 11:30:00+05:30,21.18,1.24,26.7,1.2690111534095478,1041.6,962.87,131.6
1990-07-25 12:30:00+05:30,22.69,1.66,21.55,-0.4231462762900615,1038.65,937.82,130.65
1990-07-25 13:30:00+05:30,24.01,1.93,17.25,-2.372618553339095,970.0,899.85,125.75
1990-07-25 14:30:00+05:30,24.88,2.28,14.95,-3.5981526797492327,840.9,841.54,119.55
1990-07-25 15:30:00+05:30,25.17,2.48,14.5,-3.775940472159354,649.8,728.35,117.65
1990-07-25 16:30:00+05:30,24.84,2.76,15.55,-3.102094470365799,433.35,584.85,101.65
1990-07-25 17:30:00+05:30,23.82,2.69,17.95,-1.9882445451291517,215.4,372.29,74.7
1990-07-25 18:30:00+05:30,22.36,2.28,21.4,-0.7940682680245597,40.6,99.81,23.05
1990-07-25 19:30:00+05:30,20.82,1.66,25.55,0.3504245251707138,0.0,0.0,0.0
1990-07-25 20:30:00+05:30,19.75,1.24,28.5,0.9497272602583425,0.0,0.0,0.0
1990-07-25 21:30:00+05:30,18.13,1.17,34.05,2.0234387482063356,0.0,0.0,0.0
1990-07-25 22:30:00+05:30,18.04,0.9,35.2,2.4107519409642304,0.0,0.0,0.0
1990-07-25 23:30:00+05:30,17.26,0.55,37.8,2.722528494302741,0.0,0.0,0.0
1990-07-26 00:30:00+05:30,16.13,0.34,39.0,2.1530505289189072,0.0,0.0,0.0
1990-07-26 01:30:00+05:30,15.28,0.41,43.4,2.8931672286016976,0.0,0.0,0.0
1990-07-26 02:30:00+05:30,14.43,0.48,46.5,3.0950815706209185,0.0,0.0,0.0
1990-07-26 03:30:00+05:30,13.37,0.48,49.85,3.1067941747173826,0.0,0.0,0.0
1990-07-26 04:30:00+05:30,12.39,0.48,53.5,3.2003095204854826,0.0,0.0,0.0
1990-07-26 05:30:00+05:30,11.27,0.55,57.4,3.151440614916991,0.0,0.0,0.0
1990-07-26 06:30:00+05:30,11.05,0.48,57.4,2.9452529413624875,240.35,816.39,76.75
1990-07-26 07:30:00+05:30,13.42,0.41,51.75,3.6836127109638026,452.1,884.03,96.85
1990-07-26 08:30:00+05:30,14.85,1.03,54.1,5.646756311248765,680.55,973.62,107.4
1990-07-26 09:30:00+05:30,16.57,1.1,43.8,4.193097690834622,794.9,885.86,132.15
1990-07-26 10:30:00+05:30,18.25,1.24,36.7,3.1859332215754392,956.4,927.86,149.75
1990-07-26 11:30:00+05:30,19.97,1.45,31.95,2.741288885966545,979.6,815.27,209.9
1990-07-26 12:30:00+05:30,20.57,1.72,30.75,2.723892817231085,980.85,826.31,181.6
1990-07-26 13:30:00+05:30,21.79,1.86,25.8,1.3112998779621252,863.2,707.72,199.9
1990-07-26 14:30:00+05:30,22.67,2.0,22.4,0.09319507392325849,771.7,723.57,152.25
1990-07-26 15:30:00+05:30,23.53,2.28,19.3,-1.2385532951945173,620.95,678.11,126.35
1990-07-26 16:30:00+05:30,23.62,2.55,19.3,-1.1644989011341602,408.45,500.97,125.05
1990-07-26 17:30:00+05:30,22.91,2.48,19.95,-1.2974970974962303,201.55,324.54,79.45
1990-07-26 18:30:00+05:30,21.69,2.21,23.0,-0.36455798062812905,39.45,100.37,22.0
1990-07-26 19:30:00+05:30,20.28,1.52,26.4,0.3428572477262484,0.0,0.0,0.0
1990-07-26 20:30:00+05:30,19.2,1.1,29.5,0.9541548481101999,0.0,0.0,0.0
1990-07-26 21:30:00+05:30,17.71,1.03,36.55,2.648566150460019,0.0,0.0,0.0
1990-07-26 22:30:00+05:30,17.48,0.76,36.4,2.386475231580806,0.0,0.0,0.0
1990-07-26 23:30:00+05:30,16.74,0.69,36.3,1.691109417284537,0.0,0.0,0.0
1990-07-27 00:30:00+05:30,15.58,0.55,40.35,2.137604817548603,0.0,0.0,0.0
1990-07-27 01:30:00+05:30,14.0,0.48,48.15,3.1949274817597635,0.0,0.0,0.0
1990-07-27 02:30:00+05:30,12.49,0.55,53.5,3.2932443541862924,0.0,0.0,0.0
1990-07-27 03:30:00+05:30,11.19,0.69,57.4,3.0764645959441266,0.0,0.0,0.0
1990-07-27 04:30:00+05:30,10.06,0.76,61.65,3.023376524927395,0.0,0.0,0.0
1990-07-27 05:30:00+05:30,9.16,0.76,63.9,2.6771430290472233,0.0,0.0,0.0
1990-07-27 06:30:00+05:30,8.84,0.83,66.25,2.882527184903685,233.45,808.65,73.05
1990-07-27 07:30:00+05:30,10.69,0.83,61.75,3.641838676180522,452.05,869.93,104.0
1990-07-27 08:30:00+05:30,13.57,1.03,53.85,4.389990377066525,662.05,916.51,123.9
1990-07-27 09:30:00+05:30,15.56,1.31,46.9,4.249899090808897,809.75,903.66,134.85
1990-07-27 10:30:00+05:30,17.61,1.38,37.95,3.090544697544358,909.8,810.54,206.05
1990-07-27 11:30:00+05:30,19.45,1.59,33.05,2.763911265988082,1017.3,915.83,153.6
1990-07-27 12:30:00+05:30,20.84,1.93,30.9,3.027373748698049,1015.65,888.79,156.85
1990-07-27 13:30:00+05:30,22.24,2.28,24.95,1.2265542757479655,934.0,812.59,173.25
1990-07-27 14:30:00+05:30,22.96,2.41,22.4,0.33599846136018996,803.4,753.95,158.8
1990-07-27 15:30:00+05:30,23.05,2.41,21.55,-0.12306629753568044,617.4,659.76,137.05
1990-07-27 16:30:00+05:30,22.9,2.41,19.95,-1.305760020013995,391.8,466.71,128.5
1990-07-27 17:30:00+05:30,22.23,2.21,20.6,-1.4230687380546339,213.0,380.58,70.5
1990-07-27 18:30:00+05:30,21.3,2.0,22.0,-1.300666347941723,38.95,96.63,22.35
1990-07-27 19:30:00+05:30,19.96,1.45,25.4,-0.4625028219107266,0.0,0.0,0.0
1990-07-27 20:30:00+05:30,18.93,0.97,28.25,0.12091627401006572,0.0,0.0,0.0
1990-07-27 21:30:00+05:30,17.53,0.9,35.05,1.9000521142617754,0.0,0.0,0.0
1990-07-27 22:30:00+05:30,17.18,0.76,33.75,1.0635394597937815,0.0,0.0,0.0
1990-07-27 23:30:00+05:30,16.39,0.55,37.55,1.8538227254076403,0.0,0.0,0.0
1990-07-28 00:30:00+05:30,15.35,0.34,38.7,1.3469945312408116,0.0,0.0,0.0
1990-07-28 01:30:00+05:30,14.58,0.28,41.65,1.681450376148,0.0,0.0,0.0
1990-07-28 02:30:00+05:30,13.56,0.34,44.65,1.7303633679147081,0.0,0.0,0.0
1990-07-28 03:30:00+05:30,12.49,0.48,49.6,2.2250311702302286,0.0,0.0,0.0
1990-07-28 04:30:00+05:30,11.49,0.55,53.25,2.2979055818075333,0.0,0.0,0.0
1990-07-28 05:30:00+05:30,10.69,0.55,57.3,2.583254709245878,0.0,0.0,0.0
1990-07-28 06:30:00+05:30,10.65,0.48,57.3,2.545768930452593,221.7,766.17,71.3
1990-07-28 07:30:00+05:30,12.63,0.62,51.65,2.925016999346731,451.45,878.08,101.7
1990-07-28 08:30:00+05:30,14.77,1.17,46.6,3.436276114964948,656.85,919.49,118.35
1990-07-28 09:30:00+05:30,16.7,1.38,40.6,3.2314840478808566,817.6,887.41,156.0
1990-07-28 10:30:00+05:30,18.42,1.38,35.35,2.806622108656766,940.45,898.57,161.3
1990-07-28 11:30:00+05:30,20.17,1.38,30.75,2.3761676636051194,968.25,789.84,224.2
1990-07-28 12:30:00+05:30,21.05,1.93,29.75,2.67392078103677,905.6,642.23,285.7
1990-07-28 13:30:00+05:30,21.88,2.0,25.8,1.3879209162870294,895.4,760.54,184.2
1990-07-28 14:30:00+05:30,22.85,2.14,21.55,-0.28976867158714154,735.3,605.79,218.1
1990-07-28 15:30:00+05:30,23.11,2.14,19.95,-1.1322505169004662,598.85,607.69,157.25
1990-07-28 16:30:00+05:30,23.31,2.21,17.85,-2.480015991175885,390.75,454.62,135.0
1990-07-28 17:30:00+05:30,22.77,2.21,18.45,-2.4745147597409187,171.2,200.78,96.4
1990-07-28 18:30:00+05:30,21.74,1.93,20.5,-1.8957912905675796,33.8,50.11,25.3
1990-07-28 19:30:00+05:30,20.61,1.45,22.75,-1.421595565226312,0.0,0.0,0.0
1990-07-28 20:30:00+05:30,19.75,1.24,24.45,-1.1632421414748488,0.0,0.0,0.0
1990-07-28 21:30:00+05:30,18.01,1.31,36.55,2.9149022285826085,0.0,0.0,0.0
1990-07-28 22:30:00+05:30,17.07,1.17,35.05,1.4935230579773382,0.0,0.0,0.0
1990-07-28 23:30:00+05:30,17.11,0.97,33.75,1.0019381843713848,0.0,0.0,0.0
1990-07-29 00:30:00+05:30,16.43,0.69,37.55,1.88946680500853,0.0,0.0,0.0
1990-07-29 01:30:00+05:30,15.74,0.62,38.85,1.7499893056564553,0.0,0.0,0.0
1990-07-29 02:30:00+05:30,14.9,0.48,43.25,2.4999330315247783,0.0,0.0,0.0
1990-07-29 03:30:00+05:30,13.96,0.28,48.15,3.1582184798686757,0.0,0.0,0.0
1990-07-29 04:30:00+05:30,12.97,0.41,51.65,3.239686659818801,0.0,0.0,0.0
1990-07-29 05:30:00+05:30,12.13,0.34,53.5,2.9586667079603575,0.0,0.0,0.0
1990-07-29 06:30:00+05:30,11.75,0.21,55.4,3.098347552483942,223.45,710.75,85.4
1990-07-29 07:30:00+05:30,13.22,0.69,53.7,4.024781657821109,422.15,741.2,128.25
1990-07-29 08:30:00+05:30,14.7,1.03,52.15,4.978660498530273,632.45,844.28,139.3
1990-07-29 09:30:00+05:30,16.29,1.1,45.3,4.419871542239165,783.55,877.23,130.7
1990-07-29 10:30:00+05:30,17.84,1.24,36.55,2.763982794479113,857.0,760.29,198.65
1990-07-29 11:30:00+05:30,19.27,1.59,33.05,2.606055139126049,846.5,610.82,271.75
1990-07-29 12:30:00+05:30,20.07,1.86,31.95,2.8286183543042287,875.15,662.75,236.15
1990-07-29 13:30:00+05:30,21.26,1.86,29.9,2.926766081741209,848.3,663.81,228.3
1990-07-29 14:30:00+05:30,21.99,2.0,27.85,2.5541136744837525,760.85,680.23,180.95
1990-07-29 15:30:00+05:30,22.39,2.0,25.95,1.9032495115472292,524.65,460.47,190.7
1990-07-29 16:30:00+05:30,22.3,1.72,23.15,0.23780468071340802,370.7,451.71,117.35
1990-07-29 17:30:00+05:30,22.4,1.72,21.4,-0.7607417109974405,185.85,275.64,83.7
1990-07-29 18:30:00+05:30,21.96,1.59,20.5,-1.7133179084285433,32.65,62.43,22.2
1990-07-29 19:30:00+05:30,21.03,1.17,22.75,-1.0688837452759192,0.0,0.0,0.0
1990-07-29 20:30:00+05:30,19.9,1.17,28.5,1.079033450719625,0.0,0.0,0.0
1990-07-29 21:30:00+05:30,18.4,1.17,36.7,3.319136577247435,0.0,0.0,0.0
1990-07-29 22:30:00+05:30,17.89,1.1,35.2,2.2781638080080726,0.0,0.0,0.0
1990-07-29 23:30:00+05:30,17.57,1.1,35.05,1.9353984006595533,0.0,0.0,0.0
1990-07-30 00:30:00+05:30,16.91,1.03,36.3,1.8419839173216659,0.0,0.0,0.0
1990-07-30 01:30:00+05:30,16.22,0.9,39.0,2.2336062734910027,0.0,0.0,0.0
1990-07-30 02:30:00+05:30,15.15,0.62,43.4,2.775329188128569,0.0,0.0,0.0
1990-07-30 03:30:00+05:30,14.16,0.48,46.5,2.848312914062366,0.0,0.0,0.0
1990-07-30 04:30:00+05:30,13.23,0.55,49.85,2.9777711355960963,0.0,0.0,0.0
1990-07-30 05:30:00+05:30,12.18,0.55,53.5,3.005137853286684,0.0,0.0,0.0
1990-07-30 06:30:00+05:30,11.5,0.55,57.4,3.3669882866797063,226.4,789.51,74.7
1990-07-30 07:30:00+05:30,12.58,0.76,53.6,3.4033735674323315,442.15,856.19,104.2
1990-07-30 08:30:00+05:30,14.09,1.1,52.0,4.372550225281338,663.1,933.13,119.5
1990-07-30 09:30:00+05:30,15.89,1.17,43.5,3.4786905664986594,758.9,783.31,177.0
1990-07-30 10:30:00+05:30,17.63,1.24,35.2,2.048322783397932,961.05,955.68,134.65
1990-07-30 11:30:00+05:30,19.52,1.31,29.5,1.2311638682451351,1014.5,911.12,158.2
1990-07-30 12:30:00+05:30,21.22,1.66,23.8,-0.2898527359668802,994.6,807.95,216.5
1990-07-30 13:30:00+05:30,22.82,2.0,19.15,-1.928924970138687,927.95,817.25,165.6
1990-07-30 14:30:00+05:30,23.85,2.41,16.6,-3.020582540228796,743.8,621.66,214.65
1990-07-30 15:30:00+05:30,24.35,2.48,16.05,-3.0703389681907782,565.5,544.55,171.4
1990-07-30 16:30:00+05:30,24.28,2.48,16.05,-3.126723727512144,379.65,403.23,154.2
1990-07-30 17:30:00+05:30,23.72,2.41,17.25,-2.608189854533756,205.3,359.92,72.65
1990-07-30 18:30:00+05:30,22.47,2.21,20.6,-1.2239645855847878,33.05,81.79,19.55
1990-07-30 19:30:00+05:30,20.82,1.59,24.6,-0.17277360928891708,0.0,0.0,0.0
1990-07-30 20:30:00+05:30,19.7,1.24,27.45,0.3859195415462973,0.0,0.0,0.0
1990-07-30 21:30:00+05:30,18.13,1.1,35.35,2.5501963807489374,0.0,0.0,0.0
1990-07-30 22:30:00+05:30,18.01,0.9,33.9,1.855908633358107,0.0,0.0,0.0
1990-07-30 23:30:00+05:30,17.33,0.76,36.4,2.2533431209897965,0.0,0.0,0.0
1990-07-31 00:30:00+05:30,16.75,0.76,36.3,1.699984704329658,0.0,0.0,0.0
1990-07-31 01:30:00+05:30,16.09,0.55,39.0,2.117247007863857,0.0,0.0,0.0
1990-07-31 02:30:00+05:30,15.24,0.41,41.75,2.3106740690404086,0.0,0.0,0.0
1990-07-31 03:30:00+05:30,14.46,0.41,46.5,3.1224989046383524,0.0,0.0,0.0
1990-07-31 04:30:00+05:30,13.56,0.41,48.15,2.7911020604395045,0.0,0.0,0.0
1990-07-31 05:30:00+05:30,12.71,0.34,51.65,2.999059775717087,0.0,0.0,0.0
1990-07-31 06:30:00+05:30,12.29,0.34,53.5,3.107372070411329,206.55,694.83,74.5
1990-07-31 07:30:00+05:30,13.29,0.62,53.7,4.089849127128373,418.9,812.3,99.75
1990-07-31 08:30:00+05:30,14.72,1.1,52.15,4.997180642405663,633.35,865.59,130.45
1990-07-31 09:30:00+05:30,16.52,1.38,45.3,4.6292958612579955,717.35,752.52,159.35
1990-07-31 10:30:00+05:30,17.7,1.45,39.4,3.702901347138544,903.2,802.71,210.05
1990-07-31 11:30:00+05:30,19.19,1.66,33.05,2.535892445386156,970.25,838.09,183.55
1990-07-31 12:30:00+05:30,19.96,1.79,31.95,2.7325557000222593,987.35,846.6,173.0
1990-07-31 13:30:00+05:30,21.44,2.14,29.9,3.0826603427309776,874.2,718.82,204.55
1990-07-31 14:30:00+05:30,22.11,2.41,25.8,1.5837119534082753,771.35,702.1,174.7
1990-07-31 15:30:00+05:30,22.53,2.55,23.15,0.4311438389800311,601.65,651.96,130.85
1990-07-31 16:30:00+05:30,22.41,2.48,22.25,-0.21710654168782062,389.3,487.29,117.75
1990-07-31 17:30:00+05:30,21.8,2.41,23.0,-0.2721207667163981,184.1,297.05,75.25
1990-07-31 18:30:00+05:30,20.83,2.0,26.55,0.8913979056716667,31.9,62.1,21.8
1990-07-31 19:30:00+05:30,19.63,1.52,28.5,0.8462747086635557,0.0,0.0,0.0
1990-07-31 20:30:00+05:30,18.72,1.17,32.9,2.0597814299475767,0.0,0.0,0.0
1990-07-31 21:30:00+05:30,15.64,0.6,41.56,2.607302404806218,0.0,0.0,0.0
1990-07-31 22:30:00+05:30,15.43,0.61,43.45,3.045413681124652,0.0,0.0,0.0
1990-07-31 23:30:00+05:30,15.21,0.62,45.34,3.448786079122589,0.0,0.0,0.0
1990-08-01 00:30:00+05:30,15.0,0.62,47.24,3.8405470679989175,0.0,0.0,0.0
1990-08-01 01:30:00+05:30,14.78,0.63,49.13,4.198017695338512,0.0,0.0,0.0
1990-08-01 02:30:00+05:30,14.57,0.64,51.02,4.54420965683478,0.0,0.0,0.0
1990-08-01 03:30:00+05:30,14.35,0.64,52.91,4.862062431776022,0.0,0.0,0.0
1990-08-01 04:30:00+05:30,14.14,0.65,54.81,5.173948547005562,0.0,0.0,0.0
1990-08-01 05:30:00+05:30,13.93,0.65,56.7,5.466409366464561,0.0,0.0,0.0
1990-08-01 06:30:00+05:30,13.71,0.66,58.59,5.73377589249947,200.1,675.51,73.15
1990-08-01 07:30:00+05:30,13.5,0.67,60.48,5.9957048117668155,391.55,722.77,108.9
1990-08-01 08:30:00+05:30,13.28,0.67,62.38,6.2365469126716855,617.35,826.88,138.25
1990-08-01 09:30:00+05:30,13.07,0.68,64.27,6.471229177954406,698.5,675.83,198.3
1990-08-01 10:30:00+05:30,12.85,0.68,66.16,6.683897820422335,767.85,617.39,235.5
1990-08-01 11:30:00+05:30,12.64,0.69,68.06,6.896355831231635,966.8,847.47,172.3
1990-08-01 12:30:00+05:30,12.42,0.7,69.95,7.085774172704031,864.35,653.94,236.1
1990-08-01 13:30:00+05:30,17.17,1.38,49.05,6.371393969066752,756.95,566.42,230.0
1990-08-01 14:30:00+05:30,17.34,1.17,49.05,6.527576812860769,767.05,736.53,142.2
1990-08-01 15:30:00+05:30,17.7,1.45,45.7,5.8305910219653905,584.3,600.85,151.4
1990-08-01 16:30:00+05:30,17.66,1.38,47.3,6.292862759445748,358.9,418.75,126.35
1990-08-01 17:30:00+05:30,17.23,1.03,45.55,5.354967533903199,168.65,265.08,72.1
1990-08-01 18:30:00+05:30,16.59,0.69,48.8,5.764560267727031,29.25,68.37,18.3
1990-08-01 19:30:00+05:30,15.67,0.48,54.35,6.476236206767769,0.0,0.0,0.0
1990-08-01 20:30:00+05:30,14.93,0.41,54.1,5.7211492066012175,0.0,0.0,0.0
1990-08-01 21:30:00+05:30,14.23,0.28,56.0,5.567493160816925,0.0,0.0,0.0
1990-08-01 22:30:00+05:30,13.39,0.07,60.05,5.788804970503394,0.0,0.0,0.0
1990-08-01 23:30:00+05:30,12.62,0.14,62.2,5.570538655317375,0.0,0.0,0.0
1990-08-02 00:30:00+05:30,11.63,0.21,64.35,5.12215091961361,0.0,0.0,0.0
1990-08-02 01:30:00+05:30,11.08,0.28,66.65,5.103954988813524,0.0,0.0,0.0
1990-08-02 02:30:00+05:30,10.52,0.34,69.1,5.088033171002231,0.0,0.0,0.0
1990-08-02 03:30:00+05:30,10.04,0.34,71.6,5.138635702478846,0.0,0.0,0.0
1990-08-02 04:30:00+05:30,9.56,0.34,74.2,5.189360644327959,0.0,0.0,0.0
1990-08-02 05:30:00+05:30,8.89,0.41,74.15,4.532657300826714,0.0,0.0,0.0
1990-08-02 06:30:00+05:30,8.68,0.34,76.95,4.8608014998256355,206.5,745.12,68.05
1990-08-02 07:30:00+05:30,10.77,0.14,74.45,6.406646430938583,422.4,814.45,105.4
1990-08-02 08:30:00+05:30,12.86,0.48,66.95,6.8664660827609945,626.8,860.23,129.75
1990-08-02 09:30:00+05:30,14.27,0.76,64.85,7.741981633048291,726.0,713.8,198.7
1990-08-02 10:30:00+05:30,15.49,1.03,58.35,7.344448074946414,833.8,723.87,210.55
1990-08-02 11:30:00+05:30,16.54,1.24,54.45,7.312332105985137,811.75,615.84,235.15
1990-08-02 12:30:00+05:30,17.21,1.17,49.05,6.40814363493242,820.6,640.92,205.65
1990-08-02 13:30:00+05:30,17.74,1.45,45.7,5.867032963115796,790.15,570.95,259.75
1990-08-02 14:30:00+05:30,17.92,1.52,44.05,5.499275460189877,707.75,607.29,193.45
1990-08-02 15:30:00+05:30,18.13,1.24,44.05,5.689759302338924,579.9,632.14,125.55
1990-08-02 16:30:00+05:30,17.89,1.31,42.45,4.939463870403942,355.55,453.24,104.75
1990-08-02 17:30:00+05:30,17.56,1.1,43.9,5.123618171214552,168.8,273.94,69.65
1990-08-02 18:30:00+05:30,16.91,0.83,47.15,5.560872712391581,29.55,68.23,18.8
1990-08-02 19:30:00+05:30,15.64,0.69,62.75,8.555515524407816,0.0,0.0,0.0
1990-08-02 20:30:00+05:30,15.36,0.62,54.25,6.161141080530606,0.0,0.0,0.0
1990-08-02 21:30:00+05:30,14.52,0.55,58.1,6.372077216541511,0.0,0.0,0.0
1990-08-02 22:30:00+05:30,13.66,0.41,62.45,6.612268300080139,0.0,0.0,0.0
1990-08-02 23:30:00+05:30,13.01,0.28,66.95,7.009522131477833,0.0,0.0,0.0
1990-08-03 00:30:00+05:30,12.69,0.14,64.55,6.173589748459779,0.0,0.0,0.0
1990-08-03 01:30:00+05:30,11.94,0.07,69.25,6.479231541540976,0.0,0.0,0.0
1990-08-03 02:30:00+05:30,11.09,0.14,71.75,6.178649422457639,0.0,0.0,0.0
1990-08-03 03:30:00+05:30,10.35,0.34,74.4,5.991214503448161,0.0,0.0,0.0
1990-08-03 04:30:00+05:30,9.75,0.34,77.1,5.926715415650852,0.0,0.0,0.0
1990-08-03 05:30:00+05:30,9.39,0.34,77.0,5.558774218404115,0.0,0.0,0.0
1990-08-03 06:30:00+05:30,9.25,0.34,79.9,5.957262530355735,201.2,716.5,69.6
1990-08-03 07:30:00+05:30,11.14,0.07,77.2,7.2938610913935955,411.75,796.14,103.35
1990-08-03 08:30:00+05:30,12.82,0.55,74.7,8.436025899607477,560.45,743.49,132.05
1990-08-03 09:30:00+05:30,14.05,0.69,69.65,8.584644385819216,672.0,662.01,183.9
1990-08-03 10:30:00+05:30,15.31,0.83,62.75,8.243327130886978,735.0,543.74,267.55
1990-08-03 11:30:00+05:30,16.15,1.17,56.5,7.490217777416011,799.1,618.64,220.65
1990-08-03 12:30:00+05:30,16.22,1.17,56.5,7.55561919112461,878.5,727.09,181.8
1990-08-03 13:30:00+05:30,16.97,1.38,52.65,7.219523976926747,791.8,679.88,161.15
1990-08-03 14:30:00+05:30,17.37,1.38,50.85,7.0806963222780075,625.35,541.7,167.45
1990-08-03 15:30:00+05:30,17.56,1.59,50.85,7.255977791664658,489.65,461.19,159.0
1990-08-03 16:30:00+05:30,17.28,1.72,50.85,6.997664732558776,267.85,287.79,109.2
1990-08-03 17:30:00+05:30,16.72,1.03,50.75,6.452347336182813,163.35,268.93,66.65
1990-08-03 18:30:00+05:30,16.27,0.62,54.45,7.061172089493442,21.6,46.81,14.35
1990-08-03 19:30:00+05:30,15.67,0.28,56.35,7.00288914009462,0.0,0.0,0.0
1990-08-03 20:30:00+05:30,15.15,0.28,56.25,6.4912669518472335,0.0,0.0,0.0
1990-08-03 21:30:00+05:30,14.26,0.34,60.3,6.6684224486708334,0.0,0.0,0.0
1990-08-03 22:30:00+05:30,13.2,0.28,67.05,7.212552922403051,0.0,0.0,0.0
1990-08-03 23:30:00+05:30,12.29,0.28,71.95,7.37339003326808,0.0,0.0,0.0
1990-08-04 00:30:00+05:30,11.84,0.41,69.25,6.383466848128854,0.0,0.0,0.0
1990-08-04 01:30:00+05:30,11.07,0.41,71.75,6.159414730037057,0.0,0.0,0.0
1990-08-04 02:30:00+05:30,10.1,0.41,77.15,6.275617223186231,0.0,0.0,0.0
1990-08-04 03:30:00+05:30,9.31,0.41,82.9,6.55091582629045,0.0,0.0,0.0
1990-08-04 04:30:00+05:30,8.67,0.48,85.95,6.449037414400979,0.0,0.0,0.0
1990-08-04 05:30:00+05:30,8.08,0.48,85.9,5.8609668084099855,0.0,0.0,0.0
1990-08-04 06:30:00+05:30,8.27,0.48,89.1,6.578840468228409,195.4,636.55,79.85
1990-08-04 07:30:00+05:30,10.22,0.28,86.05,7.988845883592577,374.45,602.2,142.3
1990-08-04 08:30:00+05:30,12.47,0.48,77.35,8.612537516109937,573.65,735.5,151.05
1990-08-04 09:30:00+05:30,14.21,0.83,67.25,8.219743769779619,717.8,741.51,172.15
1990-08-04 10:30:00+05:30,15.66,0.9,60.65,8.072059209749158,757.05,598.28,243.5
1990-08-04 11:30:00+05:30,16.53,1.03,56.5,7.845239845243459,810.25,597.69,252.15
1990-08-04 12:30:00+05:30,17.27,1.45,50.85,6.988438860469808,853.45,664.19,217.9
1990-08-04 13:30:00+05:30,17.88,1.66,49.15,7.053383328804393,815.8,711.33,157.0
1990-08-04 14:30:00+05:30,18.29,1.79,45.85,6.415681336554548,666.3,553.35,199.45
1990-08-04 15:30:00+05:30,18.52,1.66,44.2,6.092752274971796,476.95,466.1,143.65
1990-08-04 16:30:00+05:30,18.42,1.17,44.2,6.002024527999914,339.7,446.34,94.6
1990-08-04 17:30:00+05:30,18.3,0.97,42.6,5.360588040050766,171.05,288.56,68.0
1990-08-04 18:30:00+05:30,17.74,0.76,44.05,5.335991988409614,26.05,61.13,16.75
1990-08-04 19:30:00+05:30,16.87,0.48,48.9,6.051358458952265,0.0,0.0,0.0
1990-08-04 20:30:00+05:30,16.16,0.34,48.8,5.369633113446084,0.0,0.0,0.0
1990-08-04 21:30:00+05:30,15.25,0.21,52.25,5.515567732186418,0.0,0.0,0.0
1990-08-04 22:30:00+05:30,14.46,0.14,56.0,5.782263506025576,0.0,0.0,0.0
1990-08-04 23:30:00+05:30,13.74,0.07,60.2,6.154538631085289,0.0,0.0,0.0
1990-08-05 00:30:00+05:30,12.83,0.28,59.95,5.237467805241056,0.0,0.0,0.0
1990-08-05 01:30:00+05:30,12.07,0.34,64.35,5.539939130069942,0.0,0.0,0.0
1990-08-05 02:30:00+05:30,11.4,0.34,66.65,5.409076913578005,0.0,0.0,0.0
1990-08-05 03:30:00+05:30,10.78,0.34,66.65,4.817886781803318,0.0,0.0,0.0
1990-08-05 04:30:00+05:30,10.2,0.34,69.1,4.781584395685524,0.0,0.0,0.0
1990-08-05 05:30:00+05:30,9.8,0.34,71.6,4.907834659112657,0.0,0.0,0.0
1990-08-05 06:30:00+05:30,9.29,0.28,74.2,4.928615494894647,210.75,776.06,71.55
1990-08-05 07:30:00+05:30,11.37,0.0,74.45,6.9861769086556045,427.4,837.27,106.2
1990-08-05 08:30:00+05:30,13.14,0.69,67.05,7.155322982079189,617.2,800.96,158.3
1990-08-05 09:30:00+05:30,14.43,0.83,64.85,7.893966200929698,725.3,735.01,185.5
1990-08-05 10:30:00+05:30,15.6,0.9,60.5,7.979073593015998,824.85,757.04,176.05
1990-08-05 11:30:00+05:30,16.59,1.03,56.5,7.901292783950779,885.9,773.88,164.3
1990-08-05 12:30:00+05:30,17.32,1.1,58.8,9.174703083667884,872.4,710.15,193.85
1990-08-05 13:30:00+05:30,18.11,1.1,56.85,9.412914500869613,851.8,735.84,171.4
1990-08-05 14:30:00+05:30,18.59,1.31,54.95,9.35462666091133,696.8,649.89,149.6
1990-08-05 15:30:00+05:30,18.42,1.31,54.95,9.196409451942698,574.9,608.57,140.9
1990-08-05 16:30:00+05:30,18.08,1.45,56.85,9.38487871099493,334.15,387.27,122.35
1990-08-05 17:30:00+05:30,15.99,1.72,65.15,9.444272701535118,114.35,128.04,68.95
1990-08-05 18:30:00+05:30,15.41,1.03,67.45,9.408600258758277,18.6,34.49,13.45
1990-08-05 19:30:00+05:30,14.75,0.48,67.35,8.756874215562165,0.0,0.0,0.0
1990-08-05 20:30:00+05:30,14.25,0.14,69.75,8.797483802809303,0.0,0.0,0.0
1990-08-05 21:30:00+05:30,13.0,0.34,77.45,9.145836050823128,0.0,0.0,0.0
1990-08-05 22:30:00+05:30,12.39,0.41,80.2,9.070992292488397,0.0,0.0,0.0
1990-08-05 23:30:00+05:30,12.0,0.34,83.1,9.217938836812163,0.0,0.0,0.0
1990-08-06 00:30:00+05:30,11.44,0.21,89.3,9.739529055403983,0.0,0.0,0.0
1990-08-06 01:30:00+05:30,11.11,0.41,89.3,9.413920336464548,0.0,0.0,0.0
1990-08-06 02:30:00+05:30,11.0,0.28,89.3,9.305382843615282,0.0,0.0,0.0
1990-08-06 03:30:00+05:30,10.98,0.21,89.3,9.285648686684704,0.0,0.0,0.0
1990-08-06 04:30:00+05:30,10.89,0.34,86.1,8.655676856430487,0.0,0.0,0.0
1990-08-06 05:30:00+05:30,10.84,0.41,89.3,9.147509008164842,0.0,0.0,0.0
1990-08-06 06:30:00+05:30,10.53,0.34,89.25,8.83332487104706,71.35,83.52,56.55
1990-08-06 07:30:00+05:30,10.58,0.48,89.25,8.882658139109065,174.05,185.73,103.15
1990-08-06 08:30:00+05:30,11.52,0.55,83.05,8.739428227980433,322.55,237.53,186.85
1990-08-06 09:30:00+05:30,12.12,0.62,80.2,8.807957581983988,511.35,410.88,210.2
1990-08-06 10:30:00+05:30,13.5,0.62,77.5,9.64051137618355,742.15,610.88,219.45
1990-08-06 11:30:00+05:30,14.96,0.76,75.0,10.563244245533923,661.85,386.0,302.45
1990-08-06 12:30:00+05:30,14.84,1.03,75.0,10.447297235895444,817.8,611.68,234.2
1990-08-06 13:30:00+05:30,16.07,1.1,70.0,10.59467577509916,819.9,670.24,201.2
1990-08-06 14:30:00+05:30,16.66,1.31,65.35,10.126688075197873,708.05,578.94,221.6
1990-08-06 15:30:00+05:30,16.89,1.1,63.05,9.809056214522853,515.25,482.05,172.45
1990-08-06 16:30:00+05:30,16.59,1.24,62.95,9.501515727016175,287.95,283.06,133.8
1990-08-06 17:30:00+05:30,15.12,1.17,67.35,9.109864044380851,136.4,152.71,82.65
1990-08-06 18:30:00+05:30,14.34,1.24,69.75,8.883710165517176,13.4,16.05,11.05
1990-08-06 19:30:00+05:30,13.08,0.69,74.7,8.687190778117843,0.0,0.0,0.0
1990-08-06 20:30:00+05:30,12.16,0.41,86.2,9.920726687984988,0.0,0.0,0.0
1990-08-06 21:30:00+05:30,11.88,0.21,80.15,8.564920683329671,0.0,0.0,0.0
1990-08-06 22:30:00+05:30,11.32,0.41,83.05,8.543770549887837,0.0,0.0,0.0
1990-08-06 23:30:00+05:30,10.55,0.41,86.05,8.31305516924831,0.0,0.0,0.0
1990-08-07 00:30:00+05:30,10.07,0.28,89.2,8.371178678682092,0.0,0.0,0.0
1990-08-07 01:30:00+05:30,9.76,0.14,89.2,8.065322205259283,0.0,0.0,0.0
1990-08-07 02:30:00+05:30,9.62,0.14,89.2,7.927191828088535,0.0,0.0,0.0
1990-08-07 03:30:00+05:30,9.62,0.14,89.2,7.927191828088535,0.0,0.0,0.0
1990-08-07 04:30:00+05:30,9.58,0.34,92.45,8.41517853137946,0.0,0.0,0.0
1990-08-07 05:30:00+05:30,9.51,0.48,89.15,7.8104183151040925,0.0,0.0,0.0
1990-08-07 06:30:00+05:30,10.24,0.41,86.05,8.008495142958814,131.15,226.82,91.45
1990-08-07 07:30:00+05:30,10.65,0.69,83.05,7.888292873821072,385.45,675.41,128.9
1990-08-07 08:30:00+05:30,11.69,0.97,77.3,7.846361514409267,541.6,716.26,133.6
1990-08-07 09:30:00+05:30,12.61,1.1,71.95,7.681181269933872,713.05,725.01,182.75
1990-08-07 10:30:00+05:30,13.89,1.17,62.45,6.82981078951929,718.7,588.06,216.35
1990-08-07 11:30:00+05:30,14.93,1.38,56.15,6.259930394854036,943.45,824.52,176.9
1990-08-07 12:30:00+05:30,15.77,1.31,58.45,7.632209160110748,849.4,638.7,240.95
1990-08-07 13:30:00+05:30,16.53,1.24,52.5,6.7702734437506855,746.45,603.53,190.3
1990-08-07 14:30:00+05:30,16.9,1.38,48.9,6.078913567189404,676.85,608.29,166.85
1990-08-07 15:30:00+05:30,17.17,1.52,47.3,5.84461225820084,447.3,366.76,187.25
1990-08-07 16:30:00+05:30,17.08,1.79,48.9,6.244238659905033,316.4,360.56,120.9
1990-08-07 17:30:00+05:30,16.59,1.66,50.6,6.289425519233416,140.9,237.5,57.95
1990-08-07 18:30:00+05:30,15.81,1.52,52.4,6.075672181288048,18.8,34.88,13.8
1990-08-07 19:30:00+05:30,14.5,1.17,64.85,7.960457942446105,0.0,0.0,0.0
1990-08-07 20:30:00+05:30,13.25,1.1,69.55,7.797117053628538,0.0,0.0,0.0
1990-08-07 21:30:00+05:30,13.41,0.9,64.65,6.879908895990506,0.0,0.0,0.0
1990-08-07 22:30:00+05:30,12.94,0.76,66.95,6.942763130583554,0.0,0.0,0.0
1990-08-07 23:30:00+05:30,12.26,0.69,69.35,6.806706947345943,0.0,0.0,0.0
1990-08-08 00:30:00+05:30,11.94,0.48,69.25,6.479231541540976,0.0,0.0,0.0
1990-08-08 01:30:00+05:30,11.38,0.48,71.75,6.457545891713765,0.0,0.0,0.0
1990-08-08 02:30:00+05:30,10.84,0.41,71.75,5.938211564320073,0.0,0.0,0.0
1990-08-08 03:30:00+05:30,10.41,0.41,74.4,6.049168435999744,0.0,0.0,0.0
1990-08-08 04:30:00+05:30,10.02,0.34,77.1,6.188608344555645,0.0,0.0,0.0
1990-08-08 05:30:00+05:30,9.58,0.34,77.1,5.761815529637294,0.0,0.0,0.0
1990-08-08 06:30:00+05:30,9.33,0.28,79.9,6.0351882646509925,165.0,483.38,81.45
1990-08-08 07:30:00+05:30,9.52,0.41,82.9,6.756348405996163,394.6,738.08,115.65
1990-08-08 08:30:00+05:30,11.03,0.62,71.75,6.12094516977386,581.1,708.08,178.95
1990-08-08 09:30:00+05:30,12.72,0.76,62.2,5.665100627942754,664.3,573.01,246.05
1990-08-08 10:30:00+05:30,14.08,0.9,55.9,5.40164665430371,813.7,632.78,274.05
1990-08-08 11:30:00+05:30,15.48,1.17,48.55,4.6713465530940335,773.6,495.12,314.0
1990-08-08 12:30:00+05:30,16.5,1.17,45.3,4.611085725459033,856.05,624.52,262.05
1990-08-08 13:30:00+05:30,17.38,1.31,42.3,4.42812487155985,702.7,464.32,275.6
1990-08-08 14:30:00+05:30,17.69,1.1,40.9,4.226427900756247,693.55,571.7,215.3
1990-08-08 15:30:00+05:30,18.04,1.17,40.9,4.541203287897592,522.5,503.68,166.45
1990-08-08 16:30:00+05:30,17.86,1.24,39.4,3.846184394744668,384.2,514.87,106.3
1990-08-08 17:30:00+05:30,17.64,1.17,40.75,4.129011897574758,177.4,318.92,66.9
1990-08-08 18:30:00+05:30,16.87,0.97,42.15,3.9169146203013976,23.25,59.52,14.9
1990-08-08 19:30:00+05:30,15.65,0.69,50.5,5.393863077456141,0.0,0.0,0.0
1990-08-08 20:30:00+05:30,15.23,0.62,45.05,3.375960014292446,0.0,0.0,0.0
1990-08-08 21:30:00+05:30,14.31,0.55,50.1,4.044265163031544,0.0,0.0,0.0
1990-08-08 22:30:00+05:30,13.43,0.48,53.7,4.2199802416385905,0.0,0.0,0.0
1990-08-08 23:30:00+05:30,12.7,0.34,55.65,4.049028838769629,0.0,0.0,0.0
1990-08-09 00:30:00+05:30,12.02,0.21,55.4,3.3503191176625644,0.0,0.0,0.0
1990-08-09 01:30:00+05:30,11.37,0.28,57.4,3.245158522327634,0.0,0.0,0.0
1990-08-09 02:30:00+05:30,10.69,0.28,57.4,2.6078303784228125,0.0,0.0,0.0
1990-08-09 03:30:00+05:30,10.04,0.28,61.65,3.0044727531374984,0.0,0.0,0.0
1990-08-09 04:30:00+05:30,9.38,0.34,63.9,2.885976912890209,0.0,0.0,0.0
1990-08-09 05:30:00+05:30,8.83,0.41,66.25,2.8729944756902874,0.0,0.0,0.0
1990-08-09 06:30:00+05:30,8.57,0.41,66.25,2.6251377560886415,224.5,927.9,66.15
1990-08-09 07:30:00+05:30,10.81,0.14,64.25,4.3212169170268115,452.55,975.07,85.9
1990-08-09 08:30:00+05:30,12.81,0.83,57.75,4.681544942183587,665.1,1002.02,97.7
1990-08-09 09:30:00+05:30,14.39,0.97,56.0,5.716899986241752,835.35,992.75,112.25
1990-08-09 10:30:00+05:30,15.84,1.03,52.4,6.10345879423251,949.1,961.4,130.6
1990-08-09 11:30:00+05:30,17.05,1.1,50.75,6.75676724939326,939.45,821.86,177.75
1990-08-09 12:30:00+05:30,17.71,1.17,44.05,5.308777034705369,888.85,720.32,204.85
1990-08-09 13:30:00+05:30,18.24,1.38,42.6,5.306380026135981,865.85,761.12,167.05
1990-08-09 14:30:00+05:30,18.48,1.59,42.6,5.523204692243091,749.35,698.49,166.4
1990-08-09 15:30:00+05:30,18.58,1.59,42.6,5.613542487578236,532.5,551.83,143.65
1990-08-09 16:30:00+05:30,18.42,1.45,42.6,5.469000373062352,361.15,499.81,92.65
1990-08-09 17:30:00+05:30,18.08,1.17,42.45,5.1110709590270105,175.5,327.98,62.8
1990-08-09 18:30:00+05:30,17.49,0.83,43.9,5.060137082839686,21.5,54.7,14.0
1990-08-09 19:30:00+05:30,16.38,0.62,50.6,6.095746934688004,0.0,0.0,0.0
1990-08-09 20:30:00+05:30,15.84,0.55,46.9,4.505937710780139,0.0,0.0,0.0
1990-08-09 21:30:00+05:30,14.91,0.48,52.15,5.1731166058256015,0.0,0.0,0.0
1990-08-09 22:30:00+05:30,13.95,0.28,55.9,5.280269409357082,0.0,0.0,0.0
1990-08-09 23:30:00+05:30,13.08,0.0,59.95,5.472848913897753,0.0,0.0,0.0
1990-08-10 00:30:00+05:30,12.1,0.28,64.35,5.568423347383234,0.0,0.0,0.0
1990-08-10 01:30:00+05:30,11.34,0.34,66.65,5.351867928310614,0.0,0.0,0.0
1990-08-10 02:30:00+05:30,10.64,0.34,66.65,4.68438285257651,0.0,0.0,0.0
1990-08-10 03:30:00+05:30,10.06,0.41,69.0,4.626755745176147,0.0,0.0,0.0
1990-08-10 04:30:00+05:30,9.52,0.41,71.5,4.618530442501319,0.0,0.0,0.0
1990-08-10 05:30:00+05:30,9.07,0.41,74.15,4.706484437979046,0.0,0.0,0.0
1990-08-10 06:30:00+05:30,8.93,0.41,74.15,4.571285924564963,207.0,797.53,72.65
1990-08-10 07:30:00+05:30,11.35,0.21,69.15,5.893277226505487,417.05,812.35,113.15
1990-08-10 08:30:00+05:30,13.59,0.41,60.05,5.977122990630296,610.95,839.79,136.85
1990-08-10 09:30:00+05:30,15.22,0.69,54.25,6.030925975679623,805.2,912.94,141.65
1990-08-10 10:30:00+05:30,16.67,0.97,52.65,6.941583646514377,903.3,875.78,159.0
1990-08-10 11:30:00+05:30,17.88,1.24,49.15,7.053383328804393,869.35,745.49,179.55
1990-08-10 12:30:00+05:30,18.83,1.38,44.3,6.406829966896378,752.5,553.6,227.7
1990-08-10 13:30:00+05:30,19.29,1.45,41.3,5.80574356950275,829.6,702.79,185.6
1990-08-10 14:30:00+05:30,19.83,1.66,39.95,5.809953170618254,690.7,579.95,207.85
1990-08-10 15:30:00+05:30,19.73,1.79,39.95,5.72033072912292,447.6,392.75,171.75
1990-08-10 16:30:00+05:30,19.52,1.66,41.3,6.012703914524213,282.4,312.3,115.45
1990-08-10 17:30:00+05:30,19.06,1.52,42.7,6.081101918199554,129.5,169.66,71.7
1990-08-10 18:30:00+05:30,18.31,1.17,44.2,5.90222020150013,16.4,29.14,12.5
1990-08-10 19:30:00+05:30,16.52,1.24,65.25,9.970738678823675,0.0,0.0,0.0
1990-08-10 20:30:00+05:30,16.97,0.9,47.15,5.615749000850339,0.0,0.0,0.0
1990-08-10 21:30:00+05:30,16.2,0.48,48.8,5.406372822832557,0.0,0.0,0.0
1990-08-10 22:30:00+05:30,15.25,0.48,54.25,6.0588296350377115,0.0,0.0,0.0
1990-08-10 23:30:00+05:30,14.42,0.41,58.1,6.27830109481763,0.0,0.0,0.0
1990-08-11 00:30:00+05:30,14.05,0.48,60.2,6.446489048949147,0.0,0.0,0.0
1990-08-11 01:30:00+05:30,13.25,0.21,62.3,6.1895512480418695,0.0,0.0,0.0
1990-08-11 02:30:00+05:30,12.51,0.07,66.85,6.510907242653068,0.0,0.0,0.0
1990-08-11 03:30:00+05:30,11.72,0.14,69.25,6.268547093833766,0.0,0.0,0.0
1990-08-11 04:30:00+05:30,11.1,0.21,71.75,6.1882667467402905,0.0,0.0,0.0
1990-08-11 05:30:00+05:30,10.6,0.28,71.75,5.70738262439708,0.0,0.0,0.0
1990-08-11 06:30:00+05:30,10.0,0.28,79.95,6.696904556281103,162.05,566.3,67.9
1990-08-11 07:30:00+05:30,11.6,0.07,80.1,8.28294234766566,377.35,745.23,100.0
1990-08-11 08:30:00+05:30,13.22,0.55,72.1,8.298594412097728,575.5,751.21,152.7
1990-08-11 09:30:00+05:30,14.77,1.03,67.35,8.775955348729058,617.85,613.72,172.75
1990-08-11 10:30:00+05:30,16.04,1.24,60.65,8.430085808553063,904.15,904.1,137.15
1990-08-11 11:30:00+05:30,17.48,1.45,52.75,7.7198354985384166,870.05,718.64,206.2
1990-08-11 12:30:00+05:30,18.42,1.66,49.3,7.594175498051311,851.0,623.31,261.15
1990-08-11 13:30:00+05:30,19.02,1.93,45.95,7.112625500834609,809.55,682.06,185.8
1990-08-11 14:30:00+05:30,19.5,2.07,42.85,6.529593002013976,709.2,683.7,141.4
1990-08-11 15:30:00+05:30,19.77,2.21,41.45,6.290273398964918,503.25,516.3,141.85
1990-08-11 16:30:00+05:30,19.49,2.0,41.3,5.985710144119119,369.2,491.75,107.65
1990-08-11 17:30:00+05:30,19.11,1.79,42.7,6.126273646026706,154.9,232.34,76.45
1990-08-11 18:30:00+05:30,18.22,1.24,44.2,5.820559151217504,17.5,28.35,13.8
1990-08-11 19:30:00+05:30,16.73,0.9,58.7,8.595812903259626,0.0,0.0,0.0
1990-08-11 20:30:00+05:30,16.8,0.62,47.15,5.460263312778795,0.0,0.0,0.0
1990-08-11 21:30:00+05:30,16.0,0.48,50.5,5.716651651082079,0.0,0.0,0.0
1990-08-11 22:30:00+05:30,15.1,0.34,56.15,6.418695326477384,0.0,0.0,0.0
1990-08-11 23:30:00+05:30,14.24,0.14,58.1,6.109498273977419,0.0,0.0,0.0
1990-08-12 00:30:00+05:30,13.28,0.07,60.05,5.685226350107152,0.0,0.0,0.0
1990-08-12 01:30:00+05:30,12.57,0.0,64.45,6.037154366038399,0.0,0.0,0.0
1990-08-12 02:30:00+05:30,11.66,0.21,69.25,6.2110863484928664,0.0,0.0,0.0
1990-08-12 03:30:00+05:30,10.39,0.34,74.4,6.029850510906874,0.0,0.0,0.0
1990-08-12 04:30:00+05:30,9.63,0.41,77.1,5.81031584410271,0.0,0.0,0.0
1990-08-12 05:30:00+05:30,9.04,0.48,79.85,5.743653937557654,0.0,0.0,0.0
1990-08-12 06:30:00+05:30,9.08,0.48,79.9,5.79166820472433,203.05,802.82,71.35
1990-08-12 07:30:00+05:30,10.98,0.41,77.2,7.138663577303283,375.55,709.57,112.85
1990-08-12 08:30:00+05:30,13.0,0.28,69.45,7.536528879669564,617.35,865.54,131.7
1990-08-12 09:30:00+05:30,14.82,0.83,62.65,7.756299400450545,765.3,850.14,150.1
1990-08-12 10:30:00+05:30,16.51,1.1,54.45,7.284426354134643,900.2,841.16,187.9
1990-08-12 11:30:00+05:30,17.92,1.38,47.4,6.561410855509368,936.05,851.74,150.6
1990-08-12 12:30:00+05:30,18.8,1.52,42.7,5.84619518384451,922.85,800.74,166.45
1990-08-12 13:30:00+05:30,19.52,1.86,39.8,5.477830004695762,847.6,724.73,186.2
1990-08-12 14:30:00+05:30,19.98,2.0,38.5,5.410161860431805,726.1,719.88,129.8
1990-08-12 15:30:00+05:30,20.47,1.86,35.9,4.839712155531357,566.4,627.86,128.45
1990-08-12 16:30:00+05:30,20.41,1.72,35.9,4.7866161928647415,354.35,471.65,104.8
1990-08-12 17:30:00+05:30,19.93,1.79,37.1,4.832788494493297,158.5,273.66,66.95
1990-08-12 18:30:00+05:30,19.1,1.38,39.65,5.047210070721549,17.85,44.45,12.2
1990-08-12 19:30:00+05:30,17.32,0.97,56.75,8.64851327192883,0.0,0.0,0.0
1990-08-12 20:30:00+05:30,17.52,0.76,43.9,5.0873434627351,0.0,0.0,0.0
1990-08-12 21:30:00+05:30,16.66,0.62,45.45,4.804187755994059,0.0,0.0,0.0
1990-08-12 22:30:00+05:30,15.75,0.55,50.5,5.486091915545513,0.0,0.0,0.0
1990-08-12 23:30:00+05:30,14.84,0.48,54.1,5.637457083588748,0.0,0.0,0.0
1990-08-13 00:30:00+05:30,14.25,0.14,48.25,3.453789949529766,0.0,0.0,0.0
1990-08-13 01:30:00+05:30,13.5,0.07,51.75,3.757654634275043,0.0,0.0,0.0
1990-08-13 02:30:00+05:30,12.51,0.21,55.5,3.833226359733225,0.0,0.0,0.0
1990-08-13 03:30:00+05:30,11.7,0.28,57.55,3.5914874919994726,0.0,0.0,0.0
1990-08-13 04:30:00+05:30,10.96,0.34,59.6,3.3932941519049606,0.0,0.0,0.0
1990-08-13 05:30:00+05:30,10.34,0.34,61.75,3.3109947146878937,0.0,0.0,0.0
1990-08-13 06:30:00+05:30,9.86,0.34,64.0,3.363757342445168,210.5,876.21,68.7
1990-08-13 07:30:00+05:30,11.85,0.14,62.0,4.796126082047196,439.45,958.65,86.4
1990-08-13 08:30:00+05:30,13.86,0.76,58.0,5.728207423286899,651.6,982.93,101.8
1990-08-13 09:30:00+05:30,15.51,0.97,54.25,6.30065169380585,825.7,984.24,115.05
1990-08-13 10:30:00+05:30,17.11,1.1,48.9,6.2717919159420115,945.05,968.26,126.65
1990-08-13 11:30:00+05:30,18.53,1.24,44.2,6.101824868493807,937.4,838.73,165.3
1990-08-13 12:30:00+05:30,19.69,1.66,38.5,5.151375717929364,843.25,695.75,187.25
1990-08-13 13:30:00+05:30,20.15,1.79,37.1,5.02825088971465,834.85,743.52,157.75
1990-08-13 14:30:00+05:30,20.41,1.93,37.25,5.317350501020254,766.75,783.36,119.6
1990-08-13 15:30:00+05:30,20.46,2.0,37.25,5.36178690835906,532.3,581.72,128.0
1990-08-13 16:30:00+05:30,20.16,1.86,37.1,5.037135098215542,319.0,372.26,123.1
1990-08-13 17:30:00+05:30,19.67,1.52,38.35,5.077377983088275,154.4,270.85,64.65
1990-08-13 18:30:00+05:30,18.92,1.17,39.65,4.885980145456313,16.0,33.57,11.85
1990-08-13 19:30:00+05:30,17.33,1.03,58.8,9.184087350983098,0.0,0.0,0.0
1990-08-13 20:30:00+05:30,17.38,0.9,43.9,4.960377800542955,0.0,0.0,0.0
1990-08-13 21:30:00+05:30,16.9,1.03,45.45,5.022772226625393,0.0,0.0,0.0
1990-08-13 22:30:00+05:30,16.2,0.76,47.0,4.865667583565371,0.0,0.0,0.0
1990-08-13 23:30:00+05:30,15.33,0.62,50.35,5.05593451947347,0.0,0.0,0.0
1990-08-14 00:30:00+05:30,14.9,0.48,50.25,4.6309264514613995,0.0,0.0,0.0
1990-08-14 01:30:00+05:30,14.19,0.41,53.95,4.993046016484683,0.0,0.0,0.0
1990-08-14 02:30:00+05:30,13.53,0.28,57.9,5.393868412856762,0.0,0.0,0.0
1990-08-14 03:30:00+05:30,13.02,0.28,59.95,5.4163586917711015,0.0,0.0,0.0
1990-08-14 04:30:00+05:30,12.54,0.41,64.45,6.008667688823382,0.0,0.0,0.0
1990-08-14 05:30:00+05:30,11.93,0.69,69.25,6.469655144546232,0.0,0.0,0.0
1990-08-14 06:30:00+05:30,11.74,0.28,74.55,7.36318861582282,71.9,23.81,68.1
1990-08-14 07:30:00+05:30,11.93,0.62,77.3,8.079172336543353,188.5,229.17,104.55
1990-08-14 08:30:00+05:30,12.64,1.03,74.7,8.262137401733185,259.15,290.99,96.9
1990-08-14 09:30:00+05:30,13.22,1.17,72.1,8.298594412097728,568.8,503.62,206.0
1990-08-14 10:30:00+05:30,14.9,1.17,62.65,7.831977144477203,605.0,391.82,274.45
1990-08-14 11:30:00+05:30,15.82,1.38,56.35,7.143007395223171,720.2,502.07,258.85
1990-08-14 12:30:00+05:30,17.46,1.93,49.05,6.637818430515682,733.55,549.69,216.25
1990-08-14 13:30:00+05:30,17.91,2.07,45.7,6.0219055383282765,702.05,547.41,204.65
1990-08-14 14:30:00+05:30,18.23,2.14,42.6,5.2973452374064065,605.35,528.93,169.6
1990-08-14 15:30:00+05:30,18.41,2.07,41.05,4.926486285286257,472.6,476.46,142.7
1990-08-14 16:30:00+05:30,18.41,1.93,39.55,4.392978423101648,273.0,324.37,103.25
1990-08-14 17:30:00+05:30,18.27,1.52,38.1,3.735103124324386,143.1,262.73,56.9
1990-08-14 18:30:00+05:30,17.63,1.17,40.75,4.120021310583362,14.2,37.9,9.65
1990-08-14 19:30:00+05:30,16.39,0.76,54.45,7.17280105514883,0.0,0.0,0.0
1990-08-14 20:30:00+05:30,16.39,0.83,45.3,4.510927681921411,0.0,0.0,0.0
1990-08-14 21:30:00+05:30,15.95,0.83,45.15,4.062940792091203,0.0,0.0,0.0
1990-08-14 22:30:00+05:30,15.11,0.76,48.4,4.287386293400514,0.0,0.0,0.0
1990-08-14 23:30:00+05:30,14.26,0.76,52.0,4.529943669735537,0.0,0.0,0.0
1990-08-15 00:30:00+05:30,13.29,0.76,55.75,4.625477776486764,0.0,0.0,0.0
1990-08-15 01:30:00+05:30,12.55,0.76,62.1,5.481128504165878,0.0,0.0,0.0
1990-08-15 02:30:00+05:30,11.9,0.69,64.35,5.378525328171003,0.0,0.0,0.0
1990-08-15 03:30:00+05:30,11.28,0.62,69.15,5.8262467309388635,0.0,0.0,0.0
1990-08-15 04:30:00+05:30,10.64,0.55,71.75,5.745854699173699,0.0,0.0,0.0
1990-08-15 05:30:00+05:30,10.28,0.48,74.4,5.92360098580685,0.0,0.0,0.0
1990-08-15 06:30:00+05:30,10.11,0.41,74.4,5.759394054963071,132.2,262.08,90.95
1990-08-15 07:30:00+05:30,10.51,0.62,74.4,6.145757275107775,337.2,479.76,162.4
1990-08-15 08:30:00+05:30,11.55,0.9,71.75,6.621031209941501,587.5,775.89,156.25
1990-08-15 09:30:00+05:30,13.3,1.03,60.05,5.704059022349614,719.3,690.26,223.2
1990-08-15 10:30:00+05:30,14.86,1.24,52.15,5.126818616025592,729.8,561.71,256.85
1990-08-15 11:30:00+05:30,16.08,1.45,45.15,4.181282025832666,794.85,627.84,219.0
1990-08-15 12:30:00+05:30,16.33,1.59,45.3,4.45629438358989,750.55,483.65,296.3
1990-08-15 13:30:00+05:30,17.11,1.66,42.15,4.133586070286472,669.85,490.64,225.05
1990-08-15 14:30:00+05:30,17.44,1.52,39.25,3.4159145059811555,687.45,579.93,211.05
1990-08-15 15:30:00+05:30,17.84,1.45,37.95,3.295631536251423,503.65,523.83,142.35
1990-08-15 16:30:00+05:30,18.13,1.38,35.2,2.49030044568859,279.8,327.31,109.5
1990-08-15 17:30:00+05:30,17.85,1.17,33.9,1.7150869078540547,132.65,227.86,58.65
1990-08-15 18:30:00+05:30,17.35,0.76,35.05,1.7409857746716633,11.7,19.33,9.45
1990-08-15 19:30:00+05:30,16.77,0.48,36.3,1.717735159745688,0.0,0.0,0.0
1990-08-15 20:30:00+05:30,16.41,0.48,37.55,1.8716448421437195,0.0,0.0,0.0
1990-08-15 21:30:00+05:30,15.71,0.48,38.85,1.7231441945509052,0.0,0.0,0.0
1990-08-15 22:30:00+05:30,14.9,0.48,43.25,2.4999330315247783,0.0,0.0,0.0
1990-08-15 23:30:00+05:30,14.23,0.41,44.75,2.3714254229542093,0.0,0.0,0.0
1990-08-16 00:30:00+05:30,13.55,0.21,46.2,2.1997500797961,0.0,0.0,0.0
1990-08-16 01:30:00+05:30,12.76,0.28,47.85,1.9690537788212163,0.0,0.0,0.0
1990-08-16 02:30:00+05:30,11.85,0.28,51.35,2.1211951675490055,0.0,0.0,0.0
1990-08-16 03:30:00+05:30,10.96,0.34,53.25,1.8054465737041476,0.0,0.0,0.0
1990-08-16 04:30:00+05:30,10.15,0.34,57.3,2.0771648514427468,0.0,0.0,0.0
1990-08-16 05:30:00+05:30,9.52,0.34,61.55,2.490082950415626,0.0,0.0,0.0
1990-08-16 06:30:00+05:30,8.86,0.34,63.8,2.3703190985654943,189.15,786.89,67.05
1990-08-16 07:30:00+05:30,10.92,0.14,57.4,2.8234094206799023,403.15,825.24,104.1
1990-08-16 08:30:00+05:30,12.62,0.83,51.65,2.9157615287058727,636.0,942.66,113.75
1990-08-16 09:30:00+05:30,14.26,0.97,48.25,3.4629685669493235,786.15,896.06,143.65
1990-08-16 10:30:00+05:30,15.75,1.03,43.5,3.3517829308816687,882.3,876.11,146.1
1990-08-16 11:30:00+05:30,16.98,1.31,40.6,3.4831931841548287,813.5,643.08,224.8
1990-08-16 12:30:00+05:30,17.58,1.52,39.25,3.5412460456119037,809.25,579.42,266.15
1990-08-16 13:30:00+05:30,17.73,1.72,39.4,3.729767637174261,778.1,673.56,168.9
1990-08-16 14:30:00+05:30,17.97,1.66,39.4,3.9446860177558474,669.15,607.83,171.3
1990-08-16 15:30:00+05:30,17.9,1.72,40.9,4.41529836631927,508.55,518.35,152.45
1990-08-16 16:30:00+05:30,17.57,1.86,42.3,4.59969500097702,329.15,441.59,100.75
1990-08-16 17:30:00+05:30,17.09,1.93,43.8,4.664667160882491,117.85,143.0,71.9
1990-08-16 18:30:00+05:30,16.23,1.38,45.3,4.365236316491307,8.45,14.64,6.8
1990-08-16 19:30:00+05:30,15.63,0.83,50.35,5.332544263095499,0.0,0.0,0.0
1990-08-16 20:30:00+05:30,15.36,0.48,46.75,4.021316143722536,0.0,0.0,0.0
1990-08-16 21:30:00+05:30,14.87,0.34,48.4,4.067073310439947,0.0,0.0,0.0
1990-08-16 22:30:00+05:30,14.19,0.21,52.0,4.465135556304173,0.0,0.0,0.0
1990-08-16 23:30:00+05:30,13.37,0.07,55.75,4.700161671978854,0.0,0.0,0.0
1990-08-17 00:30:00+05:30,12.75,0.14,57.75,4.6252952551858195,0.0,0.0,0.0
1990-08-17 01:30:00+05:30,12.04,0.21,62.0,4.975754909005268,0.0,0.0,0.0
1990-08-17 02:30:00+05:30,11.31,0.28,64.25,4.795966086173765,0.0,0.0,0.0
1990-08-17 03:30:00+05:30,10.64,0.34,64.25,4.15979131621703,0.0,0.0,0.0
1990-08-17 04:30:00+05:30,10.13,0.28,66.55,4.176580421954224,0.0,0.0,0.0
1990-08-17 05:30:00+05:30,9.05,0.34,74.15,4.687170523648602,0.0,0.0,0.0
1990-08-17 06:30:00+05:30,8.3,0.41,76.85,4.473622481145337,79.65,0.0,79.65
1990-08-17 07:30:00+05:30,10.42,0.14,69.1,4.9922697076335565,340.25,606.0,121.85
1990-08-17 08:30:00+05:30,12.27,0.62,62.1,5.216389561272326,518.95,605.83,184.4
1990-08-17 09:30:00+05:30,13.92,0.9,55.9,5.25225868795883,696.4,706.89,190.75
1990-08-17 10:30:00+05:30,15.47,1.03,50.35,5.185022243182006,860.95,792.15,196.65
1990-08-17 11:30:00+05:30,17.02,1.24,42.15,4.0523366119979825,822.95,657.8,221.95
1990-08-17 12:30:00+05:30,17.49,1.52,40.75,3.9941493410267057,894.9,776.44,168.65
1990-08-17 13:30:00+05:30,18.21,1.72,36.7,3.1504108384926144,780.1,676.59,169.65
1990-08-17 14:30:00+05:30,18.7,1.79,35.45,3.094142602835282,729.6,699.81,158.15
1990-08-17 15:30:00+05:30,18.97,1.86,34.15,2.8043048793677645,522.5,548.47,147.25
1990-08-17 16:30:00+05:30,18.85,1.66,34.15,2.6986485510601548,341.6,456.17,107.1
1990-08-17 17:30:00+05:30,18.63,1.24,34.05,2.46363537745804,139.25,251.85,59.2
1990-08-17 18:30:00+05:30,18.08,1.03,35.2,2.4461072370323578,9.55,0.0,9.55
1990-08-17 19:30:00+05:30,16.63,0.83,50.6,6.326315269736907,0.0,0.0,0.0
1990-08-17 20:30:00+05:30,16.77,0.69,36.3,1.717735159745688,0.0,0.0,0.0
1990-08-17 21:30:00+05:30,16.1,0.69,38.85,2.0721044108387683,0.0,0.0,0.0
1990-08-17 22:30:00+05:30,15.36,0.69,41.75,2.418961557245785,0.0,0.0,0.0
1990-08-17 23:30:00+05:30,14.56,0.69,46.5,3.2138879878571758,0.0,0.0,0.0
1990-08-18 00:30:00+05:30,13.83,0.41,44.65,1.9760379099338825,0.0,0.0,0.0
1990-08-18 01:30:00+05:30,12.21,0.21,49.6,1.967057139271091,0.0,0.0,0.0
1990-08-18 02:30:00+05:30,10.97,0.41,53.25,1.814738938264132,0.0,0.0,0.0
1990-08-18 03:30:00+05:30,10.0,0.55,59.35,2.4303414849201914,0.0,0.0,0.0
1990-08-18 04:30:00+05:30,9.2,0.55,61.55,2.1876330516462623,0.0,0.0,0.0
1990-08-18 05:30:00+05:30,8.46,0.62,66.15,2.4989962914831962,0.0,0.0,0.0
1990-08-18 06:30:00+05:30,7.99,0.62,71.25,3.0975702591952814,68.65,0.0,68.65
1990-08-18 07:30:00+05:30,9.26,0.55,66.35,3.304263906698863,393.55,823.51,98.4
1990-08-18 08:30:00+05:30,11.4,0.28,61.85,4.336029584156841,602.05,872.2,122.0
1990-08-18 09:30:00+05:30,13.61,0.48,57.9,5.468875865720521,804.9,934.72,137.9
1990-08-18 10:30:00+05:30,15.58,0.76,48.55,4.763160405664575,926.65,939.94,140.05
1990-08-18 11:30:00+05:30,17.2,1.1,39.25,3.201043572210795,848.3,683.8,224.8
1990-08-18 12:30:00+05:30,18.5,1.52,32.75,1.8028687546150823,940.25,820.11,174.8
1990-08-18 13:30:00+05:30,19.45,1.66,29.5,1.1705721616516538,882.65,775.78,184.45
1990-08-18 14:30:00+05:30,20.25,1.93,26.55,0.3956316298020134,736.4,730.02,142.15
1990-08-18 15:30:00+05:30,20.84,1.72,22.9,-1.1386360024200208,493.9,465.89,176.5
1990-08-18 16:30:00+05:30,20.85,1.66,21.15,-2.2120949056529304,353.85,512.5,92.05
1990-08-18 17:30:00+05:30,20.58,1.45,21.05,-2.5010698605257646,137.0,242.46,60.8
1990-08-18 18:30:00+05:30,19.84,1.38,22.65,-2.1282170387493613,7.95,0.0,7.95
1990-08-18 19:30:00+05:30,17.98,1.03,40.9,4.487244890156326,0.0,0.0,0.0
1990-08-18 20:30:00+05:30,17.42,1.1,33.75,1.2747282600701142,0.0,0.0,0.0
1990-08-18 21:30:00+05:30,17.23,0.97,31.25,0.040618232575074555,0.0,0.0,0.0
1990-08-18 22:30:00+05:30,16.34,0.83,36.15,1.2783149720842657,0.0,0.0,0.0
1990-08-18 23:30:00+05:30,15.38,0.76,40.2,1.9056331534001405,0.0,0.0,0.0
1990-08-19 00:30:00+05:30,14.79,0.62,37.15,0.2793540064178621,0.0,0.0,0.0
1990-08-19 01:30:00+05:30,13.91,0.48,41.35,0.9761748853182491,0.0,0.0,0.0
1990-08-19 02:30:00+05:30,13.06,0.28,46.1,1.7217640364789293,0.0,0.0,0.0
1990-08-19 03:30:00+05:30,12.03,0.14,49.45,1.7587996047279073,0.0,0.0,0.0
1990-08-19 04:30:00+05:30,11.06,0.21,51.25,1.3630440240090482,0.0,0.0,0.0
1990-08-19 05:30:00+05:30,10.21,0.21,53.1,1.0691723774897834,0.0,0.0,0.0
1990-08-19 06:30:00+05:30,9.53,0.21,57.05,1.4349521281904496,63.25,0.0,63.25
1990-08-19 07:30:00+05:30,11.47,0.14,53.25,2.279323566887132,427.65,947.66,89.9
1990-08-19 08:30:00+05:30,13.12,0.9,51.75,3.4059398886692875,639.35,976.57,103.65
1990-08-19 09:30:00+05:30,14.83,0.97,46.6,3.491117691316041,814.4,977.98,118.25
1990-08-19 10:30:00+05:30,16.56,1.1,40.5,3.0707219657337825,909.6,940.26,124.4
1990-08-19 11:30:00+05:30,17.96,1.17,35.2,2.3400394043705193,849.0,635.81,270.45
1990-08-19 12:30:00+05:30,18.93,1.24,31.65,1.7007354825439898,929.55,816.71,168.95
1990-08-19 13:30:00+05:30,20.09,1.38,28.5,1.2428061423239463,872.3,775.61,176.05
1990-08-19 14:30:00+05:30,21.03,1.59,24.7,0.06112922442215319,630.05,478.87,241.5
1990-08-19 15:30:00+05:30,21.48,1.59,22.15,-1.057221853568022,448.8,354.92,208.05
1990-08-19 16:30:00+05:30,21.35,1.31,21.3,-1.6995981427849305,288.15,272.8,149.7
1990-08-19 17:30:00+05:30,21.08,1.52,22.0,-1.4846787119650005,114.6,100.92,83.25
1990-08-19 18:30:00+05:30,20.44,1.31,22.75,-1.5643865555192338,8.7,0.0,8.7
1990-08-19 19:30:00+05:30,18.85,1.03,38.2,4.289779127982363,0.0,0.0,0.0
1990-08-19 20:30:00+05:30,18.22,1.03,32.75,1.5574518411356366,0.0,0.0,0.0
1990-08-19 21:30:00+05:30,17.86,1.03,30.2,0.1171349794438845,0.0,0.0,0.0
1990-08-19 22:30:00+05:30,17.1,0.97,33.6,0.9311894675826864,0.0,0.0,0.0
1990-08-19 23:30:00+05:30,16.09,0.76,37.4,1.5305334399987953,0.0,0.0,0.0
1990-08-20 00:30:00+05:30,15.38,0.69,38.7,1.3738318240681244,0.0,0.0,0.0
1990-08-20 01:30:00+05:30,14.58,0.55,43.1,2.161131035234099,0.0,0.0,0.0
1990-08-20 02:30:00+05:30,13.87,0.34,44.65,2.0124321126526246,0.0,0.0,0.0
1990-08-20 03:30:00+05:30,13.09,0.07,47.85,2.27179075335968,0.0,0.0,0.0
1990-08-20 04:30:00+05:30,12.36,0.0,51.5,2.634098709154308,0.0,0.0,0.0
1990-08-20 05:30:00+05:30,11.58,0.14,55.3,2.914157083698876,0.0,0.0,0.0
1990-08-20 06:30:00+05:30,11.18,0.14,55.3,2.540893073865608,66.95,0.0,66.95
1990-08-20 07:30:00+05:30,11.85,0.28,57.55,3.7320905754954063,386.25,793.6,105.0
1990-08-20 08:30:00+05:30,13.58,0.83,53.7,4.359400777928183,602.9,885.95,118.55
1990-08-20 09:30:00+05:30,15.3,0.9,46.75,3.96646414048321,786.0,913.54,137.35
1990-08-20 10:30:00+05:30,17.06,0.97,42.15,4.088447828329293,911.6,930.36,136.35
1990-08-20 11:30:00+05:30,18.7,1.1,35.45,3.094142602835282,786.3,587.43,252.9
1990-08-20 12:30:00+05:30,19.55,1.24,34.3,3.377042257182215,827.85,678.66,197.25
1990-08-20 13:30:00+05:30,20.67,1.66,30.9,2.8795371472296565,748.75,573.72,235.1
1990-08-20 14:30:00+05:30,21.59,1.79,26.8,1.6718044074810547,581.6,488.74,186.35
1990-08-20 15:30:00+05:30,22.02,1.66,25.8,1.507101199084664,486.2,520.52,134.7
1990-08-20 16:30:00+05:30,22.21,1.59,24.05,0.6902457758109593,319.1,444.82,94.85
1990-08-20 17:30:00+05:30,22.02,1.66,23.9,0.4431334980771217,123.2,191.1,64.55
1990-08-20 18:30:00+05:30,21.21,1.45,24.85,0.29739313250221644,7.3,0.0,7.3
1990-08-20 19:30:00+05:30,19.69,1.03,35.75,4.089606007909612,0.0,0.0,0.0
1990-08-20 20:30:00+05:30,19.28,0.69,30.65,1.5566925555416187,0.0,0.0,0.0
1990-08-20 21:30:00+05:30,18.51,0.55,32.75,1.8116330243084149,0.0,0.0,0.0
1990-08-20 22:30:00+05:30,17.6,0.55,35.05,1.9619076885460744,0.0,0.0,0.0
1990-08-20 23:30:00+05:30,16.72,0.41,36.3,1.6733587245187533,0.0,0.0,0.0
1990-08-21 00:30:00+05:30,15.21,0.28,38.7,1.2217493685728542,0.0,0.0,0.0
1990-08-21 01:30:00+05:30,14.21,0.34,41.5,1.2972131002290037,0.0,0.0,0.0
1990-08-21 02:30:00+05:30,13.36,0.34,46.2,2.026176898404001,0.0,0.0,0.0
1990-08-21 03:30:00+05:30,12.48,0.41,49.6,2.2158182028085096,0.0,0.0,0.0
1990-08-21 04:30:00+05:30,11.74,0.41,51.35,2.019427806133248,0.0,0.0,0.0
1990-08-21 05:30:00+05:30,11.03,0.48,53.25,1.8704925721880186,0.0,0.0,0.0
1990-08-21 06:30:00+05:30,10.49,0.48,55.15,1.858860195217083,63.2,0.0,63.2
1990-08-21 07:30:00+05:30,12.81,0.28,49.7,2.5482036334314015,411.35,908.68,91.15
1990-08-21 08:30:00+05:30,15.22,0.41,43.4,2.838781146962289,624.35,945.61,109.15
1990-08-21 09:30:00+05:30,17.15,0.62,37.65,2.568425462298619,811.2,983.58,114.6
1990-08-21 10:30:00+05:30,18.96,0.69,32.9,2.2701995987432766,933.7,983.59,115.9
1990-08-21 11:30:00+05:30,20.64,0.9,28.65,1.7902685383206534,980.05,935.42,132.5
1990-08-21 12:30:00+05:30,21.96,1.03,26.8,1.9881844651217897,955.15,871.02,147.7
1990-08-21 13:30:00+05:30,23.05,1.17,24.15,1.4572595812847153,886.1,840.44,135.7
1990-08-21 14:30:00+05:30,23.84,1.66,21.8,0.6951490503686836,740.95,756.81,131.0
1990-08-21 15:30:00+05:30,24.11,2.14,20.95,0.3686662729475029,534.2,555.44,160.85
1990-08-21 16:30:00+05:30,23.66,2.21,22.5,0.9838338798557624,340.55,494.83,92.8
1990-08-21 17:30:00+05:30,23.16,2.0,23.25,1.0205420892295904,138.3,276.12,54.6
1990-08-21 18:30:00+05:30,22.32,1.59,24.95,1.2943841700185146,6.65,0.0,6.65
1990-08-21 19:30:00+05:30,21.04,0.97,31.05,3.2698913850139526,0.0,0.0,0.0
1990-08-21 20:30:00+05:30,20.56,0.69,28.65,1.7212929328295858,0.0,0.0,0.0
1990-08-21 21:30:00+05:30,19.75,0.55,28.5,0.9497272602583425,0.0,0.0,0.0
1990-08-21 22:30:00+05:30,18.67,0.41,32.75,1.9518555241756268,0.0,0.0,0.0
1990-08-21 23:30:00+05:30,17.69,0.28,33.9,1.5742545060305067,0.0,0.0,0.0
1990-08-22 00:30:00+05:30,16.71,0.07,34.9,1.1155744684549176,0.0,0.0,0.0
1990-08-22 01:30:00+05:30,15.74,0.07,37.4,1.2187236022039665,0.0,0.0,0.0
1990-08-22 02:30:00+05:30,14.74,0.21,41.65,1.8258299057463174,0.0,0.0,0.0
1990-08-22 03:30:00+05:30,13.97,0.28,44.65,2.103415332504969,0.0,0.0,0.0
1990-08-22 04:30:00+05:30,13.07,0.41,47.85,2.253443995296247,0.0,0.0,0.0
1990-08-22 05:30:00+05:30,12.34,0.34,49.6,2.0868336192023516,0.0,0.0,0.0
1990-08-22 06:30:00+05:30,11.88,0.34,51.35,2.1489493209875743,73.8,0.0,73.8
1990-08-22 07:30:00+05:30,13.92,0.14,46.35,2.5834014740735136,407.0,868.41,102.75
1990-08-22 08:30:00+05:30,15.95,0.69,46.9,4.606517681431857,619.75,915.28,122.8
1990-08-22 09:30:00+05:30,17.75,0.83,39.4,3.74767831293504,799.75,954.0,125.85
1990-08-22 10:30:00+05:30,19.51,0.97,35.6,3.8704431342166745,922.1,947.19,136.35
1990-08-22 11:30:00+05:30,21.18,1.03,31.05,3.3916849135628255,904.7,684.64,285.75
1990-08-22 12:30:00+05:30,22.1,1.38,30.0,3.7016211604372224,892.7,689.24,255.3
1990-08-22 13:30:00+05:30,23.03,1.66,26.05,2.502348961317324,825.95,731.67,174.5
1990-08-22 14:30:00+05:30,23.46,1.93,25.2,2.4008266737521167,687.05,609.93,197.2
1990-08-22 15:30:00+05:30,22.9,2.28,27.05,2.9228062960464296,506.25,486.17,181.0
1990-08-22 16:30:00+05:30,22.61,2.07,26.95,2.622483419142556,291.2,366.19,109.15
1990-08-22 17:30:00+05:30,21.96,2.0,27.85,2.5283509710564434,110.85,187.29,54.8
1990-08-22 18:30:00+05:30,21.2,1.59,28.9,2.395205678892074,6.2,0.0,6.2
1990-08-22 19:30:00+05:30,20.37,1.17,32.1,3.1568796314487755,0.0,0.0,0.0
1990-08-22 20:30:00+05:30,19.01,0.9,44.3,6.570156237390013,0.0,0.0,0.0
1990-08-22 21:30:00+05:30,18.85,0.76,38.2,4.289779127982363,0.0,0.0,0.0
1990-08-22 22:30:00+05:30,18.12,0.69,39.4,4.078999227651166,0.0,0.0,0.0
1990-08-22 23:30:00+05:30,17.37,0.76,40.75,3.8862535071873867,0.0,0.0,0.0
1990-08-23 00:30:00+05:30,16.79,0.34,36.3,1.7354854569311897,0.0,0.0,0.0
1990-08-23 01:30:00+05:30,15.84,0.28,38.85,1.8394705806834792,0.0,0.0,0.0
1990-08-23 02:30:00+05:30,14.89,0.07,41.65,1.9611775653662953,0.0,0.0,0.0
1990-08-23 03:30:00+05:30,13.93,0.14,46.35,2.592538822112083,0.0,0.0,0.0
1990-08-23 04:30:00+05:30,13.05,0.28,49.7,2.769335035454089,0.0,0.0,0.0
1990-08-23 05:30:00+05:30,12.17,0.28,51.5,2.458284641712161,0.0,0.0,0.0
1990-08-23 06:30:00+05:30,11.58,0.28,55.3,2.914157083698876,76.85,0.0,76.85
1990-08-23 07:30:00+05:30,12.95,0.14,51.65,3.2211775586087477,400.5,876.07,95.35
1990-08-23 08:30:00+05:30,15.27,0.62,48.55,4.478527801775765,616.25,929.13,113.55
1990-08-23 09:30:00+05:30,17.13,0.97,42.15,4.151641124887841,810.7,989.66,113.45
1990-08-23 10:30:00+05:30,18.82,1.1,35.45,3.200260768756605,910.95,935.6,136.6
1990-08-23 11:30:00+05:30,20.21,1.31,29.75,1.9465587271453728,932.05,812.53,199.15
1990-08-23 12:30:00+05:30,21.32,1.86,26.8,1.4408904692276816,924.2,794.62,191.15
1990-08-23 13:30:00+05:30,22.39,2.07,24.95,1.3537326708979074,781.6,659.44,196.15
1990-08-23 14:30:00+05:30,23.15,2.41,22.4,0.4950521438885886,616.15,502.55,214.0
1990-08-23 15:30:00+05:30,23.29,2.28,20.85,-0.37812189232688653,525.95,566.5,148.8
1990-08-23 16:30:00+05:30,23.39,2.48,20.05,-0.8324443592257637,294.85,373.52,110.5
1990-08-23 17:30:00+05:30,22.79,2.34,19.95,-1.3966558986136182,108.25,182.84,54.25
1990-08-23 18:30:00+05:30,21.79,1.86,22.15,-0.7978070800674932,5.75,0.0,5.75
1990-08-23 19:30:00+05:30,20.52,1.52,27.6,1.1655590047273288,0.0,0.0,0.0
1990-08-23 20:30:00+05:30,18.3,1.52,42.6,5.360588040050766,0.0,0.0,0.0
1990-08-23 21:30:00+05:30,17.38,1.38,40.75,3.8952450232107214,0.0,0.0,0.0
1990-08-23 22:30:00+05:30,17.55,1.24,36.4,2.4486005121391963,0.0,0.0,0.0
1990-08-23 23:30:00+05:30,16.96,1.1,37.65,2.3991115934977585,0.0,0.0,0.0
1990-08-24 00:30:00+05:30,15.85,0.97,43.5,3.442431912858911,0.0,0.0,0.0
1990-08-24 01:30:00+05:30,14.94,0.69,46.6,3.591657668622747,0.0,0.0,0.0
1990-08-24 02:30:00+05:30,14.0,0.41,51.9,4.261718646031787,0.0,0.0,0.0
1990-08-24 03:30:00+05:30,13.21,0.28,53.7,4.015486201002467,0.0,0.0,0.0
1990-08-24 04:30:00+05:30,12.6,0.28,57.65,4.459866220770734,0.0,0.0,0.0
1990-08-24 05:30:00+05:30,11.98,0.14,62.0,4.919030816411445,0.0,0.0,0.0
1990-08-24 06:30:00+05:30,11.21,0.14,64.25,4.701020074179521,60.25,0.0,60.25
1990-08-24 07:30:00+05:30,12.16,0.41,59.85,4.582665290714997,370.55,792.15,96.25
1990-08-24 08:30:00+05:30,13.29,1.03,60.05,5.694642697106662,582.8,837.84,131.1
1990-08-24 09:30:00+05:30,14.91,1.31,52.15,5.1731166058256015,685.75,748.88,159.55
1990-08-24 10:30:00+05:30,16.22,1.45,43.65,3.8267985966071802,826.05,756.15,201.7
1990-08-24 11:30:00+05:30,17.71,1.79,35.2,2.119046015916971,813.35,647.07,231.05
1990-08-24 12:30:00+05:30,18.23,1.86,32.75,1.5662173082522761,816.2,665.63,203.7
1990-08-24 13:30:00+05:30,19.42,2.0,29.5,1.1446035988841492,744.6,641.96,176.35
1990-08-24 14:30:00+05:30,20.2,2.0,25.55,-0.17723382573533727,553.9,448.41,196.4
1990-08-24 15:30:00+05:30,20.39,1.93,24.6,-0.5371399068776904,401.3,370.3,156.0
1990-08-24 16:30:00+05:30,20.16,2.07,25.4,-0.29235902201655467,239.95,257.31,113.9
1990-08-24 17:30:00+05:30,18.83,2.07,29.35,0.5631197707940936,89.55,133.86,50.55
1990-08-24 18:30:00+05:30,17.41,1.66,36.4,2.324348017963887,4.05,0.0,4.05
1990-08-24 19:30:00+05:30,15.94,1.38,43.5,3.5240131288998238,0.0,0.0,0.0
1990-08-24 20:30:00+05:30,15.24,1.17,50.35,4.972946618458939,0.0,0.0,0.0
1990-08-24 21:30:00+05:30,13.89,1.03,60.2,6.295807560914343,0.0,0.0,0.0
1990-08-24 22:30:00+05:30,13.49,0.9,57.9,5.356364130529275,0.0,0.0,0.0
1990-08-24 23:30:00+05:30,13.03,0.83,57.75,4.887786628071022,0.0,0.0,0.0
1990-08-25 00:30:00+05:30,12.25,0.62,59.85,4.667400858061825,0.0,0.0,0.0
1990-08-25 01:30:00+05:30,11.67,0.55,62.0,4.625944571769239,0.0,0.0,0.0
1990-08-25 02:30:00+05:30,10.64,0.34,64.25,4.15979131621703,0.0,0.0,0.0
1990-08-25 03:30:00+05:30,10.0,0.48,69.0,4.569303021766937,0.0,0.0,0.0
1990-08-25 04:30:00+05:30,9.54,0.41,71.5,4.637761900798033,0.0,0.0,0.0
1990-08-25 05:30:00+05:30,8.81,0.41,74.15,4.455399417274181,0.0,0.0,0.0
1990-08-25 06:30:00+05:30,8.19,0.34,76.85,4.366944487098659,67.8,0.0,67.8
1990-08-25 07:30:00+05:30,9.73,0.28,69.0,4.3107585345713275,355.65,707.69,112.05
1990-08-25 08:30:00+05:30,11.09,0.9,61.85,4.042988422923508,590.1,829.42,144.55
1990-08-25 09:30:00+05:30,12.6,1.03,55.5,3.9172193587720434,698.75,752.36,171.55
1990-08-25 10:30:00+05:30,14.04,1.24,46.35,2.6930475810312475,821.15,762.04,193.45
1990-08-25 11:30:00+05:30,15.44,1.45,38.7,1.4275053972018539,888.4,742.3,222.0
1990-08-25 12:30:00+05:30,15.95,1.59,38.85,1.9378956678907224,747.05,578.18,216.4
1990-08-25 13:30:00+05:30,16.42,1.59,36.15,1.3492952672216663,746.2,587.26,227.95
1990-08-25 14:30:00+05:30,16.81,2.0,34.9,1.2039290807912102,576.3,442.19,225.1
1990-08-25 15:30:00+05:30,16.7,2.21,36.3,1.6556078735171584,368.95,335.94,147.55
1990-08-25 16:30:00+05:30,16.49,1.93,37.55,1.9429317703952633,180.15,227.72,69.45
1990-08-25 17:30:00+05:30,15.59,1.45,41.75,2.626498506477578,88.25,155.42,43.6
1990-08-25 18:30:00+05:30,14.56,0.76,46.5,3.2138879878571758,3.75,0.0,3.75
1990-08-25 19:30:00+05:30,13.55,0.41,51.75,3.80392994636432,0.0,0.0,0.0
1990-08-25 20:30:00+05:30,12.43,0.48,59.85,4.836866672545711,0.0,0.0,0.0
1990-08-25 21:30:00+05:30,11.33,0.48,71.75,6.409461170635671,0.0,0.0,0.0
1990-08-25 22:30:00+05:30,11.02,0.41,64.25,4.520617386923794,0.0,0.0,0.0
1990-08-25 23:30:00+05:30,10.68,0.28,64.25,4.19777430742378,0.0,0.0,0.0
1990-08-26 00:30:00+05:30,9.77,0.41,66.45,3.811889405938175,0.0,0.0,0.0
1990-08-26 01:30:00+05:30,9.3,0.28,68.9,3.8783212435895256,0.0,0.0,0.0
1990-08-26 02:30:00+05:30,8.44,0.34,74.05,4.078818406792725,0.0,0.0,0.0
1990-08-26 03:30:00+05:30,7.98,0.41,76.8,4.15399258888035,0.0,0.0,0.0
1990-08-26 04:30:00+05:30,7.45,0.28,79.65,4.159022657231628,0.0,0.0,0.0
1990-08-26 05:30:00+05:30,7.13,0.28,79.65,3.847367966370108,0.0,0.0,0.0
1990-08-26 06:30:00+05:30,7.34,0.07,79.65,4.051892536495361,61.6,0.0,61.6
1990-08-26 07:30:00+05:30,8.39,0.48,74.05,4.030536867264296,349.3,686.97,114.25
1990-08-26 08:30:00+05:30,9.59,0.97,64.0,3.1074388726931703,505.1,699.89,130.5
1990-08-26 09:30:00+05:30,10.86,1.1,57.4,2.7671726091006903,693.4,780.21,148.2
1990-08-26 10:30:00+05:30,12.42,1.24,49.6,2.1605397903454144,808.95,784.54,164.3
1990-08-26 11:30:00+05:30,13.99,1.38,42.95,1.5778268369032566,684.45,370.38,352.75
1990-08-26 12:30:00+05:30,14.68,1.38,41.65,1.771688633722538,657.35,370.18,318.5
1990-08-26 13:30:00+05:30,15.61,1.45,37.25,1.0469543806297772,530.6,310.89,257.1
1990-08-26 14:30:00+05:30,16.19,1.52,33.5,0.08942437913557695,448.0,343.24,176.45
1990-08-26 15:30:00+05:30,16.82,1.79,32.35,0.15996010962425308,492.05,526.09,147.15
1990-08-26 16:30:00+05:30,17.14,1.86,31.15,-0.08209397812826791,304.85,420.67,101.95
1990-08-26 17:30:00+05:30,16.68,1.79,32.35,0.037326511742697716,103.85,193.71,49.0
1990-08-26 18:30:00+05:30,15.3,1.31,38.7,1.3022649598244889,3.2,0.0,3.2
1990-08-26 19:30:00+05:30,14.5,0.97,43.1,2.088654749683787,0.0,0.0,0.0
1990-08-26 20:30:00+05:30,13.29,0.83,57.9,5.168837159716065,0.0,0.0,0.0
1990-08-26 21:30:00+05:30,12.98,0.83,53.6,3.7751572789112533,0.0,0.0,0.0
1990-08-26 22:30:00+05:30,12.45,0.69,53.5,3.256070734663698,0.0,0.0,0.0
1990-08-26 23:30:00+05:30,11.82,0.62,55.4,3.1636752539232464,0.0,0.0,0.0
1990-08-27 00:30:00+05:30,11.16,0.83,57.4,3.0483482008297513,0.0,0.0,0.0
1990-08-27 01:30:00+05:30,10.66,0.69,57.4,2.5797104556658303,0.0,0.0,0.0
1990-08-27 02:30:00+05:30,10.18,0.62,61.75,3.1597433211446364,0.0,0.0,0.0
1990-08-27 03:30:00+05:30,9.58,0.55,66.35,3.6093300754329016,0.0,0.0,0.0
1990-08-27 04:30:00+05:30,9.12,0.55,66.35,3.170791717226053,0.0,0.0,0.0
1990-08-27 05:30:00+05:30,8.64,0.62,68.8,3.225755623687114,0.0,0.0,0.0
1990-08-27 06:30:00+05:30,8.39,0.62,71.35,3.50203548904066,63.05,0.0,63.05
1990-08-27 07:30:00+05:30,7.89,1.03,76.8,4.066713874949456,275.55,382.26,145.55
1990-08-27 08:30:00+05:30,9.39,1.1,63.9,2.8954691397752783,439.8,437.79,206.35
1990-08-27 09:30:00+05:30,10.67,1.24,55.3,2.06492360199646,666.25,673.57,196.9
1990-08-27 10:30:00+05:30,12.19,1.38,49.6,1.948629554230393,802.55,738.21,197.5
1990-08-27 11:30:00+05:30,13.96,1.45,41.35,1.021269021119552,855.05,663.43,262.4
1990-08-27 12:30:00+05:30,15.06,1.38,34.35,-0.5612297495675176,814.15,627.26,241.55
1990-08-27 13:30:00+05:30,16.22,1.31,28.7,-2.0014579520765934,651.9,460.41,248.15
1990-08-27 14:30:00+05:30,16.91,1.52,24.65,-3.462222557903933,538.65,390.05,231.3
1990-08-27 15:30:00+05:30,17.49,1.31,21.15,-5.013755138245451,497.3,500.56,170.9
1990-08-27 16:30:00+05:30,17.78,1.38,19.65,-5.743283474965608,311.25,434.74,103.25
1990-08-27 17:30:00+05:30,17.34,1.38,21.15,-5.138974724281861,108.15,189.28,55.35
1990-08-27 18:30:00+05:30,16.49,1.38,24.5,-3.9006021146343146,3.55,0.0,3.55
1990-08-27 19:30:00+05:30,15.21,1.31,30.7,-1.9636588410775166,0.0,0.0,0.0
1990-08-27 20:30:00+05:30,13.01,1.45,53.6,3.8030393745381934,0.0,0.0,0.0
1990-08-27 21:30:00+05:30,11.79,1.45,53.35,2.603064984587767,0.0,0.0,0.0
1990-08-27 22:30:00+05:30,11.54,1.31,51.25,1.8070866765356062,0.0,0.0,0.0
1990-08-27 23:30:00+05:30,11.65,1.03,45.8,0.3431253336869414,0.0,0.0,0.0
1990-08-28 00:30:00+05:30,10.94,0.76,47.45,0.1827639141880912,0.0,0.0,0.0
1990-08-28 01:30:00+05:30,10.08,0.62,51.0,0.3885517862329986,0.0,0.0,0.0
1990-08-28 02:30:00+05:30,8.68,0.41,54.8,0.08161715351035968,0.0,0.0,0.0
1990-08-28 03:30:00+05:30,7.92,0.21,61.2,0.8983268091183735,0.0,0.0,0.0
1990-08-28 04:30:00+05:30,7.08,0.14,63.5,0.6151371385678998,0.0,0.0,0.0
1990-08-28 05:30:00+05:30,6.38,0.14,68.3,0.9600172365488949,0.0,0.0,0.0
1990-08-28 06:30:00+05:30,6.17,0.14,70.95,1.2886988505920294,64.5,0.0,64.5
1990-08-28 07:30:00+05:30,7.6,0.48,63.6,1.1304978794392748,388.45,869.39,94.6
1990-08-28 08:30:00+05:30,9.28,1.24,54.9,0.6665853667422784,589.7,878.21,123.15
1990-08-28 09:30:00+05:30,10.62,1.38,45.7,-0.6276556006198694,720.35,766.4,187.85
1990-08-28 10:30:00+05:30,12.06,1.52,39.25,-1.4058954021190413,815.05,750.75,201.3
1990-08-28 11:30:00+05:30,13.42,1.72,31.4,-3.221785746198798,933.85,791.28,228.8
1990-08-28 12:30:00+05:30,15.3,1.79,23.3,-5.57473829450095,860.2,697.78,225.0
1990-08-28 13:30:00+05:30,16.09,1.66,20.75,-6.432915308171866,775.6,541.61,302.2
1990-08-28 14:30:00+05:30,16.55,1.31,19.25,-7.029819630902471,604.0,499.58,211.95
1990-08-28 15:30:00+05:30,16.63,1.52,19.25,-6.96369090894478,441.15,351.21,213.4
1990-08-28 16:30:00+05:30,16.06,1.93,21.6,-5.931852139840358,247.25,286.4,111.35
1990-08-28 17:30:00+05:30,15.18,2.28,26.25,-4.096721275292436,74.9,94.28,49.0
1990-08-28 18:30:00+05:30,13.7,1.86,34.1,-1.8613096617521627,3.15,0.0,3.15
1990-08-28 19:30:00+05:30,12.74,1.24,38.0,-1.2387001220089233,0.0,0.0,0.0
1990-08-28 20:30:00+05:30,11.89,0.76,51.35,2.158200650088054,0.0,0.0,0.0
1990-08-28 21:30:00+05:30,11.69,0.55,40.8,-1.2099582418246648,0.0,0.0,0.0
1990-08-28 22:30:00+05:30,11.05,0.48,43.95,-0.7714837225831298,0.0,0.0,0.0
1990-08-28 23:30:00+05:30,10.41,0.48,45.55,-0.8645072519412739,0.0,0.0,0.0
1990-08-29 00:30:00+05:30,9.2,0.34,48.95,-0.9882711005278974,0.0,0.0,0.0
1990-08-29 01:30:00+05:30,7.78,0.41,56.7,-0.289804445136389,0.0,0.0,0.0
1990-08-29 02:30:00+05:30,6.36,0.48,63.25,-0.12257371049810105,0.0,0.0,0.0
1990-08-29 03:30:00+05:30,5.74,0.55,65.65,-0.19886118398908142,0.0,0.0,0.0
1990-08-29 04:30:00+05:30,5.49,0.48,70.8,0.6056818740044776,0.0,0.0,0.0
1990-08-29 05:30:00+05:30,4.97,0.48,73.45,0.6144140945234324,0.0,0.0,0.0
1990-08-29 06:30:00+05:30,4.49,0.48,76.25,0.6690632052229983,63.55,0.0,63.55
1990-08-29 07:30:00+05:30,5.8,0.34,68.2,0.3846321188268947,363.2,756.63,109.05
1990-08-29 08:30:00+05:30,7.76,0.69,58.9,0.2165070996790625,608.5,911.22,126.25
1990-08-29 09:30:00+05:30,9.65,1.1,47.2,-1.0728318124322114,746.25,814.84,181.75
1990-08-29 10:30:00+05:30,11.45,1.17,39.1,-2.0052588297265164,916.6,945.39,145.75
1990-08-29 11:30:00+05:30,13.2,1.52,27.85,-5.012688842278468,938.55,840.62,191.5
1990-08-29 12:30:00+05:30,15.13,1.72,20.5,-7.390931587724905,927.65,817.72,185.4
1990-08-29 13:30:00+05:30,16.42,1.93,16.35,-9.240998461741698,792.7,627.69,245.9
1990-08-29 14:30:00+05:30,17.24,2.0,13.5,-11.009499370436018,701.45,649.36,194.0
1990-08-29 15:30:00+05:30,17.85,2.28,11.5,-12.53233051856153,529.4,608.93,136.75
1990-08-29 16:30:00+05:30,17.75,2.41,12.5,-11.57150305573136,262.4,300.64,120.95
1990-08-29 17:30:00+05:30,16.59,2.34,17.05,-8.565794789816879,98.0,190.47,46.5
1990-08-29 18:30:00+05:30,15.18,1.86,22.4,-6.193459813682475,2.75,0.0,2.75
1990-08-29 19:30:00+05:30,13.96,1.1,26.9,-4.8179718986817885,0.0,0.0,0.0
1990-08-29 20:30:00+05:30,12.47,0.97,44.2,0.5977880957330539,0.0,0.0,0.0
1990-08-29 21:30:00+05:30,12.33,0.9,33.7,-3.2293255985455263,0.0,0.0,0.0
1990-08-29 22:30:00+05:30,11.57,0.83,34.75,-3.4891076573003836,0.0,0.0,0.0
1990-08-29 23:30:00+05:30,10.86,0.62,34.75,-4.117732821589107,0.0,0.0,0.0
1990-08-30 00:30:00+05:30,9.99,0.48,33.1,-5.531062712777374,0.0,0.0,0.0
1990-08-30 01:30:00+05:30,9.06,0.41,35.6,-5.393975951137491,0.0,0.0,0.0
1990-08-30 02:30:00+05:30,8.17,0.41,36.9,-5.714085782304105,0.0,0.0,0.0
1990-08-30 03:30:00+05:30,7.17,0.48,41.3,-5.126604694107025,0.0,0.0,0.0
1990-08-30 04:30:00+05:30,6.52,0.55,44.45,-4.743356276253271,0.0,0.0,0.0
1990-08-30 05:30:00+05:30,5.89,0.55,46.1,-4.8357316980495995,0.0,0.0,0.0
1990-08-30 06:30:00+05:30,5.09,0.62,47.85,-5.076576504933297,60.0,0.0,60.0
1990-08-30 07:30:00+05:30,6.64,0.62,44.6,-4.589205604450904,416.2,994.49,84.25
1990-08-30 08:30:00+05:30,9.0,0.41,41.7,-3.343304447048977,633.95,1003.23,105.05
1990-08-30 09:30:00+05:30,11.11,0.28,32.1,-4.951390612515636,817.6,1018.3,114.25
1990-08-30 10:30:00+05:30,13.14,0.21,25.7,-6.122593061842006,944.25,1013.1,120.4
1990-08-30 11:30:00+05:30,14.99,0.41,20.5,-7.50758412432966,1001.55,991.09,123.15
1990-08-30 12:30:00+05:30,16.51,0.62,17.05,-8.631049527447598,993.4,962.94,121.9
1990-08-30 13:30:00+05:30,17.81,0.97,13.6,-10.463371963638085,903.95,896.75,125.45
1990-08-30 14:30:00+05:30,18.7,1.17,10.75,-12.707834336979834,764.7,840.43,110.75
1990-08-30 15:30:00+05:30,19.14,1.31,9.45,-13.958191483104244,567.75,730.31,99.55
1990-08-30 16:30:00+05:30,19.1,1.38,9.45,-13.988732867509057,340.9,563.85,77.9
1990-08-30 17:30:00+05:30,18.68,1.24,9.85,-13.801699782091477,115.25,262.2,45.5
1990-08-30 18:30:00+05:30,17.83,0.97,11.5,-12.547944902695171,2.35,0.0,2.35
1990-08-30 19:30:00+05:30,16.97,0.55,13.4,-11.317407522594587,0.0,0.0,0.0
1990-08-30 20:30:00+05:30,16.1,0.34,16.95,-9.040805825534154,0.0,0.0,0.0
1990-08-30 21:30:00+05:30,15.13,0.28,16.0,-10.562553986927494,0.0,0.0,0.0
1990-08-30 22:30:00+05:30,13.96,0.28,17.9,-10.098041808685043,0.0,0.0,0.0
1990-08-30 23:30:00+05:30,12.72,0.34,20.0,-9.715007735581485,0.0,0.0,0.0
1990-08-31 00:30:00+05:30,10.96,0.55,18.85,-11.922054015541585,0.0,0.0,0.0
1990-08-31 01:30:00+05:30,9.85,0.55,22.0,-10.912567622438104,0.0,0.0,0.0
1990-08-31 02:30:00+05:30,8.79,0.62,24.65,-10.376646137504316,0.0,0.0,0.0
1990-08-31 03:30:00+05:30,7.8,0.69,27.6,-9.794201996974273,0.0,0.0,0.0
1990-08-31 04:30:00+05:30,6.92,0.69,30.95,-9.099871499159315,0.0,0.0,0.0
1990-08-31 05:30:00+05:30,6.04,0.76,34.75,-8.390786625345061,0.0,0.0,0.0
1990-08-31 06:30:00+05:30,5.46,0.76,36.05,-8.43435505920036,59.6,0.0,59.6
1990-08-31 07:30:00+05:30,7.86,0.62,30.0,-8.677346607672586,421.9,1018.48,84.1
1990-08-31 08:30:00+05:30,10.71,0.48,37.6,-3.1960136273051236,642.1,1030.4,101.0
1990-08-31 09:30:00+05:30,13.92,0.0,17.9,-10.13090603613084,824.75,1034.32,112.5
1990-08-31 10:30:00+05:30,16.0,0.28,14.95,-10.716275114202071,948.8,1021.49,120.4
1990-08-31 11:30:00+05:30,17.93,0.48,12.0,-11.940121068346945,1006.2,998.8,123.4
1990-08-31 12:30:00+05:30,19.33,0.62,10.4,-12.631278387106954,993.9,965.46,122.75
1990-08-31 13:30:00+05:30,20.59,0.83,8.55,-14.084036991478627,911.05,916.44,118.25
1990-08-31 14:30:00+05:30,21.47,1.03,7.05,-15.772135856727969,763.45,843.81,109.75
1990-08-31 15:30:00+05:30,21.9,1.17,6.75,-15.979672353896245,565.5,735.59,96.7
1990-08-31 16:30:00+05:30,21.98,1.24,7.05,-15.395703219589874,335.2,555.37,78.45
1990-08-31 17:30:00+05:30,21.62,1.17,7.35,-15.156979779396368,110.7,254.22,44.2
1990-08-31 18:30:00+05:30,20.82,0.83,8.25,-14.347781153397346,1.95,0.0,1.95
1990-08-31 19:30:00+05:30,19.77,0.55,9.6,-13.283284454627077,0.0,0.0,0.0
1990-08-31 20:30:00+05:30,18.72,0.55,12.7,-10.607469331787547,0.0,0.0,0.0
1990-08-31 21:30:00+05:30,14.61,0.16,16.64,-10.489897878974974,0.0,0.0,0.0
1990-08-31 22:30:00+05:30,14.29,0.21,19.45,-8.767045171900598,0.0,0.0,0.0
1990-08-31 23:30:00+05:30,13.96,0.27,22.26,-7.301730383515052,0.0,0.0,0.0
1990-09-01 00:30:00+05:30,13.64,0.32,25.07,-6.0211470088839265,0.0,0.0,0.0
1990-09-01 01:30:00+05:30,13.32,0.38,27.88,-4.8948773746870895,0.0,0.0,0.0
1990-09-01 02:30:00+05:30,12.99,0.43,30.69,-3.9037590090238155,0.0,0.0,0.0
1990-09-01 03:30:00+05:30,12.67,0.49,33.49,-3.013661763973416,0.0,0.0,0.0
1990-09-01 04:30:00+05:30,12.34,0.55,36.3,-2.21785859944135,0.0,0.0,0.0
1990-09-01 05:30:00+05:30,12.02,0.6,39.11,-1.4904962359531029,0.0,0.0,0.0
1990-09-01 06:30:00+05:30,11.7,0.66,41.92,-0.830399005521114,66.95,0.0,66.95
1990-09-01 07:30:00+05:30,11.37,0.71,44.73,-0.23856173774639472,330.15,639.15,120.9
1990-09-01 08:30:00+05:30,11.05,0.77,47.54,0.3098543044972379,564.1,778.29,158.65
1990-09-01 09:30:00+05:30,10.72,0.82,50.34,0.7993936550447004,760.0,878.59,158.75
1990-09-01 10:30:00+05:30,10.4,0.88,53.15,1.2588239885489314,860.05,866.62,161.2
1990-09-01 11:30:00+05:30,10.08,0.94,55.96,1.6800714968782704,825.6,637.49,265.35
1990-09-01 12:30:00+05:30,9.75,0.99,58.77,2.0571790760095205,835.25,647.37,254.75
1990-09-01 13:30:00+05:30,15.77,1.31,32.1,-0.8663278480860233,727.4,546.06,258.45
1990-09-01 14:30:00+05:30,16.37,1.24,29.8,-1.3597178906784853,645.1,583.06,197.5
1990-09-01 15:30:00+05:30,16.99,1.24,28.8,-1.288521112732406,468.0,529.26,134.8
1990-09-01 16:30:00+05:30,17.1,1.17,27.7,-1.7243440566725483,225.8,247.54,113.45
1990-09-01 17:30:00+05:30,16.66,1.1,27.6,-2.152066317056142,77.2,173.42,33.4
1990-09-01 18:30:00+05:30,15.94,1.03,28.55,-2.3144671425683767,1.2,0.0,1.2
1990-09-01 19:30:00+05:30,14.91,0.62,31.8,-1.7472835754644716,0.0,0.0,0.0
1990-09-01 20:30:00+05:30,13.93,0.34,38.3,-0.06705232049080473,0.0,0.0,0.0
1990-09-01 21:30:00+05:30,13.14,0.41,38.15,-0.8272669629340632,0.0,0.0,0.0
1990-09-01 22:30:00+05:30,12.27,0.34,41.1,-0.5867024837038314,0.0,0.0,0.0
1990-09-01 23:30:00+05:30,11.56,0.21,45.8,0.2609353054466716,0.0,0.0,0.0
1990-09-02 00:30:00+05:30,9.41,0.41,52.85,0.2605057466969642,0.0,0.0,0.0
1990-09-02 01:30:00+05:30,8.22,0.55,59.0,0.6727701012609723,0.0,0.0,0.0
1990-09-02 02:30:00+05:30,7.6,0.55,65.95,1.6368490312057815,0.0,0.0,0.0
1990-09-02 03:30:00+05:30,6.98,0.55,71.05,2.0870061922328023,0.0,0.0,0.0
1990-09-02 04:30:00+05:30,6.34,0.55,73.7,1.984246628683759,0.0,0.0,0.0
1990-09-02 05:30:00+05:30,6.0,0.55,76.5,2.1786522868346814,0.0,0.0,0.0
1990-09-02 06:30:00+05:30,6.07,0.48,76.5,2.246520951110939,74.3,0.0,74.3
1990-09-02 07:30:00+05:30,7.55,0.41,71.15,2.6547277422562177,324.7,600.19,129.5
1990-09-02 08:30:00+05:30,9.74,0.34,57.15,1.6561978931790071,567.85,816.46,144.25
1990-09-02 09:30:00+05:30,11.37,1.03,47.6,0.6208574788052449,708.55,815.0,152.6
1990-09-02 10:30:00+05:30,12.84,1.45,39.65,-0.5669849473893633,696.4,604.37,210.45
1990-09-02 11:30:00+05:30,13.69,1.45,35.45,-1.3414709608427613,785.2,612.72,248.3
1990-09-02 12:30:00+05:30,14.73,1.72,34.25,-0.8924660367250923,736.7,607.67,193.55
1990-09-02 13:30:00+05:30,15.48,1.72,31.95,-1.184289109651217,717.9,545.55,251.15
1990-09-02 14:30:00+05:30,16.31,1.79,28.7,-1.9236625150073214,470.55,346.83,205.55
1990-09-02 15:30:00+05:30,16.27,1.59,27.6,-2.487663963265547,466.95,563.47,114.45
1990-09-02 16:30:00+05:30,16.61,1.66,26.5,-2.7449193563805365,230.45,268.26,109.85
1990-09-02 17:30:00+05:30,16.14,1.52,26.4,-3.1983489026427385,76.05,130.25,43.75
1990-09-02 18:30:00+05:30,15.27,1.38,26.25,-4.019655277981475,0.9,0.0,0.9
1990-09-02 19:30:00+05:30,13.78,1.31,36.85,-0.7316458552631244,0.0,0.0,0.0
1990-09-02 20:30:00+05:30,12.39,1.24,42.7,0.047537851235276235,0.0,0.0,0.0
1990-09-02 21:30:00+05:30,11.15,1.03,55.3,2.5128966649886633,0.0,0.0,0.0
1990-09-02 22:30:00+05:30,10.72,0.83,51.25,1.048475099317168,0.0,0.0,0.0
1990-09-02 23:30:00+05:30,10.06,0.76,55.05,1.4322672603813082,0.0,0.0,0.0
1990-09-03 00:30:00+05:30,8.9,0.69,59.15,1.3479126957296526,0.0,0.0,0.0
1990-09-03 01:30:00+05:30,8.05,0.69,66.05,2.0869441976912477,0.0,0.0,0.0
1990-09-03 02:30:00+05:30,7.26,0.62,68.5,1.8430869565749255,0.0,0.0,0.0
1990-09-03 03:30:00+05:30,6.66,0.62,73.7,2.2931624038660714,0.0,0.0,0.0
1990-09-03 04:30:00+05:30,6.07,0.69,79.4,2.7705586673768274,0.0,0.0,0.0
1990-09-03 05:30:00+05:30,5.52,0.62,82.4,2.757298404597534,0.0,0.0,0.0
1990-09-03 06:30:00+05:30,4.96,0.62,82.35,2.201132442330684,65.75,0.0,65.75
1990-09-03 07:30:00+05:30,5.88,0.55,76.5,2.062304644059791,329.75,639.83,123.05
1990-09-03 08:30:00+05:30,7.51,0.34,68.5,2.082381419477762,577.05,856.25,134.65
1990-09-03 09:30:00+05:30,9.85,0.55,52.95,0.6954036876035847,678.7,757.74,163.5
1990-09-03 10:30:00+05:30,11.78,0.55,40.95,-1.0786656225546145,804.35,728.48,220.35
1990-09-03 11:30:00+05:30,13.34,0.83,35.45,-1.6517227468667939,808.85,646.27,244.25
1990-09-03 12:30:00+05:30,14.3,1.1,31.65,-2.345152512480716,839.4,598.28,306.4
1990-09-03 13:30:00+05:30,15.53,1.45,26.25,-3.797042686019067,715.0,440.94,339.2
1990-09-03 14:30:00+05:30,16.17,1.79,24.35,-4.254160290806099,614.35,485.0,245.55
1990-09-03 15:30:00+05:30,16.44,2.14,24.5,-3.9430568878708887,438.95,418.86,178.6
1990-09-03 16:30:00+05:30,16.09,2.34,26.4,-3.2411686500857475,247.9,304.47,112.35
1990-09-03 17:30:00+05:30,15.02,2.28,33.05,-1.1251038892307612,89.8,197.05,41.85
1990-09-03 18:30:00+05:30,13.79,1.66,36.85,-0.7227437169826143,0.75,0.0,0.75
1990-09-03 19:30:00+05:30,12.78,1.1,41.2,-0.09330397537629852,0.0,0.0,0.0
1990-09-03 20:30:00+05:30,11.94,0.9,51.5,2.2454437658922557,0.0,0.0,0.0
1990-09-03 21:30:00+05:30,11.66,0.76,45.8,0.35225739996467065,0.0,0.0,0.0
1990-09-03 22:30:00+05:30,11.09,0.62,45.7,-0.198435161914717,0.0,0.0,0.0
1990-09-03 23:30:00+05:30,10.42,0.28,49.2,0.20536421166218688,0.0,0.0,0.0
1990-09-04 00:30:00+05:30,9.35,0.14,50.85,-0.32724890604769813,0.0,0.0,0.0
1990-09-04 01:30:00+05:30,8.65,0.28,56.8,0.5494614757858208,0.0,0.0,0.0
1990-09-04 02:30:00+05:30,7.72,0.41,58.9,0.17887620611582666,0.0,0.0,0.0
1990-09-04 03:30:00+05:30,6.8,0.48,63.35,0.3166906088647321,0.0,0.0,0.0
1990-09-04 04:30:00+05:30,5.93,0.55,68.2,0.5090358160158505,0.0,0.0,0.0
1990-09-04 05:30:00+05:30,5.05,0.55,73.45,0.6916292797539635,0.0,0.0,0.0
1990-09-04 06:30:00+05:30,4.53,0.62,76.25,0.7078381319176996,58.1,0.0,58.1
1990-09-04 07:30:00+05:30,6.26,0.69,65.75,0.3176459691535333,395.15,966.76,84.95
1990-09-04 08:30:00+05:30,8.9,0.69,54.8,0.2868425904978896,610.0,981.64,104.95
1990-09-04 09:30:00+05:30,11.16,0.62,45.7,-0.1345147435996358,789.55,996.74,114.1
1990-09-04 10:30:00+05:30,13.17,0.48,39.65,-0.2706698601515441,888.9,917.75,155.4
1990-09-04 11:30:00+05:30,14.97,0.62,33.05,-1.1690456107040677,845.35,701.31,234.55
1990-09-04 12:30:00+05:30,16.32,1.38,27.6,-2.4446345457991097,867.85,711.75,235.9
1990-09-04 13:30:00+05:30,17.66,1.59,22.0,-4.348604287727952,814.55,709.14,212.55
1990-09-04 14:30:00+05:30,18.55,1.79,19.75,-5.038894775245768,575.85,396.73,275.65
1990-09-04 15:30:00+05:30,18.79,1.86,18.35,-5.810750258312437,431.85,399.69,185.05
1990-09-04 16:30:00+05:30,18.73,1.93,19.0,-5.401701607072708,266.5,350.62,111.95
1990-09-04 17:30:00+05:30,18.23,1.93,20.45,-4.843104211833227,83.55,169.91,43.0
1990-09-04 18:30:00+05:30,17.19,1.59,22.75,-4.297174769521425,0.5,0.0,0.5
1990-09-04 19:30:00+05:30,15.82,1.24,30.85,-1.365670552869881,0.0,0.0,0.0
1990-09-04 20:30:00+05:30,14.69,1.03,37.0,0.134388848367913,0.0,0.0,0.0
1990-09-04 21:30:00+05:30,14.02,1.03,35.45,-1.0489931812635849,0.0,0.0,0.0
1990-09-04 22:30:00+05:30,13.46,0.9,35.45,-1.5453451295211973,0.0,0.0,0.0
1990-09-04 23:30:00+05:30,12.71,0.76,38.0,-1.2655117900317367,0.0,0.0,0.0
1990-09-05 00:30:00+05:30,11.91,0.48,37.9,-2.0163793276350384,0.0,0.0,0.0
1990-09-05 01:30:00+05:30,11.13,0.28,40.65,-1.7648452780814918,0.0,0.0,0.0
1990-09-05 02:30:00+05:30,10.27,0.21,43.8,-1.527307122258903,0.0,0.0,0.0
1990-09-05 03:30:00+05:30,9.4,0.21,47.05,-1.345522952281684,0.0,0.0,0.0
1990-09-05 04:30:00+05:30,8.58,0.28,50.6,-1.106839655037136,0.0,0.0,0.0
1990-09-05 05:30:00+05:30,7.8,0.34,52.45,-1.3390096287745272,0.0,0.0,0.0
1990-09-05 06:30:00+05:30,7.26,0.34,54.4,-1.3433261922971416,57.3,0.0,57.3
1990-09-05 07:30:00+05:30,8.91,0.14,48.8,-1.2972401200749184,378.2,903.16,90.4
1990-09-05 08:30:00+05:30,10.51,0.69,55.15,1.8775219853591443,587.7,917.54,117.65
1990-09-05 09:30:00+05:30,12.34,0.83,42.7,0.0022512737223929053,747.1,915.35,128.9
1990-09-05 10:30:00+05:30,14.07,0.97,38.3,0.05811233963787761,847.65,878.74,147.5
1990-09-05 11:30:00+05:30,15.7,1.17,31.95,-0.9917398798500112,824.3,645.76,263.65
1990-09-05 12:30:00+05:30,17.12,1.38,27.7,-1.707133095024001,872.15,719.51,235.5
1990-09-05 13:30:00+05:30,18.38,1.59,22.25,-3.593906065623788,761.05,619.27,237.45
1990-09-05 14:30:00+05:30,19.19,1.86,19.85,-4.442054684575443,629.4,576.37,195.45
1990-09-05 15:30:00+05:30,19.58,2.0,17.75,-5.600987813828718,454.95,486.43,156.6
1990-09-05 16:30:00+05:30,19.5,2.14,17.75,-5.666388043840113,181.2,206.49,91.1
1990-09-05 17:30:00+05:30,18.29,2.28,21.4,-4.189630151163798,76.25,152.4,40.6
1990-09-05 18:30:00+05:30,16.62,2.0,29.8,-1.142727712218211,0.3,0.0,0.3
1990-09-05 19:30:00+05:30,15.23,1.45,38.55,1.1855217733008359,0.0,0.0,0.0
1990-09-05 20:30:00+05:30,13.76,1.17,48.15,2.9746662705072424,0.0,0.0,0.0
1990-09-05 21:30:00+05:30,12.91,1.03,49.85,2.682840166787964,0.0,0.0,0.0
1990-09-05 22:30:00+05:30,12.52,0.97,49.7,2.2809810015444705,0.0,0.0,0.0
1990-09-05 23:30:00+05:30,11.75,0.76,51.5,2.06960768967513,0.0,0.0,0.0
1990-09-06 00:30:00+05:30,11.54,0.55,51.35,1.8343876555416678,0.0,0.0,0.0
1990-09-06 01:30:00+05:30,10.75,0.21,53.25,1.6103008299065291,0.0,0.0,0.0
1990-09-06 02:30:00+05:30,9.57,0.28,59.25,2.001999890029447,0.0,0.0,0.0
1990-09-06 03:30:00+05:30,8.04,0.41,66.05,2.0774133745730365,0.0,0.0,0.0
1990-09-06 04:30:00+05:30,6.92,0.55,71.05,2.0293306541232394,0.0,0.0,0.0
1990-09-06 05:30:00+05:30,6.44,0.55,73.7,2.0807842949497313,0.0,0.0,0.0
1990-09-06 06:30:00+05:30,5.97,0.55,79.4,2.6731887514994415,54.0,0.0,54.0
1990-09-06 07:30:00+05:30,7.63,0.41,71.15,2.7316331723995044,341.9,748.33,105.1
1990-09-06 08:30:00+05:30,9.91,0.48,64.0,3.4112221839477086,561.15,850.37,127.4
1990-09-06 09:30:00+05:30,11.93,1.03,49.6,1.7090604094448332,689.8,752.41,183.4
1990-09-06 10:30:00+05:30,13.76,1.17,39.8,0.31122874183300053,775.1,639.41,267.25
1990-09-06 11:30:00+05:30,15.41,1.45,31.95,-1.2455592011166796,878.9,801.8,185.0
1990-09-06 12:30:00+05:30,16.69,1.52,26.5,-2.6763997793120984,919.2,877.65,145.35
1990-09-06 13:30:00+05:30,18.14,2.14,19.65,-5.445310722830698,845.5,839.81,138.35
1990-09-06 14:30:00+05:30,19.27,2.62,15.6,-7.539138508984701,629.75,593.14,185.45
1990-09-06 15:30:00+05:30,19.63,2.55,12.8,-9.790545437472735,516.2,671.35,107.25
1990-09-06 16:30:00+05:30,19.57,2.41,11.3,-11.410629544487687,197.45,271.76,80.1
1990-09-06 17:30:00+05:30,18.56,2.0,12.1,-11.342157078710972,77.05,183.06,35.1
1990-09-06 18:30:00+05:30,17.62,1.66,14.65,-9.672121020761777,0.2,0.0,0.2
1990-09-06 19:30:00+05:30,16.24,1.31,21.6,-5.781111654319066,0.0,0.0,0.0
1990-09-06 20:30:00+05:30,14.21,1.59,35.45,-0.880616839403473,0.0,0.0,0.0
1990-09-06 21:30:00+05:30,12.69,1.31,41.1,-0.20795626639832743,0.0,0.0,0.0
1990-09-06 22:30:00+05:30,12.53,0.9,41.1,-0.3522331454454502,0.0,0.0,0.0
1990-09-06 23:30:00+05:30,11.54,0.76,45.8,0.2426705047382288,0.0,0.0,0.0
1990-09-07 00:30:00+05:30,10.66,0.62,47.35,-0.10312732540710458,0.0,0.0,0.0
1990-09-07 01:30:00+05:30,9.64,0.55,52.85,0.4741342146983298,0.0,0.0,0.0
1990-09-07 02:30:00+05:30,8.72,0.48,54.8,0.11893178017022146,0.0,0.0,0.0
1990-09-07 03:30:00+05:30,8.04,0.48,61.2,1.0117062933036203,0.0,0.0,0.0
1990-09-07 04:30:00+05:30,7.35,0.48,63.5,0.8713573163004403,0.0,0.0,0.0
1990-09-07 05:30:00+05:30,6.87,0.41,65.85,0.9200143847141897,0.0,0.0,0.0
1990-09-07 06:30:00+05:30,6.51,0.34,68.3,1.08442909779486,64.25,0.0,64.25
1990-09-07 07:30:00+05:30,7.67,0.41,63.6,1.196931491837499,365.9,858.85,96.05
1990-09-07 08:30:00+05:30,8.98,0.9,59.15,1.4231892220891953,594.4,956.64,108.6
1990-09-07 09:30:00+05:30,10.88,0.97,47.45,0.12773675524762776,750.5,910.27,140.0
1990-09-07 10:30:00+05:30,12.75,1.1,36.7,-1.7042822818518724,897.75,968.0,131.4
1990-09-07 11:30:00+05:30,14.65,1.38,29.25,-3.104164577381772,900.95,774.24,233.1
1990-09-07 12:30:00+05:30,16.28,2.14,21.75,-5.6565547963068,865.1,757.6,199.5
1990-09-07 13:30:00+05:30,17.6,2.34,17.3,-7.553879139128804,759.35,673.81,194.35
1990-09-07 14:30:00+05:30,18.52,2.41,14.85,-8.777230508835537,669.55,650.05,185.15
1990-09-07 15:30:00+05:30,19.33,2.62,12.3,-10.531437136493576,490.35,597.7,128.8
1990-09-07 16:30:00+05:30,19.49,2.69,10.85,-11.980803082371084,268.0,407.71,93.8
1990-09-07 17:30:00+05:30,18.86,2.55,11.2,-12.07403449558323,72.25,147.09,39.25
1990-09-07 18:30:00+05:30,17.37,1.93,15.3,-9.319894826505665,0.05,0.0,0.05
1990-09-07 19:30:00+05:30,15.96,1.66,21.6,-6.015604530964928,0.0,0.0,0.0
1990-09-07 20:30:00+05:30,14.12,1.45,32.8,-2.0192973045083145,0.0,0.0,0.0
1990-09-07 21:30:00+05:30,13.15,1.17,35.3,-1.877786664813671,0.0,0.0,0.0
1990-09-07 22:30:00+05:30,13.12,0.97,35.3,-1.9043715817031452,0.0,0.0,0.0
1990-09-07 23:30:00+05:30,12.43,0.69,38.0,-1.5157705907356103,0.0,0.0,0.0
1990-09-08 00:30:00+05:30,11.31,0.34,40.8,-1.552482428398925,0.0,0.0,0.0
1990-09-08 01:30:00+05:30,10.16,0.21,45.4,-1.1378727950837475,0.0,0.0,0.0
1990-09-08 02:30:00+05:30,8.43,0.41,50.6,-1.2455193107270635,0.0,0.0,0.0
1990-09-08 03:30:00+05:30,7.08,0.55,56.45,-1.0060422368036084,0.0,0.0,0.0
1990-09-08 04:30:00+05:30,6.21,0.62,58.55,-1.3233243788219247,0.0,0.0,0.0
1990-09-08 05:30:00+05:30,5.66,0.69,60.75,-1.338307543585992,0.0,0.0,0.0
1990-09-08 06:30:00+05:30,5.25,0.76,65.55,-0.6866918287380478,56.7,0.0,56.7
1990-09-08 07:30:00+05:30,6.61,0.0,60.85,-0.4184862799822523,380.85,946.16,85.7
1990-09-08 08:30:00+05:30,8.85,0.0,52.7,-0.29881938634139393,591.35,960.27,105.9
1990-09-08 09:30:00+05:30,11.12,0.76,47.45,0.3478387882622606,771.45,968.61,124.15
1990-09-08 10:30:00+05:30,13.07,0.83,36.7,-1.4194352865685291,893.1,967.77,129.45
1990-09-08 11:30:00+05:30,14.93,1.1,30.6,-2.251881216743024,952.75,950.9,135.25
1990-09-08 12:30:00+05:30,16.61,1.52,24.5,-3.798715899190505,890.45,805.51,185.35
1990-09-08 13:30:00+05:30,18.02,1.79,19.65,-5.544626736329177,710.45,599.57,209.85
1990-09-08 14:30:00+05:30,18.88,1.93,16.25,-7.32491992015006,592.3,491.82,227.75
1990-09-08 15:30:00+05:30,19.29,1.93,15.1,-7.9443594866628535,494.8,630.28,116.25
1990-09-08 16:30:00+05:30,19.36,2.0,14.5,-8.410712293296246,249.65,331.36,109.6
1990-09-08 17:30:00+05:30,18.75,1.86,16.15,-7.510239877265741,67.9,138.95,37.4
1990-09-08 18:30:00+05:30,17.76,1.45,18.75,-6.374851061760445,0.0,0.0,0.0
1990-09-08 19:30:00+05:30,16.7,1.03,21.75,-5.304635229235188,0.0,0.0,0.0
1990-09-08 20:30:00+05:30,15.39,0.9,27.3,-3.391888295879625,0.0,0.0,0.0
1990-09-08 21:30:00+05:30,14.74,0.83,29.25,-3.0261371812135343,0.0,0.0,0.0
1990-09-08 22:30:00+05:30,13.84,0.76,31.55,-2.7903092884154646,0.0,0.0,0.0
1990-09-08 23:30:00+05:30,13.05,0.55,33.95,-2.4946156702736055,0.0,0.0,0.0
1990-09-09 00:30:00+05:30,12.1,0.34,35.05,-2.904252093806037,0.0,0.0,0.0
1990-09-09 01:30:00+05:30,11.26,0.21,37.75,-2.6509523905565695,0.0,0.0,0.0
1990-09-09 02:30:00+05:30,10.33,0.34,40.55,-2.519159717871605,0.0,0.0,0.0
1990-09-09 03:30:00+05:30,9.36,0.41,43.55,-2.432116299368771,0.0,0.0,0.0
1990-09-09 04:30:00+05:30,8.47,0.41,46.8,-2.270357669537242,0.0,0.0,0.0
1990-09-09 05:30:00+05:30,7.75,0.48,48.55,-2.4348572995285003,0.0,0.0,0.0
1990-09-09 06:30:00+05:30,7.12,0.55,52.2,-2.0352827993927503,55.15,0.0,55.15
1990-09-09 07:30:00+05:30,8.44,0.48,46.8,-2.2978510870091897,387.75,985.4,82.6
1990-09-09 08:30:00+05:30,10.49,0.28,45.55,-0.791465287392303,605.5,1003.22,100.65
1990-09-09 09:30:00+05:30,12.91,0.21,36.7,-1.5618537533287657,784.85,1011.35,111.45
1990-09-09 10:30:00+05:30,15.05,0.34,30.6,-2.1473324982466333,908.25,1005.24,117.7
1990-09-09 11:30:00+05:30,16.99,0.55,23.7,-3.9203603426578653,962.5,984.57,118.95
1990-09-09 12:30:00+05:30,18.73,0.9,19.75,-4.88989433013068,946.05,948.02,119.3
1990-09-09 13:30:00+05:30,19.86,1.38,15.85,-6.856665140066483,854.6,883.19,120.4
1990-09-09 14:30:00+05:30,20.76,1.86,14.1,-7.654532908030366,686.6,744.95,137.4
1990-09-09 15:30:00+05:30,21.2,1.93,13.1,-8.255340345163242,455.95,532.49,138.45
1990-09-09 16:30:00+05:30,21.02,1.93,12.6,-8.896904412921176,231.3,289.83,110.15
1990-09-09 17:30:00+05:30,20.23,1.93,14.0,-8.168383047116079,68.7,167.97,32.65
1990-09-09 18:30:00+05:30,18.99,1.59,16.25,-7.235827379447792,0.0,0.0,0.0
1990-09-09 19:30:00+05:30,17.82,1.38,18.85,-6.25579553220144,0.0,0.0,0.0
1990-09-09 20:30:00+05:30,15.92,1.31,26.4,-3.3867650069480697,0.0,0.0,0.0
1990-09-09 21:30:00+05:30,15.09,1.17,28.25,-3.1911055227681753,0.0,0.0,0.0
1990-09-09 22:30:00+05:30,14.72,0.9,29.25,-3.0434762782744995,0.0,0.0,0.0
1990-09-09 23:30:00+05:30,13.83,0.62,31.55,-2.7990568075620446,0.0,0.0,0.0
1990-09-10 00:30:00+05:30,12.99,0.34,32.65,-3.073897899984933,0.0,0.0,0.0
1990-09-10 01:30:00+05:30,12.18,0.28,35.05,-2.833383220925988,0.0,0.0,0.0
1990-09-10 02:30:00+05:30,11.16,0.28,39.1,-2.2654288367357656,0.0,0.0,0.0
1990-09-10 03:30:00+05:30,10.1,0.34,42.0,-2.2515402106200466,0.0,0.0,0.0
1990-09-10 04:30:00+05:30,9.12,0.41,45.15,-2.162198977355574,0.0,0.0,0.0
1990-09-10 05:30:00+05:30,8.3,0.41,46.8,-2.4261574029623385,0.0,0.0,0.0
1990-09-10 06:30:00+05:30,7.79,0.48,48.55,-2.3980394612847418,55.4,0.0,55.4
1990-09-10 07:30:00+05:30,9.26,0.28,45.25,-2.0044244685551695,371.9,926.87,87.0
1990-09-10 08:30:00+05:30,11.19,0.55,45.7,-0.10712075713145275,595.35,991.83,98.55
1990-09-10 09:30:00+05:30,13.35,0.83,36.85,-1.1144748391090764,779.0,1009.85,109.1
1990-09-10 10:30:00+05:30,15.27,0.97,31.95,-1.3681057968860078,901.05,1001.55,116.1
1990-09-10 11:30:00+05:30,17.11,1.1,25.6,-2.7835264176410135,938.05,927.22,146.4
1990-09-10 12:30:00+05:30,18.58,1.24,20.55,-4.487381768700064,902.35,880.91,137.05
1990-09-10 13:30:00+05:30,19.77,1.79,17.05,-5.975068984620117,837.55,839.58,142.7
1990-09-10 14:30:00+05:30,20.75,2.28,13.55,-8.1763076870433,678.9,740.2,136.2
1990-09-10 15:30:00+05:30,21.38,2.55,10.3,-11.173084512658555,476.2,576.73,134.85
1990-09-10 16:30:00+05:30,21.43,2.62,9.5,-12.145955138849866,256.1,395.09,92.8
1990-09-10 17:30:00+05:30,20.71,2.55,9.7,-12.43646172944112,61.05,130.18,33.75
1990-09-10 18:30:00+05:30,19.05,1.86,12.7,-10.347289648916295,0.0,0.0,0.0
1990-09-10 19:30:00+05:30,17.6,1.93,17.3,-7.553879139128804,0.0,0.0,0.0
1990-09-10 20:30:00+05:30,15.71,1.66,24.25,-4.6992214596910395,0.0,0.0,0.0
1990-09-10 21:30:00+05:30,13.94,1.52,30.3,-3.2470628827930574,0.0,0.0,0.0
1990-09-10 22:30:00+05:30,13.95,1.17,31.55,-2.6940894859482567,0.0,0.0,0.0
1990-09-10 23:30:00+05:30,13.63,0.9,31.55,-2.9740164444285684,0.0,0.0,0.0
1990-09-11 00:30:00+05:30,12.97,0.69,32.65,-3.0914677626591374,0.0,0.0,0.0
1990-09-11 01:30:00+05:30,12.1,0.48,36.45,-2.375516278658765,0.0,0.0,0.0
1990-09-11 02:30:00+05:30,11.26,0.28,37.75,-2.6509523905565695,0.0,0.0,0.0
1990-09-11 03:30:00+05:30,10.53,0.07,42.15,-1.8140487758978163,0.0,0.0,0.0
1990-09-11 04:30:00+05:30,9.83,0.07,43.7,-1.9583584211947092,0.0,0.0,0.0
1990-09-11 05:30:00+05:30,9.02,0.14,46.95,-1.7228391910879057,0.0,0.0,0.0
1990-09-11 06:30:00+05:30,8.42,0.14,48.65,-1.7902503320143721,55.1,0.0,55.1
1990-09-11 07:30:00+05:30,9.42,0.07,47.05,-1.327188924890653,362.9,883.58,93.35
1990-09-11 08:30:00+05:30,10.61,0.97,47.35,-0.1489765191117653,588.4,967.15,106.25
1990-09-11 09:30:00+05:30,12.43,0.9,39.5,-0.9870751308989317,767.55,992.04,111.95
1990-09-11 10:30:00+05:30,14.0,1.1,35.45,-1.066717854972208,858.6,913.45,145.2
1990-09-11 11:30:00+05:30,15.47,1.45,29.55,-2.2552695313072886,936.5,936.99,139.35
1990-09-11 12:30:00+05:30,17.14,2.0,21.85,-4.875295937142241,892.75,835.06,170.1
1990-09-11 13:30:00+05:30,18.46,2.41,17.5,-6.702160459678687,793.9,755.45,171.5
1990-09-11 14:30:00+05:30,19.32,2.62,13.9,-8.984745832995161,664.4,714.61,143.4
1990-09-11 15:30:00+05:30,19.79,2.55,12.3,-10.170231275816496,393.25,374.17,173.45
1990-09-11 16:30:00+05:30,19.36,2.48,11.3,-11.574032668647067,254.95,407.5,88.45
1990-09-11 17:30:00+05:30,18.5,2.48,12.1,-11.389229376722115,54.55,134.55,27.0
1990-09-11 18:30:00+05:30,16.64,2.07,20.05,-6.424092627984274,0.0,0.0,0.0
1990-09-11 19:30:00+05:30,15.02,1.72,29.4,-2.714418343029623,0.0,0.0,0.0
1990-09-11 20:30:00+05:30,13.6,1.59,35.45,-1.4212452638485666,0.0,0.0,0.0
1990-09-11 21:30:00+05:30,12.21,1.1,44.2,0.3613700573576825,0.0,0.0,0.0
1990-09-11 22:30:00+05:30,11.69,0.69,45.8,0.37965340790341284,0.0,0.0,0.0
1990-09-11 23:30:00+05:30,10.99,0.62,47.45,0.22861903932606178,0.0,0.0,0.0
1990-09-12 00:30:00+05:30,10.55,0.41,47.35,-0.20399656299080146,0.0,0.0,0.0
1990-09-12 01:30:00+05:30,9.63,0.41,50.85,-0.06831349791474833,0.0,0.0,0.0
1990-09-12 02:30:00+05:30,8.85,0.41,54.8,0.24020152101092032,0.0,0.0,0.0
1990-09-12 03:30:00+05:30,8.13,0.41,58.9,0.564575761391901,0.0,0.0,0.0
1990-09-12 04:30:00+05:30,7.72,0.48,58.9,0.17887620611582666,0.0,0.0,0.0
1990-09-12 05:30:00+05:30,7.14,0.48,65.85,1.1773082379878175,0.0,0.0,0.0
1990-09-12 06:30:00+05:30,6.48,0.48,68.3,1.0557189182493374,58.4,0.0,58.4
1990-09-12 07:30:00+05:30,7.52,0.34,65.95,1.5606086548228095,345.8,797.73,104.3
1990-09-12 08:30:00+05:30,9.69,0.55,57.05,1.584860362343211,531.8,772.78,148.4
1990-09-12 09:30:00+05:30,11.56,1.03,42.4,-0.8010120768569647,703.3,744.79,213.0
1990-09-12 10:30:00+05:30,13.19,1.17,33.95,-2.3710949037808016,759.4,604.01,289.35
1990-09-12 11:30:00+05:30,14.79,1.72,26.1,-4.506911717413002,816.9,636.03,277.75
1990-09-12 12:30:00+05:30,16.28,1.93,19.25,-7.253031386829457,701.45,483.96,284.3
1990-09-12 13:30:00+05:30,17.05,2.21,16.45,-8.651313382564963,677.1,467.75,293.5
1990-09-12 14:30:00+05:30,18.05,2.41,14.15,-9.769732627509466,509.05,382.32,231.9
1990-09-12 15:30:00+05:30,18.33,2.62,12.6,-11.014507659670121,396.15,344.54,195.3
1990-09-12 16:30:00+05:30,17.99,2.76,13.05,-10.841378895860375,138.85,93.73,101.0
1990-09-12 17:30:00+05:30,16.83,2.55,15.15,-9.880183194001166,44.65,55.06,33.65
1990-09-12 18:30:00+05:30,15.55,2.14,18.25,-8.543987904284652,0.0,0.0,0.0
1990-09-12 19:30:00+05:30,14.37,1.66,22.1,-7.05067201912686,0.0,0.0,0.0
1990-09-12 20:30:00+05:30,13.25,1.24,28.0,-4.898403891214552,0.0,0.0,0.0
1990-09-12 21:30:00+05:30,11.78,1.38,35.05,-3.187753706486614,0.0,0.0,0.0
1990-09-12 22:30:00+05:30,11.43,1.17,36.3,-3.027262080321877,0.0,0.0,0.0
1990-09-12 23:30:00+05:30,11.32,0.97,34.9,-3.6527858887335456,0.0,0.0,0.0
1990-09-13 00:30:00+05:30,10.13,0.76,45.4,-1.165256255882305,0.0,0.0,0.0
1990-09-13 01:30:00+05:30,9.6,0.69,47.05,-1.1621882393565666,0.0,0.0,0.0
1990-09-13 02:30:00+05:30,8.88,0.55,50.7,-0.8024402005756772,0.0,0.0,0.0
1990-09-13 03:30:00+05:30,8.2,0.34,52.6,-0.9285409004766171,0.0,0.0,0.0
1990-09-13 04:30:00+05:30,7.65,0.28,58.8,0.08955575243293096,0.0,0.0,0.0
1990-09-13 05:30:00+05:30,7.17,0.21,58.8,-0.36196364183394497,0.0,0.0,0.0
1990-09-13 06:30:00+05:30,6.65,0.21,63.25,0.15254286513223309,55.6,0.0,55.6
1990-09-13 07:30:00+05:30,6.99,0.55,61.0,-0.02563106960321057,343.15,814.62,98.45
1990-09-13 08:30:00+05:30,8.2,0.9,54.65,-0.40389016036083747,560.9,889.09,121.95
1990-09-13 09:30:00+05:30,9.95,0.9,45.4,-1.3295630974020805,722.45,889.93,138.9
1990-09-13 10:30:00+05:30,11.81,1.1,35.05,-3.1611736547238625,811.95,830.36,168.1
1990-09-13 11:30:00+05:30,13.55,1.45,25.85,-5.695400633368984,809.4,609.03,295.05
1990-09-13 12:30:00+05:30,15.14,2.0,19.7,-7.897865530948406,794.95,581.14,296.05
1990-09-13 13:30:00+05:30,16.27,2.14,17.05,-8.826837106955386,675.0,437.0,318.3
1990-09-13 14:30:00+05:30,16.89,2.14,15.8,-9.296947367996685,551.3,403.83,260.25
1990-09-13 15:30:00+05:30,17.3,2.41,14.65,-9.928670013814845,390.4,347.76,189.25
1990-09-13 16:30:00+05:30,17.22,2.41,15.15,-9.566260001319083,202.75,217.78,115.85
1990-09-13 17:30:00+05:30,16.73,2.28,15.7,-9.507266125277868,49.9,92.92,31.8
1990-09-13 18:30:00+05:30,15.74,1.72,18.25,-8.387745483260543,0.0,0.0,0.0
1990-09-13 19:30:00+05:30,14.7,1.45,22.1,-6.773323384540061,0.0,0.0,0.0
1990-09-13 20:30:00+05:30,13.3,1.59,26.9,-5.385182420099192,0.0,0.0,0.0
1990-09-13 21:30:00+05:30,11.69,1.38,36.3,-2.7959704058635704,0.0,0.0,0.0
1990-09-13 22:30:00+05:30,11.32,1.17,37.75,-2.5973359363807837,0.0,0.0,0.0
1990-09-13 23:30:00+05:30,10.96,0.9,39.1,-2.4448746838386817,0.0,0.0,0.0
1990-09-14 00:30:00+05:30,10.28,0.83,42.15,-2.0403188779250523,0.0,0.0,0.0
1990-09-14 01:30:00+05:30,9.59,0.62,47.05,-1.1713546815147888,0.0,0.0,0.0
1990-09-14 02:30:00+05:30,8.9,0.41,48.8,-1.3064465354565329,0.0,0.0,0.0
1990-09-14 03:30:00+05:30,8.19,0.28,50.6,-1.4674199922401567,0.0,0.0,0.0
1990-09-14 04:30:00+05:30,7.43,0.21,56.55,-0.6540267876214902,0.0,0.0,0.0
1990-09-14 05:30:00+05:30,5.86,0.34,63.15,-0.6186748531751306,0.0,0.0,0.0
1990-09-14 06:30:00+05:30,4.59,0.48,67.9,-0.8338420780308028,55.8,0.0,55.8
1990-09-14 07:30:00+05:30,6.07,0.34,63.15,-0.41946580040482073,353.15,899.13,85.2
1990-09-14 08:30:00+05:30,8.22,0.55,54.65,-0.3852361627856399,560.15,883.96,125.9
1990-09-14 09:30:00+05:30,10.03,0.83,45.4,-1.2565365483948676,717.25,873.22,146.95
1990-09-14 10:30:00+05:30,11.93,0.97,35.05,-3.05485712141799,710.35,664.46,197.05
1990-09-14 11:30:00+05:30,13.31,1.17,26.9,-5.376586733818051,782.9,568.07,304.95
1990-09-14 12:30:00+05:30,14.91,1.38,22.25,-6.508488090374501,581.2,391.43,246.55
1990-09-14 13:30:00+05:30,15.39,1.45,19.8,-7.624964705093304,707.15,542.74,266.25
1990-09-14 14:30:00+05:30,16.57,1.59,17.75,-8.064305088953773,516.4,341.46,271.75
1990-09-14 15:30:00+05:30,16.79,1.79,17.15,-8.327442044629644,324.5,181.23,220.5
1990-09-14 16:30:00+05:30,16.67,1.79,17.05,-8.500543946041127,174.55,125.19,125.2
1990-09-14 17:30:00+05:30,16.09,1.86,18.4,-7.994395214123474,39.6,53.49,29.45
1990-09-14 18:30:00+05:30,15.02,1.72,22.25,-6.415995135597196,0.0,0.0,0.0
1990-09-14 19:30:00+05:30,13.85,1.59,28.0,-4.380430848041842,0.0,0.0,0.0
1990-09-14 20:30:00+05:30,12.84,1.38,32.65,-3.20567606557117,0.0,0.0,0.0
1990-09-14 21:30:00+05:30,11.32,1.17,42.4,-1.018290357689689,0.0,0.0,0.0
1990-09-14 22:30:00+05:30,11.05,0.9,42.3,-1.2949911058357757,0.0,0.0,0.0
1990-09-14 23:30:00+05:30,10.36,0.62,43.8,-1.445493810318699,0.0,0.0,0.0
1990-09-15 00:30:00+05:30,8.08,0.55,54.55,-0.5409775420469726,0.0,0.0,0.0
1990-09-15 01:30:00+05:30,7.54,0.55,56.55,-0.5510120599247029,0.0,0.0,0.0
1990-09-15 02:30:00+05:30,6.74,0.55,58.65,-0.8015109269199223,0.0,0.0,0.0
1990-09-15 03:30:00+05:30,6.12,0.62,63.15,-0.3720363623341509,0.0,0.0,0.0
1990-09-15 04:30:00+05:30,5.47,0.55,68.1,0.04856918894022313,0.0,0.0,0.0
1990-09-15 05:30:00+05:30,4.76,0.48,70.7,-0.11544193301553421,0.0,0.0,0.0
1990-09-15 06:30:00+05:30,4.41,0.48,73.4,0.06448201558489759,54.2,0.0,54.2
1990-09-15 07:30:00+05:30,5.24,0.28,70.8,0.3654038842193762,343.6,843.66,94.2
1990-09-15 08:30:00+05:30,7.51,0.55,61.1,0.48826707671407693,571.0,942.17,110.5
1990-09-15 09:30:00+05:30,9.57,1.03,48.95,-0.6475680170127162,673.55,765.87,175.4
1990-09-15 10:30:00+05:30,11.33,1.03,37.75,-2.588399995156021,845.45,916.39,140.2
1990-09-15 11:30:00+05:30,13.1,1.45,27.85,-5.098985209131355,842.2,740.87,221.25
1990-09-15 12:30:00+05:30,14.07,1.59,22.9,-6.840340781243805,778.25,603.73,264.25
1990-09-15 13:30:00+05:30,15.25,1.59,18.25,-8.79072999755595,686.7,581.38,216.7
1990-09-15 14:30:00+05:30,16.18,1.86,15.6,-10.032968250861634,552.3,444.75,235.55
1990-09-15 15:30:00+05:30,16.93,2.0,12.85,-11.873545993449486,419.65,462.27,156.5
1990-09-15 16:30:00+05:30,17.13,2.21,11.3,-13.311121120600156,208.95,276.49,101.3
1990-09-15 17:30:00+05:30,16.54,2.21,11.2,-13.880388422579117,48.45,117.47,26.75
1990-09-15 18:30:00+05:30,15.21,1.66,14.75,-11.520730677129587,0.0,0.0,0.0
1990-09-15 19:30:00+05:30,13.59,1.86,21.1,-8.303983933431676,0.0,0.0,0.0
1990-09-15 20:30:00+05:30,11.72,1.66,31.1,-4.836332174527107,0.0,0.0,0.0
1990-09-15 21:30:00+05:30,10.12,1.31,40.4,-2.758406458760416,0.0,0.0,0.0
1990-09-15 22:30:00+05:30,10.19,0.97,40.4,-2.695345949353782,0.0,0.0,0.0
1990-09-15 23:30:00+05:30,9.0,0.69,43.4,-2.805818744415018,0.0,0.0,0.0
1990-09-16 00:30:00+05:30,7.69,0.41,50.45,-1.970074717575777,0.0,0.0,0.0
1990-09-16 01:30:00+05:30,6.44,0.41,58.55,-1.1070190051488495,0.0,0.0,0.0
1990-09-16 02:30:00+05:30,5.11,0.62,65.4,-0.8514743726243594,0.0,0.0,0.0
1990-09-16 03:30:00+05:30,4.26,0.69,67.9,-1.1495581828158468,0.0,0.0,0.0
1990-09-16 04:30:00+05:30,3.64,0.69,70.5,-1.2306125141737838,0.0,0.0,0.0
1990-09-16 05:30:00+05:30,3.15,0.69,73.2,-1.189061401812407,0.0,0.0,0.0
1990-09-16 06:30:00+05:30,2.81,0.69,73.2,-1.5171939274158461,54.25,0.0,54.25
1990-09-16 07:30:00+05:30,4.05,0.69,70.5,-0.8366510703878609,344.2,864.94,90.6
1990-09-16 08:30:00+05:30,6.54,0.62,58.55,-1.0129769512512419,534.4,895.84,98.8
1990-09-16 09:30:00+05:30,8.69,0.9,46.95,-2.025334731923431,702.55,870.04,139.0
1990-09-16 10:30:00+05:30,10.51,1.1,36.0,-3.956755344866645,776.3,807.56,157.2
1990-09-16 11:30:00+05:30,12.08,1.52,25.45,-7.156630866258502,891.25,852.43,179.6
1990-09-16 12:30:00+05:30,13.49,1.79,21.1,-8.387656730346853,872.15,798.06,195.6
1990-09-16 13:30:00+05:30,14.74,2.07,18.0,-9.386354087878507,706.05,632.87,196.95
1990-09-16 14:30:00+05:30,15.4,2.14,14.85,-11.283282539253255,490.0,445.64,174.55
1990-09-16 15:30:00+05:30,15.55,2.21,14.25,-11.679513739652089,370.75,453.14,114.9
1990-09-16 16:30:00+05:30,15.1,2.21,15.35,-11.109199350963461,214.4,363.5,74.65
1990-09-16 17:30:00+05:30,14.01,2.28,20.25,-8.482261535468792,42.65,102.97,24.15
1990-09-16 18:30:00+05:30,12.42,1.66,28.85,-5.220768378121696,0.0,0.0,0.0
1990-09-16 19:30:00+05:30,11.33,1.24,34.9,-3.6439282014159518,0.0,0.0,0.0
1990-09-16 20:30:00+05:30,10.03,0.9,47.2,-0.7244103846907621,0.0,0.0,0.0
1990-09-16 21:30:00+05:30,9.79,0.69,43.7,-1.9947172836599028,0.0,0.0,0.0
1990-09-16 22:30:00+05:30,9.17,0.41,46.95,-1.5853523702207575,0.0,0.0,0.0
1990-09-16 23:30:00+05:30,7.95,0.41,50.45,-1.7297266828340532,0.0,0.0,0.0
1990-09-17 00:30:00+05:30,7.82,0.34,50.45,-1.8498983011728571,0.0,0.0,0.0
1990-09-17 01:30:00+05:30,6.9,0.41,54.3,-1.7040630389189018,0.0,0.0,0.0
1990-09-17 02:30:00+05:30,5.54,0.55,60.65,-1.4741113870815186,0.0,0.0,0.0
1990-09-17 03:30:00+05:30,3.9,0.69,67.8,-1.51408189997146,0.0,0.0,0.0
1990-09-17 04:30:00+05:30,2.77,0.69,70.4,-2.085917443143678,0.0,0.0,0.0
1990-09-17 05:30:00+05:30,1.97,0.76,75.95,-1.8277382086210183,0.0,0.0,0.0
1990-09-17 06:30:00+05:30,1.38,0.83,78.9,-1.8830535910328876,53.05,0.0,53.05
1990-09-17 07:30:00+05:30,3.07,0.9,70.4,-1.7976563889607031,361.95,960.08,82.8
1990-09-17 08:30:00+05:30,6.14,0.97,56.2,-1.9466534503332944,582.45,1000.52,98.5
1990-09-17 09:30:00+05:30,8.96,0.9,43.4,-2.842160626972788,760.65,1009.01,109.85
1990-09-17 10:30:00+05:30,11.11,0.76,34.75,-3.8963622924494676,879.45,994.67,119.9
1990-09-17 11:30:00+05:30,12.95,0.76,26.75,-5.759628210272927,885.25,856.44,173.1
1990-09-17 12:30:00+05:30,14.35,1.24,22.1,-7.067482928034933,842.9,739.51,218.7
1990-09-17 13:30:00+05:30,15.58,1.59,19.0,-8.000738052488112,734.55,592.95,259.95
1990-09-17 14:30:00+05:30,16.25,1.86,17.65,-8.39918860569649,533.3,522.61,165.65
1990-09-17 15:30:00+05:30,16.28,2.0,17.05,-8.818678591280188,384.45,414.24,152.5
1990-09-17 16:30:00+05:30,16.0,2.14,18.4,-8.068449955145809,175.4,270.85,72.6
1990-09-17 17:30:00+05:30,14.98,1.93,22.25,-6.449628179956503,43.4,117.71,22.85
1990-09-17 18:30:00+05:30,13.81,1.31,25.85,-5.472945941856743,0.0,0.0,0.0
1990-09-17 19:30:00+05:30,12.92,0.9,29.0,-4.71869391096471,0.0,0.0,0.0
1990-09-17 20:30:00+05:30,12.25,0.62,30.05,-4.829148688011427,0.0,0.0,0.0
1990-09-17 21:30:00+05:30,11.51,0.69,33.55,-4.012169989184647,0.0,0.0,0.0
1990-09-17 22:30:00+05:30,10.82,0.62,34.75,-4.153154491254058,0.0,0.0,0.0
1990-09-17 23:30:00+05:30,10.01,0.48,37.3,-3.928546658269689,0.0,0.0,0.0
1990-09-18 00:30:00+05:30,9.45,0.34,38.7,-3.9375748360164944,0.0,0.0,0.0
1990-09-18 01:30:00+05:30,8.74,0.28,40.1,-4.1014045927464045,0.0,0.0,0.0
1990-09-18 02:30:00+05:30,7.85,0.28,43.1,-3.9435282521077535,0.0,0.0,0.0
1990-09-18 03:30:00+05:30,7.01,0.34,46.4,-3.723588454963098,0.0,0.0,0.0
1990-09-18 04:30:00+05:30,6.31,0.41,48.15,-3.871213049577675,0.0,0.0,0.0
1990-09-18 05:30:00+05:30,5.68,0.48,49.95,-3.961860166874164,0.0,0.0,0.0
1990-09-18 06:30:00+05:30,5.19,0.41,51.8,-3.9299289583485426,51.2,0.0,51.2
1990-09-18 07:30:00+05:30,6.26,0.28,50.05,-3.399164872798781,357.4,962.04,80.05
1990-09-18 08:30:00+05:30,8.08,0.48,48.55,-2.1311243882726414,576.5,994.77,97.9
1990-09-18 09:30:00+05:30,10.34,0.83,34.6,-4.635713604119309,755.05,1008.64,107.3
1990-09-18 10:30:00+05:30,12.15,0.97,28.75,-5.500569238263723,857.05,963.22,124.45
1990-09-18 11:30:00+05:30,13.76,1.03,24.85,-6.034536190224593,876.35,813.13,202.95
1990-09-18 12:30:00+05:30,15.18,1.38,21.35,-6.820902162328352,789.55,576.43,305.15
1990-09-18 13:30:00+05:30,16.21,1.59,18.4,-7.895662991748043,617.7,413.46,288.45
1990-09-18 14:30:00+05:30,16.73,1.79,15.7,-9.507266125277868,479.5,345.31,238.1
1990-09-18 15:30:00+05:30,16.97,1.79,14.55,-10.280021181906353,408.9,450.62,158.7
1990-09-18 16:30:00+05:30,17.0,1.79,13.95,-10.787824236044152,228.35,406.96,75.9
1990-09-18 17:30:00+05:30,16.3,1.72,14.45,-10.903973776298502,41.85,121.53,21.25
1990-09-18 18:30:00+05:30,15.12,1.31,17.4,-9.506883198533151,0.0,0.0,0.0
1990-09-18 19:30:00+05:30,14.07,1.03,22.0,-7.36171679029111,0.0,0.0,0.0
1990-09-18 20:30:00+05:30,13.36,0.76,22.0,-7.9584552513447395,0.0,0.0,0.0
1990-09-18 21:30:00+05:30,12.48,0.62,24.55,-7.283091878778074,0.0,0.0,0.0
1990-09-18 22:30:00+05:30,11.4,0.55,26.35,-7.287760994753076,0.0,0.0,0.0
1990-09-18 23:30:00+05:30,10.33,0.55,28.3,-7.28336895276413,0.0,0.0,0.0
1990-09-19 00:30:00+05:30,9.17,0.55,31.55,-6.8802010267927365,0.0,0.0,0.0
1990-09-19 01:30:00+05:30,8.12,0.62,33.9,-6.868745870416493,0.0,0.0,0.0
1990-09-19 02:30:00+05:30,7.13,0.62,36.5,-6.784747122402174,0.0,0.0,0.0
1990-09-19 03:30:00+05:30,6.13,0.62,40.9,-6.194718016614455,0.0,0.0,0.0
1990-09-19 04:30:00+05:30,5.3,0.69,42.45,-6.45945561044031,0.0,0.0,0.0
1990-09-19 05:30:00+05:30,4.53,0.69,45.7,-6.195637036488922,0.0,0.0,0.0
1990-09-19 06:30:00+05:30,3.92,0.76,47.45,-6.262890360281923,51.31,0.0,51.31
1990-09-19 07:30:00+05:30,5.05,0.62,44.05,-6.202561179931356,371.75,1025.0,78.8
1990-09-19 08:30:00+05:30,7.56,0.69,39.7,-5.296836917205151,591.8,1039.91,94.2
1990-09-19 09:30:00+05:30,10.67,0.34,26.1,-8.037676331484366,769.9,1037.49,106.55
1990-09-19 10:30:00+05:30,12.85,0.07,20.15,-9.511662227516908,890.4,1024.13,114.65
1990-09-19 11:30:00+05:30,14.78,0.21,14.75,-11.866405656842167,939.6,997.29,117.1
1990-09-19 12:30:00+05:30,16.37,0.76,13.3,-11.887645753361703,919.0,959.5,116.3
1990-09-19 13:30:00+05:30,17.53,1.17,11.9,-12.357946435066353,827.1,903.55,111.3
1990-09-19 14:30:00+05:30,18.22,1.45,11.5,-12.243514661321214,671.45,819.65,102.1
1990-09-19 15:30:00+05:30,18.48,1.52,10.65,-12.9938311651708,465.8,686.1,88.1
1990-09-19 16:30:00+05:30,18.24,1.38,11.5,-12.227905709040272,234.6,455.56,66.2
1990-09-19 17:30:00+05:30,17.57,1.17,12.4,-11.813686585677752,39.7,117.4,20.4
1990-09-19 18:30:00+05:30,16.65,0.76,13.3,-11.665333729345466,0.0,0.0,0.0
1990-09-19 19:30:00+05:30,15.69,0.62,19.0,-7.9098808385476405,0.0,0.0,0.0
1990-09-19 20:30:00+05:30,15.04,0.62,17.4,-9.572354389147577,0.0,0.0,0.0
1990-09-19 21:30:00+05:30,14.05,0.62,18.65,-9.502331436935439,0.0,0.0,0.0
1990-09-19 22:30:00+05:30,12.88,0.55,20.15,-9.486675156584099,0.0,0.0,0.0
1990-09-19 23:30:00+05:30,11.72,0.48,21.6,-9.571758680152705,0.0,0.0,0.0
1990-09-20 00:30:00+05:30,10.55,0.48,24.05,-9.190288345058514,0.0,0.0,0.0
1990-09-20 01:30:00+05:30,9.44,0.55,25.85,-9.21639053801314,0.0,0.0,0.0
1990-09-20 02:30:00+05:30,8.38,0.55,28.95,-8.681671494370258,0.0,0.0,0.0
1990-09-20 03:30:00+05:30,7.39,0.62,31.1,-8.626172605531535,0.0,0.0,0.0
1990-09-20 04:30:00+05:30,6.54,0.62,34.9,-7.8914560793187665,0.0,0.0,0.0
1990-09-20 05:30:00+05:30,5.82,0.62,36.2,-8.059955981011681,0.0,0.0,0.0
1990-09-20 06:30:00+05:30,5.16,0.69,37.55,-8.177654715808117,51.17,0.0,51.17
1990-09-20 07:30:00+05:30,6.28,0.55,34.9,-8.122280418454961,367.35,1027.21,76.35
1990-09-20 08:30:00+05:30,9.74,0.48,27.05,-8.376845848602313,585.95,1040.76,90.7
1990-09-20 09:30:00+05:30,12.02,0.76,23.45,-8.266483919991918,759.2,1030.61,103.2
1990-09-20 10:30:00+05:30,14.04,1.03,20.25,-8.457280694712251,877.95,1014.41,112.75
1990-09-20 11:30:00+05:30,15.82,1.17,16.95,-9.269151161684373,926.15,985.67,116.65
1990-09-20 12:30:00+05:30,17.24,1.38,15.8,-9.013936105089622,898.7,935.31,119.8
1990-09-20 13:30:00+05:30,18.37,1.86,13.7,-9.92529707061758,793.85,825.97,142.95
1990-09-20 14:30:00+05:30,19.21,2.21,11.7,-11.255022745483107,609.8,631.6,173.9
1990-09-20 15:30:00+05:30,19.6,2.28,10.85,-11.895592101203283,384.4,413.75,158.6
1990-09-20 16:30:00+05:30,19.43,2.28,10.85,-12.027285405160205,196.25,294.23,88.95
1990-09-20 17:30:00+05:30,18.63,2.14,11.6,-11.815503315048913,35.25,92.28,20.55
1990-09-20 18:30:00+05:30,17.35,1.66,13.5,-10.922078761370642,0.0,0.0,0.0
1990-09-20 19:30:00+05:30,16.03,1.52,17.65,-8.579374754069189,0.0,0.0,0.0
1990-09-20 20:30:00+05:30,14.21,1.31,23.85,-6.1907293935450385,0.0,0.0,0.0
1990-09-20 21:30:00+05:30,14.17,1.03,23.85,-6.224638936649859,0.0,0.0,0.0
1990-09-20 22:30:00+05:30,13.44,0.83,24.85,-6.307145660337298,0.0,0.0,0.0
1990-09-20 23:30:00+05:30,12.62,0.55,27.75,-5.560672367279371,0.0,0.0,0.0
1990-09-21 00:30:00+05:30,11.62,0.34,28.6,-6.02853824466341,0.0,0.0,0.0
1990-09-21 01:30:00+05:30,10.83,0.21,29.6,-6.2637843238756785,0.0,0.0,0.0
1990-09-21 02:30:00+05:30,10.02,0.28,33.1,-5.504629380178835,0.0,0.0,0.0
1990-09-21 03:30:00+05:30,9.07,0.28,35.6,-5.385089442120328,0.0,0.0,0.0
1990-09-21 04:30:00+05:30,8.16,0.28,38.25,-5.249346644818527,0.0,0.0,0.0
1990-09-21 05:30:00+05:30,7.35,0.28,39.7,-5.485856536665441,0.0,0.0,0.0
1990-09-21 06:30:00+05:30,6.75,0.21,42.85,-5.01979324837098,48.8,0.0,48.8
1990-09-21 07:30:00+05:30,7.49,0.0,43.0,-4.3014420897165735,345.05,930.18,83.9
1990-09-21 08:30:00+05:30,8.99,0.97,43.4,-2.8149041644310966,564.45,975.33,102.95
1990-09-21 09:30:00+05:30,11.5,1.17,37.75,-2.4364948723442383,746.5,1014.11,103.95
1990-09-21 10:30:00+05:30,13.21,1.24,33.95,-2.3534497487539943,789.0,878.53,129.1
1990-09-21 11:30:00+05:30,14.6,1.38,29.25,-3.1475147524093576,867.9,854.35,169.25
1990-09-21 12:30:00+05:30,15.91,1.79,23.4,-5.002734179603079,706.9,537.39,261.45
1990-09-21 13:30:00+05:30,16.51,1.93,20.9,-5.988269552892475,710.55,620.47,224.2
1990-09-21 14:30:00+05:30,17.36,2.0,17.3,-7.749820797481065,577.05,593.03,170.45
1990-09-21 15:30:00+05:30,17.88,2.14,14.75,-9.376992597567137,349.65,338.56,166.5
1990-09-21 16:30:00+05:30,17.68,2.07,14.05,-10.15503951088824,198.7,316.79,84.75
1990-09-21 17:30:00+05:30,16.95,2.07,15.15,-9.7835811342638,28.1,57.07,19.3
1990-09-21 18:30:00+05:30,15.3,1.72,21.5,-6.629107100653246,0.0,0.0,0.0
1990-09-21 19:30:00+05:30,13.93,1.52,30.3,-3.255770405765763,0.0,0.0,0.0
1990-09-21 20:30:00+05:30,12.32,1.38,38.0,-1.6140947363762148,0.0,0.0,0.0
1990-09-21 21:30:00+05:30,11.6,0.97,40.8,-1.2910777170334367,0.0,0.0,0.0
1990-09-21 22:30:00+05:30,10.95,0.69,42.3,-1.3855147744435572,0.0,0.0,0.0
1990-09-21 23:30:00+05:30,9.81,0.62,45.4,-1.4573645099654766,0.0,0.0,0.0
1990-09-22 00:30:00+05:30,9.85,0.55,45.4,-1.420849177550251,0.0,0.0,0.0
1990-09-22 01:30:00+05:30,9.12,0.55,48.8,-1.1039122317969345,0.0,0.0,0.0
1990-09-22 02:30:00+05:30,8.65,0.48,52.6,-0.510664529215454,0.0,0.0,0.0
1990-09-22 03:30:00+05:30,8.3,0.41,52.6,-0.8356747873836952,0.0,0.0,0.0
1990-09-22 04:30:00+05:30,7.84,0.28,56.7,-0.23360241977672142,0.0,0.0,0.0
1990-09-22 05:30:00+05:30,7.35,0.28,58.8,-0.19263776180343062,0.0,0.0,0.0
1990-09-22 06:30:00+05:30,6.6,0.21,63.25,0.10511015845575354,53.55,0.0,53.55
1990-09-22 07:30:00+05:30,7.26,0.41,61.1,0.25207241261585156,301.7,713.72,103.15
1990-09-22 08:30:00+05:30,8.35,1.1,56.8,0.2684447611763473,509.25,765.11,149.3
1990-09-22 09:30:00+05:30,9.63,1.17,50.85,-0.06831349791474833,686.85,845.37,153.7
1990-09-22 10:30:00+05:30,10.87,1.38,42.3,-1.4579362003759715,761.4,724.21,219.75
1990-09-22 11:30:00+05:30,11.83,1.52,36.45,-2.615771649208794,795.7,700.44,225.4
1990-09-22 12:30:00+05:30,12.04,1.93,33.7,-3.485091677804285,690.25,543.69,241.7
1990-09-22 13:30:00+05:30,12.64,1.93,32.5,-3.443160719251261,681.8,592.54,219.85
1990-09-22 14:30:00+05:30,13.22,2.21,31.4,-3.3966881625276724,524.9,513.52,175.15
1990-09-22 15:30:00+05:30,12.99,2.28,32.65,-3.073897899984933,346.3,374.8,145.35
1990-09-22 16:30:00+05:30,12.7,2.14,35.15,-2.334246164785364,177.2,277.28,78.85
1990-09-22 17:30:00+05:30,11.64,1.79,39.25,-1.782770752043935,27.7,70.1,17.25
1990-09-22 18:30:00+05:30,10.68,1.24,43.8,-1.1546239467587185,0.0,0.0,0.0
1990-09-22 19:30:00+05:30,9.94,0.9,45.4,-1.3386915607201455,0.0,0.0,0.0
1990-09-22 20:30:00+05:30,9.13,0.55,59.15,1.564328849133461,0.0,0.0,0.0
1990-09-22 21:30:00+05:30,8.79,0.48,50.7,-0.8856581789490442,0.0,0.0,0.0
1990-09-22 22:30:00+05:30,7.57,0.48,56.55,-0.5229176406980498,0.0,0.0,0.0
1990-09-22 23:30:00+05:30,6.28,0.55,60.85,-0.7301840014692174,0.0,0.0,0.0
1990-09-23 00:30:00+05:30,5.46,0.55,65.55,-0.4866149891453951,0.0,0.0,0.0
1990-09-23 01:30:00+05:30,4.7,0.62,68.0,-0.7084212690839433,0.0,0.0,0.0
1990-09-23 02:30:00+05:30,4.05,0.69,73.3,-0.3017637375931542,0.0,0.0,0.0
1990-09-23 03:30:00+05:30,3.35,0.76,76.1,-0.46317332589594584,0.0,0.0,0.0
1990-09-23 04:30:00+05:30,2.6,0.76,79.0,-0.6781009555759062,0.0,0.0,0.0
1990-09-23 05:30:00+05:30,1.92,0.83,82.05,-0.8220616750031204,0.0,0.0,0.0
1990-09-23 06:30:00+05:30,1.08,0.9,85.2,-1.1295059063381192,48.6,0.0,48.6
1990-09-23 07:30:00+05:30,1.27,1.03,82.0,-1.465924582315953,323.2,864.3,85.0
1990-09-23 08:30:00+05:30,3.62,1.1,70.4,-1.2692138646173665,524.25,883.89,110.85
1990-09-23 09:30:00+05:30,6.14,0.9,58.45,-1.4124740820910888,653.4,755.87,178.95
1990-09-23 10:30:00+05:30,8.19,0.83,48.65,-2.0019653017699905,795.45,831.0,176.65
1990-09-23 11:30:00+05:30,10.42,0.97,38.95,-2.9812065223893667,678.65,522.88,254.8
1990-09-23 12:30:00+05:30,10.9,1.45,36.15,-3.5543133531221653,792.65,684.35,230.75
1990-09-23 13:30:00+05:30,12.14,1.52,31.1,-4.4691715060311115,735.8,741.04,161.25
1990-09-23 14:30:00+05:30,13.18,1.59,25.7,-6.088380906075626,612.4,701.62,137.75
1990-09-23 15:30:00+05:30,13.63,1.72,22.0,-7.731494184950892,411.9,557.66,115.6
1990-09-23 16:30:00+05:30,13.43,1.66,21.1,-8.437863077307012,208.9,411.79,64.9
1990-09-23 17:30:00+05:30,12.78,1.45,21.0,-9.042672505268987,28.25,81.27,16.55
1990-09-23 18:30:00+05:30,11.85,0.83,22.5,-8.941150105295439,0.0,0.0,0.0
1990-09-23 19:30:00+05:30,11.14,0.48,26.25,-7.560261055280184,0.0,0.0,0.0
1990-09-23 20:30:00+05:30,10.6,0.48,28.3,-7.049609303516323,0.0,0.0,0.0
1990-09-23 21:30:00+05:30,9.95,0.48,25.95,-8.729512891048307,0.0,0.0,0.0
1990-09-23 22:30:00+05:30,9.12,0.48,29.05,-7.994303634674746,0.0,0.0,0.0
1990-09-23 23:30:00+05:30,8.23,0.41,30.15,-8.290343966910669,0.0,0.0,0.0
1990-09-24 00:30:00+05:30,7.21,0.41,32.4,-8.257777743780013,0.0,0.0,0.0
1990-09-24 01:30:00+05:30,6.41,0.41,34.9,-8.006864774963374,0.0,0.0,0.0
1990-09-24 02:30:00+05:30,5.59,0.41,37.55,-7.7926489998955,0.0,0.0,0.0
1990-09-24 03:30:00+05:30,4.87,0.48,39.0,-7.949212298830463,0.0,0.0,0.0
1990-09-24 04:30:00+05:30,4.44,0.41,40.45,-7.865252882222201,0.0,0.0,0.0
1990-09-24 05:30:00+05:30,4.0,0.41,42.0,-7.777456650184872,0.0,0.0,0.0
1990-09-24 06:30:00+05:30,4.17,0.34,42.15,-7.577116389442374,55.55,0.0,55.55
1990-09-24 07:30:00+05:30,5.23,0.14,39.1,-7.59233619352621,264.1,548.02,114.5
1990-09-24 08:30:00+05:30,6.96,0.55,36.5,-6.9363732939646185,533.15,903.28,113.2
1990-09-24 09:30:00+05:30,8.65,0.83,35.45,-5.813877763965053,716.8,954.12,120.8
1990-09-24 10:30:00+05:30,10.36,1.1,28.3,-7.2573939492045865,831.2,939.06,135.05
1990-09-24 11:30:00+05:30,12.03,1.45,23.45,-8.25801094982439,848.3,794.71,207.0
1990-09-24 12:30:00+05:30,13.26,1.86,21.1,-8.580125264730995,767.35,676.43,214.65
1990-09-24 13:30:00+05:30,14.26,2.28,20.4,-8.17904782439674,635.6,438.9,297.2
1990-09-24 14:30:00+05:30,14.49,2.48,21.25,-7.459377772351683,509.9,439.42,214.65
1990-09-24 15:30:00+05:30,14.39,2.48,20.4,-8.070731956338324,344.5,378.36,145.3
1990-09-24 16:30:00+05:30,14.29,2.34,18.8,-9.202017046107871,165.85,260.39,76.1
1990-09-24 17:30:00+05:30,13.57,1.93,18.65,-9.89850568443336,22.55,38.89,17.15
1990-09-24 18:30:00+05:30,12.61,1.45,20.0,-9.806564924241947,0.0,0.0,0.0
1990-09-24 19:30:00+05:30,11.68,1.31,25.3,-7.57522688932563,0.0,0.0,0.0
1990-09-24 20:30:00+05:30,10.27,1.17,31.95,-5.750382999337973,0.0,0.0,0.0
1990-09-24 21:30:00+05:30,10.26,1.03,27.2,-7.857327865141059,0.0,0.0,0.0
1990-09-24 22:30:00+05:30,9.64,0.9,29.2,-7.475795633836527,0.0,0.0,0.0
1990-09-24 23:30:00+05:30,9.02,0.76,31.55,-7.011727671593123,0.0,0.0,0.0
1990-09-25 00:30:00+05:30,8.33,0.48,34.05,-6.625435334028917,0.0,0.0,0.0
1990-09-25 01:30:00+05:30,7.68,0.41,36.75,-6.204865875079603,0.0,0.0,0.0
1990-09-25 02:30:00+05:30,7.0,0.34,39.55,-5.850684161381797,0.0,0.0,0.0
1990-09-25 03:30:00+05:30,6.37,0.21,42.7,-5.411127076553237,0.0,0.0,0.0
1990-09-25 04:30:00+05:30,5.71,0.21,46.1,-5.000564329809584,0.0,0.0,0.0
1990-09-25 05:30:00+05:30,4.93,0.14,51.7,-4.196943302905328,0.0,0.0,0.0
1990-09-25 06:30:00+05:30,4.33,0.14,53.65,-4.261568165222909,47.07,0.0,47.07
1990-09-25 07:30:00+05:30,4.77,0.14,51.7,-4.345389115750135,334.1,936.8,80.85
1990-09-25 08:30:00+05:30,5.76,0.83,63.15,-0.7135393802340948,548.9,955.53,107.35
1990-09-25 09:30:00+05:30,7.81,0.0,48.55,-2.3796307209074152,662.85,744.77,199.9
1990-09-25 10:30:00+05:30,9.37,0.0,37.2,-4.53576149566332,820.8,888.32,165.25
1990-09-25 11:30:00+05:30,11.03,1.52,28.45,-6.60838749687983,874.85,884.45,164.4
1990-09-25 12:30:00+05:30,12.75,1.79,21.0,-9.067774239411914,830.05,747.97,221.9
1990-09-25 13:30:00+05:30,13.84,2.07,17.9,-10.196637362314247,693.9,632.21,209.2
1990-09-25 14:30:00+05:30,14.67,2.28,15.25,-11.538253476541241,524.95,454.24,221.85
1990-09-25 15:30:00+05:30,14.91,2.48,13.55,-12.81734816345296,347.1,320.35,180.0
1990-09-25 16:30:00+05:30,14.71,2.41,14.0,-12.57202555801052,143.3,132.78,98.2
1990-09-25 17:30:00+05:30,13.67,2.14,15.8,-11.904255997427379,21.65,51.58,14.75
1990-09-25 18:30:00+05:30,12.46,1.31,18.4,-10.985064822616616,0.0,0.0,0.0
1990-09-25 19:30:00+05:30,11.07,1.24,33.4,-4.459796870702379,0.0,0.0,0.0
1990-09-25 20:30:00+05:30,10.16,1.17,31.8,-5.908745996020659,0.0,0.0,0.0
1990-09-25 21:30:00+05:30,10.27,0.97,26.1,-8.3809190940745,0.0,0.0,0.0
1990-09-25 22:30:00+05:30,9.7,0.76,27.05,-8.411319756570395,0.0,0.0,0.0
1990-09-25 23:30:00+05:30,8.97,0.55,29.05,-8.12464463701681,0.0,0.0,0.0
1990-09-26 00:30:00+05:30,8.2,0.28,31.4,-7.792541155525446,0.0,0.0,0.0
1990-09-26 01:30:00+05:30,7.5,0.21,35.15,-6.946519548194958,0.0,0.0,0.0
1990-09-26 02:30:00+05:30,6.7,0.28,36.5,-7.168294302851529,0.0,0.0,0.0
1990-09-26 03:30:00+05:30,5.94,0.34,39.25,-6.903989011842775,0.0,0.0,0.0
1990-09-26 04:30:00+05:30,5.26,0.48,42.45,-6.495758559399397,0.0,0.0,0.0
1990-09-26 05:30:00+05:30,4.21,0.55,45.7,-6.488535478568459,0.0,0.0,0.0
1990-09-26 06:30:00+05:30,2.87,0.62,51.3,-6.210529472796569,54.53,0.0,54.53
1990-09-26 07:30:00+05:30,3.37,0.62,51.3,-5.746797159658243,347.25,1001.07,79.3
1990-09-26 08:30:00+05:30,5.13,0.62,58.2,-2.420297703327336,566.35,1030.28,93.2
1990-09-26 09:30:00+05:30,7.91,0.48,36.75,-5.9996380080867535,742.75,1034.13,103.15
1990-09-26 10:30:00+05:30,9.78,0.48,29.35,-7.2876137906850955,860.75,1021.15,110.65
1990-09-26 11:30:00+05:30,11.41,0.62,23.35,-8.838204235546355,908.1,995.38,112.25
1990-09-26 12:30:00+05:30,12.87,0.83,20.15,-9.495004123376198,885.1,952.96,114.15
1990-09-26 13:30:00+05:30,13.95,1.1,17.15,-10.647505462850505,786.6,882.19,114.1
1990-09-26 14:30:00+05:30,14.69,1.38,14.6,-12.066226041614948,611.85,728.77,128.95
1990-09-26 15:30:00+05:30,15.11,1.52,12.45,-13.703012529671762,405.1,585.48,102.55
1990-09-26 16:30:00+05:30,14.94,1.45,11.4,-14.913381876142193,184.45,334.24,72.6
1990-09-26 17:30:00+05:30,14.38,1.31,11.8,-14.93300919187203,22.9,74.21,13.35
1990-09-26 18:30:00+05:30,13.46,0.97,13.35,-14.155287612268829,0.0,0.0,0.0
1990-09-26 19:30:00+05:30,12.31,0.83,22.65,-8.467793708823116,0.0,0.0,0.0
1990-09-26 20:30:00+05:30,11.88,0.76,17.55,-12.054629624575119,0.0,0.0,0.0
1990-09-26 21:30:00+05:30,11.09,0.69,18.85,-11.814419806809903,0.0,0.0,0.0
1990-09-26 22:30:00+05:30,10.25,0.62,19.5,-12.088436982224824,0.0,0.0,0.0
1990-09-26 23:30:00+05:30,9.37,0.55,20.95,-11.928867198215377,0.0,0.0,0.0
1990-09-27 00:30:00+05:30,8.52,0.41,22.55,-11.725465728023787,0.0,0.0,0.0
1990-09-27 01:30:00+05:30,7.57,0.48,25.3,-11.091799834449997,0.0,0.0,0.0
1990-09-27 02:30:00+05:30,6.54,0.48,28.35,-10.546031299452727,0.0,0.0,0.0
1990-09-27 03:30:00+05:30,5.54,0.48,30.55,-10.473605488159242,0.0,0.0,0.0
1990-09-27 04:30:00+05:30,4.69,0.55,33.05,-10.22613185111992,0.0,0.0,0.0
1990-09-27 05:30:00+05:30,3.96,0.55,35.6,-9.931365324124313,0.0,0.0,0.0
1990-09-27 06:30:00+05:30,3.27,0.62,37.0,-10.057987343322765,56.16,0.0,56.16
1990-09-27 07:30:00+05:30,4.05,0.55,37.15,-9.308589478622055,341.3,997.31,77.05
1990-09-27 08:30:00+05:30,6.51,0.48,33.5,-8.445612619407937,562.75,1033.19,91.25
1990-09-27 09:30:00+05:30,8.77,0.83,25.7,-9.865112252694574,740.45,1039.82,100.6
1990-09-27 10:30:00+05:30,10.63,1.03,22.15,-10.169470517541704,857.3,1023.97,108.65
1990-09-27 11:30:00+05:30,12.24,1.24,17.65,-11.688058231241852,906.3,1000.72,109.95
1990-09-27 12:30:00+05:30,13.4,1.31,15.8,-12.1231772049637,873.35,924.2,129.45
1990-09-27 13:30:00+05:30,14.35,1.66,13.45,-13.354889328971758,754.05,843.18,115.0
1990-09-27 14:30:00+05:30,15.29,2.0,9.65,-16.652734800550007,610.55,737.82,125.1
1990-09-27 15:30:00+05:30,15.63,2.07,8.5,-17.904194802453237,411.85,608.75,100.25
1990-09-27 16:30:00+05:30,15.2,1.93,8.4,-18.36966509329035,193.45,400.77,61.35
1990-09-27 17:30:00+05:30,14.26,1.79,9.1,-18.139755913972586,21.25,70.38,12.55
1990-09-27 18:30:00+05:30,13.2,1.17,10.65,-17.089702934877703,0.0,0.0,0.0
1990-09-27 19:30:00+05:30,11.79,1.03,19.1,-11.069523351500587,0.0,0.0,0.0
1990-09-27 20:30:00+05:30,11.54,0.9,14.7,-14.516292747531597,0.0,0.0,0.0
1990-09-27 21:30:00+05:30,10.88,0.69,15.25,-14.601382844136198,0.0,0.0,0.0
1990-09-27 22:30:00+05:30,9.96,0.48,17.1,-13.951130615716197,0.0,0.0,0.0
1990-09-27 23:30:00+05:30,8.98,0.34,19.15,-13.368230965841098,0.0,0.0,0.0
1990-09-28 00:30:00+05:30,7.95,0.34,19.75,-13.84607149475804,0.0,0.0,0.0
1990-09-28 01:30:00+05:30,6.87,0.48,21.25,-13.85230129301136,0.0,0.0,0.0
1990-09-28 02:30:00+05:30,5.81,0.55,23.85,-13.330121582281874,0.0,0.0,0.0
1990-09-28 03:30:00+05:30,4.82,0.0,26.8,-12.73810771820486,0.0,0.0,0.0
1990-09-28 04:30:00+05:30,3.92,0.0,28.9,-12.583183815773092,0.0,0.0,0.0
1990-09-28 05:30:00+05:30,3.11,0.69,31.25,-12.32067537947584,0.0,0.0,0.0
1990-09-28 06:30:00+05:30,2.61,0.69,33.9,-11.747297168940335,60.46,0.0,60.46
1990-09-28 07:30:00+05:30,3.38,0.62,32.6,-11.555277187797316,351.75,1059.74,73.85
1990-09-28 08:30:00+05:30,6.38,0.55,26.1,-11.72311943860503,571.05,1064.01,88.6
1990-09-28 09:30:00+05:30,8.84,0.28,21.75,-11.906571557380248,748.25,1059.43,99.7
1990-09-28 10:30:00+05:30,10.66,0.55,18.7,-12.269912336762937,866.0,1042.28,107.6
1990-09-28 11:30:00+05:30,12.26,0.83,13.7,-14.79685489362723,914.35,1014.56,110.85
1990-09-28 12:30:00+05:30,13.64,1.03,11.7,-15.617184826801228,890.2,974.99,109.45
1990-09-28 13:30:00+05:30,14.69,1.38,9.9,-16.808314913683162,793.9,915.37,104.2
1990-09-28 14:30:00+05:30,15.35,1.66,8.85,-17.63845725438817,632.6,821.27,96.1
1990-09-28 15:30:00+05:30,15.66,1.66,8.5,-17.881467298478004,423.3,674.29,81.45
1990-09-28 16:30:00+05:30,15.58,1.66,8.5,-17.942075493594132,191.8,414.05,57.4
1990-09-28 17:30:00+05:30,15.02,1.45,8.75,-18.024128008811367,19.5,67.06,11.55
1990-09-28 18:30:00+05:30,14.29,0.97,9.1,-18.116833832248055,0.0,0.0,0.0
1990-09-28 19:30:00+05:30,13.3,0.9,11.7,-15.884155322745395,0.0,0.0,0.0
1990-09-28 20:30:00+05:30,12.81,0.83,11.6,-16.37211910097413,0.0,0.0,0.0
1990-09-28 21:30:00+05:30,12.15,0.62,13.0,-15.520764780100944,0.0,0.0,0.0
1990-09-28 22:30:00+05:30,11.35,0.48,14.1,-15.175989721452792,0.0,0.0,0.0
1990-09-28 23:30:00+05:30,10.52,0.34,15.8,-14.461193058457551,0.0,0.0,0.0
1990-09-29 00:30:00+05:30,9.71,0.21,16.35,-14.703705721258398,0.0,0.0,0.0
1990-09-29 01:30:00+05:30,8.91,0.14,18.35,-13.950736302279898,0.0,0.0,0.0
1990-09-29 02:30:00+05:30,8.03,0.21,20.6,-13.260816089202336,0.0,0.0,0.0
1990-09-29 03:30:00+05:30,7.19,0.21,22.3,-12.988455876219506,0.0,0.0,0.0
1990-09-29 04:30:00+05:30,6.43,0.21,26.1,-11.680112593029724,0.0,0.0,0.0
1990-09-29 05:30:00+05:30,5.7,0.21,27.05,-11.862661413375283,0.0,0.0,0.0
1990-09-29 06:30:00+05:30,5.09,0.21,30.4,-10.929520203615443,54.55,0.0,54.55
1990-09-29 07:30:00+05:30,5.38,0.14,30.55,-10.613666988217547,321.2,939.39,77.45
1990-09-29 08:30:00+05:30,7.97,0.69,30.0,-8.58136783998732,549.65,1005.29,96.8
1990-09-29 09:30:00+05:30,9.41,0.97,34.35,-5.554817045534471,730.4,1037.12,98.85
1990-09-29 10:30:00+05:30,11.08,1.03,32.1,-4.977719950491167,844.8,1018.49,107.3
1990-09-29 11:30:00+05:30,12.72,1.45,24.7,-6.999533488001089,870.7,926.63,140.4
1990-09-29 12:30:00+05:30,14.28,1.86,20.4,-8.162383223793096,735.7,638.32,227.2
1990-09-29 13:30:00+05:30,15.17,2.07,18.15,-8.926905955016865,649.3,558.4,231.05
1990-09-29 14:30:00+05:30,16.08,2.34,15.6,-10.113775090357185,564.15,615.76,164.8
1990-09-29 15:30:00+05:30,16.66,2.41,13.85,-11.149505445514976,393.05,598.21,92.7
1990-09-29 16:30:00+05:30,16.62,2.07,13.3,-11.689150376068698,182.8,395.04,56.55
1990-09-29 17:30:00+05:30,16.25,1.93,12.65,-12.60615183949729,16.85,51.98,10.95
1990-09-29 18:30:00+05:30,15.44,1.24,14.25,-11.767577792176,0.0,0.0,0.0
1990-09-29 19:30:00+05:30,13.78,1.24,20.25,-8.673798255974631,0.0,0.0,0.0
1990-09-29 20:30:00+05:30,13.39,1.17,20.25,-8.998646429706186,0.0,0.0,0.0
1990-09-29 21:30:00+05:30,12.94,0.83,22.75,-7.879331415683132,0.0,0.0,0.0
1990-09-29 22:30:00+05:30,12.06,0.62,26.5,-6.647153902698353,0.0,0.0,0.0
1990-09-29 23:30:00+05:30,11.17,0.41,29.6,-5.968042383352495,0.0,0.0,0.0
1990-09-30 00:30:00+05:30,10.12,0.21,30.55,-6.469260971629796,0.0,0.0,0.0
1990-09-30 01:30:00+05:30,9.27,0.28,31.7,-6.730666806511923,0.0,0.0,0.0
1990-09-30 02:30:00+05:30,8.39,0.34,35.45,-6.0448762000114336,0.0,0.0,0.0
1990-09-30 03:30:00+05:30,7.55,0.41,38.1,-5.8477008381546325,0.0,0.0,0.0
1990-09-30 04:30:00+05:30,6.74,0.48,39.55,-6.084666382431901,0.0,0.0,0.0
1990-09-30 05:30:00+05:30,5.92,0.55,42.55,-5.8659166406937615,0.0,0.0,0.0
1990-09-30 06:30:00+05:30,5.11,0.55,45.85,-5.621702290947348,59.16,0.0,59.16
1990-09-30 07:30:00+05:30,5.55,0.55,44.15,-5.717087048811361,338.8,1039.38,72.0
1990-09-30 08:30:00+05:30,8.76,0.28,35.6,-5.660590006591662,555.25,1049.57,85.6
1990-09-30 09:30:00+05:30,10.69,0.48,36.0,-3.796710181100257,728.05,1039.74,98.3
1990-09-30 10:30:00+05:30,12.73,0.62,27.85,-5.418323372659052,844.35,1024.5,106.15
1990-09-30 11:30:00+05:30,14.52,0.83,23.05,-6.375201441089511,889.0,994.72,108.9
1990-09-30 12:30:00+05:30,15.93,0.97,18.4,-8.126051390637413,864.35,955.49,107.2
1990-09-30 13:30:00+05:30,17.09,1.31,15.15,-9.670890312585003,768.55,894.32,102.7
1990-09-30 14:30:00+05:30,17.9,1.72,13.6,-10.39182205086091,610.2,801.92,93.9
1990-09-30 15:30:00+05:30,18.32,2.07,12.1,-11.530461072226283,403.9,652.58,79.45
1990-09-30 16:30:00+05:30,18.24,2.07,12.0,-11.69703763861012,169.45,339.97,62.5
1990-09-30 17:30:00+05:30,17.53,1.72,11.9,-12.357946435066353,15.65,53.93,9.8
1990-09-30 18:30:00+05:30,16.69,1.38,12.75,-12.160668123783662,0.0,0.0,0.0
1990-09-30 19:30:00+05:30,14.9,1.38,16.7,-10.208087568015303,0.0,0.0,0.0
1990-09-30 20:30:00+05:30,14.48,1.24,16.6,-10.626187706609677,0.0,0.0,0.0
1990-09-30 21:30:00+05:30,9.24,0.48,27.72,-8.493826744934353,0.0,0.0,0.0
1990-09-30 22:30:00+05:30,9.25,0.5,28.06,-8.328405160933999,0.0,0.0,0.0
1990-09-30 23:30:00+05:30,9.27,0.53,28.41,-8.15143898217763,0.0,0.0,0.0
1990-10-01 00:30:00+05:30,9.28,0.56,28.76,-7.984846464494743,0.0,0.0,0.0
1990-10-01 01:30:00+05:30,9.3,0.59,29.1,-7.815683274327446,0.0,0.0,0.0
1990-10-01 02:30:00+05:30,9.31,0.61,29.45,-7.652351645967679,0.0,0.0,0.0
1990-10-01 03:30:00+05:30,9.33,0.64,29.8,-7.481912093977238,0.0,0.0,0.0
1990-10-01 04:30:00+05:30,9.34,0.67,30.14,-7.326048251153784,0.0,0.0,0.0
1990-10-01 05:30:00+05:30,9.36,0.69,30.49,-7.158635219175813,0.0,0.0,0.0
1990-10-01 06:30:00+05:30,9.37,0.72,30.84,-7.001447500275939,60.11,0.0,60.11
1990-10-01 07:30:00+05:30,9.39,0.75,31.18,-6.841152558192014,336.6,1034.55,73.95
1990-10-01 08:30:00+05:30,9.4,0.78,31.53,-6.686821271686345,552.9,1040.41,90.5
1990-10-01 09:30:00+05:30,9.42,0.8,31.88,-6.525121993358667,728.55,1045.76,98.6
1990-10-01 10:30:00+05:30,9.43,0.83,32.22,-6.377629169506589,845.1,1028.67,107.6
1990-10-01 11:30:00+05:30,9.45,0.86,32.57,-6.218591355069773,892.0,1004.65,108.05
1990-10-01 12:30:00+05:30,9.46,0.88,32.92,-6.069665619613977,866.65,963.97,106.85
1990-10-01 13:30:00+05:30,17.52,1.31,12.4,-11.85305116574117,768.95,900.17,102.8
1990-10-01 14:30:00+05:30,18.22,1.52,11.5,-12.243514661321214,609.6,806.92,93.9
1990-10-01 15:30:00+05:30,18.57,1.72,10.2,-13.456989504864074,402.45,656.43,79.3
1990-10-01 16:30:00+05:30,18.46,1.66,9.35,-14.60730780222972,174.95,388.57,54.65
1990-10-01 17:30:00+05:30,17.88,1.38,8.9,-15.647423423115464,14.4,51.7,9.05
1990-10-01 18:30:00+05:30,17.08,0.83,9.5,-15.468779318467808,0.0,0.0,0.0
1990-10-01 19:30:00+05:30,16.31,0.83,10.3,-15.081129637905825,0.0,0.0,0.0
1990-10-01 20:30:00+05:30,15.35,0.83,12.55,-13.415105761701595,0.0,0.0,0.0
1990-10-01 21:30:00+05:30,14.51,0.76,14.6,-12.210813488991983,0.0,0.0,0.0
1990-10-01 22:30:00+05:30,13.49,0.55,15.8,-12.050198374446621,0.0,0.0,0.0
1990-10-01 23:30:00+05:30,12.37,0.41,17.65,-11.58128472736928,0.0,0.0,0.0
1990-10-02 00:30:00+05:30,10.81,0.28,19.65,-11.52701603564296,0.0,0.0,0.0
1990-10-02 01:30:00+05:30,9.72,0.34,22.0,-11.022108410616328,0.0,0.0,0.0
1990-10-02 02:30:00+05:30,8.58,0.41,25.55,-10.102267961834736,0.0,0.0,0.0
1990-10-02 03:30:00+05:30,7.6,0.41,28.65,-9.492374984314209,0.0,0.0,0.0
1990-10-02 04:30:00+05:30,6.73,0.48,30.95,-9.266313217780672,0.0,0.0,0.0
1990-10-02 05:30:00+05:30,5.93,0.48,33.35,-9.015696320647248,0.0,0.0,0.0
1990-10-02 06:30:00+05:30,5.34,0.55,36.05,-8.541318077400424,63.13,0.0,63.13
1990-10-02 07:30:00+05:30,5.42,0.48,37.55,-7.94485199965876,338.7,1059.62,72.7
1990-10-02 08:30:00+05:30,8.88,0.28,30.3,-7.65886434268614,556.8,1066.9,85.9
1990-10-02 09:30:00+05:30,11.16,0.83,26.25,-7.543094880638003,731.75,1061.52,95.85
1990-10-02 10:30:00+05:30,13.08,1.03,20.15,-9.320107758761495,847.15,1041.14,104.5
1990-10-02 11:30:00+05:30,14.75,1.24,14.75,-11.890526960359512,892.25,1011.69,106.8
1990-10-02 12:30:00+05:30,16.18,1.72,12.1,-13.211251850148345,865.85,968.82,106.35
1990-10-02 13:30:00+05:30,17.3,2.34,9.6,-15.173454921374816,767.15,906.66,100.3
1990-10-02 14:30:00+05:30,17.91,2.62,7.8,-17.207420887320623,605.65,803.18,96.15
1990-10-02 15:30:00+05:30,18.08,2.69,6.85,-18.618617525495097,398.2,651.43,80.7
1990-10-02 16:30:00+05:30,17.66,2.69,6.45,-19.63270110758563,167.8,367.18,55.95
1990-10-02 17:30:00+05:30,16.48,2.14,7.9,-18.128890358257763,13.0,48.22,8.25
1990-10-02 18:30:00+05:30,15.28,1.66,10.55,-15.587870187301695,0.0,0.0,0.0
1990-10-02 19:30:00+05:30,13.27,1.52,16.45,-11.725787516847276,0.0,0.0,0.0
1990-10-02 20:30:00+05:30,12.7,1.31,19.2,-10.249572140222407,0.0,0.0,0.0
1990-10-02 21:30:00+05:30,12.84,0.97,20.15,-9.519991364866689,0.0,0.0,0.0
1990-10-02 22:30:00+05:30,12.1,0.9,22.5,-8.73027638694368,0.0,0.0,0.0
1990-10-02 23:30:00+05:30,11.28,0.69,24.3,-8.436739155541924,0.0,0.0,0.0
1990-10-03 00:30:00+05:30,10.43,0.62,24.05,-9.29234228760859,0.0,0.0,0.0
1990-10-03 01:30:00+05:30,9.76,0.55,24.9,-9.420296647662452,0.0,0.0,0.0
1990-10-03 02:30:00+05:30,9.0,0.48,27.9,-8.61823659380036,0.0,0.0,0.0
1990-10-03 03:30:00+05:30,8.42,0.41,30.15,-8.124507464789236,0.0,0.0,0.0
1990-10-03 04:30:00+05:30,7.69,0.28,31.25,-8.301410074724428,0.0,0.0,0.0
1990-10-03 05:30:00+05:30,7.23,0.28,33.75,-7.713268168396802,0.0,0.0,0.0
1990-10-03 06:30:00+05:30,6.91,0.14,36.5,-6.980971406826372,41.0,0.0,41.0
1990-10-03 07:30:00+05:30,6.93,0.21,38.0,-6.437643135768479,297.65,883.5,78.4
1990-10-03 08:30:00+05:30,8.28,0.97,36.9,-5.615907634060678,529.5,977.02,101.3
1990-10-03 09:30:00+05:30,9.86,1.17,34.45,-5.11817931298329,712.55,1027.25,100.65
1990-10-03 10:30:00+05:30,11.53,1.24,29.75,-5.5884046117194055,828.1,1017.22,106.25
1990-10-03 11:30:00+05:30,13.12,1.79,22.75,-7.727420489559407,828.5,850.03,171.95
1990-10-03 12:30:00+05:30,14.35,2.34,18.0,-9.70683382735036,743.05,638.93,244.9
1990-10-03 13:30:00+05:30,15.34,2.62,15.45,-10.833703434903414,612.65,473.56,266.5
1990-10-03 14:30:00+05:30,16.05,2.76,13.75,-11.726625243606664,504.85,457.11,217.05
1990-10-03 15:30:00+05:30,16.44,2.83,12.2,-12.905093019210826,353.4,503.43,110.5
1990-10-03 16:30:00+05:30,16.2,2.55,12.1,-13.195528968016738,145.2,239.61,73.4
1990-10-03 17:30:00+05:30,15.42,2.07,12.0,-13.910748186742577,11.25,37.41,7.75
1990-10-03 18:30:00+05:30,14.45,1.45,13.45,-13.275255655637208,0.0,0.0,0.0
1990-10-03 19:30:00+05:30,12.53,1.45,18.4,-10.92731981987332,0.0,0.0,0.0
1990-10-03 20:30:00+05:30,11.68,1.38,20.6,-10.207192591015865,0.0,0.0,0.0
1990-10-03 21:30:00+05:30,11.94,1.17,20.75,-9.897875872848104,0.0,0.0,0.0
1990-10-03 22:30:00+05:30,11.27,0.83,22.4,-9.487278554842316,0.0,0.0,0.0
1990-10-03 23:30:00+05:30,10.4,0.55,24.05,-9.317856947322387,0.0,0.0,0.0
1990-10-04 00:30:00+05:30,9.54,0.34,26.9,-8.620626773413907,0.0,0.0,0.0
1990-10-04 01:30:00+05:30,8.93,0.21,27.9,-8.67879634678987,0.0,0.0,0.0
1990-10-04 02:30:00+05:30,8.18,0.14,30.15,-8.33398789057053,0.0,0.0,0.0
1990-10-04 03:30:00+05:30,7.45,0.14,32.4,-8.046532933683052,0.0,0.0,0.0
1990-10-04 04:30:00+05:30,6.76,0.14,33.6,-8.186286779719952,0.0,0.0,0.0
1990-10-04 05:30:00+05:30,6.05,0.14,36.2,-7.854899396123452,0.0,0.0,0.0
1990-10-04 06:30:00+05:30,4.82,0.28,40.6,-7.4741464670829805,41.0,0.0,41.0
1990-10-04 07:30:00+05:30,4.36,0.34,42.15,-7.404745224695248,312.8,962.24,76.8
1990-10-04 08:30:00+05:30,7.6,0.28,35.15,-6.857717942334092,534.05,1026.35,87.45
1990-10-04 09:30:00+05:30,9.41,0.83,33.0,-6.081875447937849,711.95,1040.01,96.0
1990-10-04 10:30:00+05:30,11.14,1.03,28.45,-6.513128862755361,825.45,1021.65,104.25
1990-10-04 11:30:00+05:30,12.63,1.24,23.6,-7.667241150113632,835.35,871.72,165.55
1990-10-04 12:30:00+05:30,14.04,2.07,19.45,-8.974282426261489,739.05,629.97,250.6
1990-10-04 13:30:00+05:30,14.99,2.28,16.7,-10.134753727551177,667.8,661.2,187.5
1990-10-04 14:30:00+05:30,15.69,2.62,14.85,-11.050085055474417,548.5,643.52,146.4
1990-10-04 15:30:00+05:30,16.12,2.69,13.2,-12.180184106952595,352.1,497.69,114.4
1990-10-04 16:30:00+05:30,15.81,2.55,12.1,-13.502174766170203,143.6,272.8,63.2
1990-10-04 17:30:00+05:30,14.93,2.07,11.9,-14.398197975571012,9.65,27.64,7.2
1990-10-04 18:30:00+05:30,14.11,1.45,12.75,-14.201739428980142,0.0,0.0,0.0
1990-10-04 19:30:00+05:30,12.27,1.52,20.0,-10.089603527370105,0.0,0.0,0.0
1990-10-04 20:30:00+05:30,11.11,1.52,21.35,-10.231676476260523,0.0,0.0,0.0
1990-10-04 21:30:00+05:30,11.24,1.38,21.5,-10.03383193299763,0.0,0.0,0.0
1990-10-04 22:30:00+05:30,10.93,1.1,23.2,-9.327194139066924,0.0,0.0,0.0
1990-10-04 23:30:00+05:30,10.14,0.83,27.05,-8.03214974396217,0.0,0.0,0.0
1990-10-05 00:30:00+05:30,9.46,0.69,29.2,-7.63225093423727,0.0,0.0,0.0
1990-10-05 01:30:00+05:30,8.72,0.55,31.55,-7.2748108140534145,0.0,0.0,0.0
1990-10-05 02:30:00+05:30,7.97,0.48,33.9,-7.001386753355681,0.0,0.0,0.0
1990-10-05 03:30:00+05:30,7.3,0.34,36.6,-6.597407921629268,0.0,0.0,0.0
1990-10-05 04:30:00+05:30,6.48,0.21,39.4,-6.368403786670948,0.0,0.0,0.0
1990-10-05 05:30:00+05:30,5.4,0.07,44.15,-5.853805908408021,0.0,0.0,0.0
1990-10-05 06:30:00+05:30,4.55,0.07,47.6,-5.642273105421828,40.4,0.0,40.4
1990-10-05 07:30:00+05:30,4.69,0.07,45.85,-6.006199797289938,316.25,994.72,75.2
1990-10-05 08:30:00+05:30,6.94,0.83,42.85,-4.847277257336657,531.9,1026.7,88.4
1990-10-05 09:30:00+05:30,8.64,1.1,39.95,-4.24140113488855,701.0,1023.85,98.15
1990-10-05 10:30:00+05:30,10.29,1.31,30.7,-6.256679799148678,769.75,913.74,128.15
1990-10-05 11:30:00+05:30,11.79,1.79,23.45,-8.461376810422484,809.3,824.59,179.05
1990-10-05 12:30:00+05:30,13.33,2.34,18.65,-10.096643611655795,741.55,654.84,236.65
1990-10-05 13:30:00+05:30,14.21,2.41,17.9,-9.892662068463597,574.5,402.38,284.05
1990-10-05 14:30:00+05:30,14.88,2.69,14.75,-11.78600549915518,480.9,464.93,192.6
1990-10-05 15:30:00+05:30,15.1,2.69,13.55,-12.666000154923145,326.8,447.61,115.2
1990-10-05 16:30:00+05:30,14.9,2.69,12.95,-13.384678749935008,128.25,237.23,59.5
1990-10-05 17:30:00+05:30,13.99,2.28,14.5,-12.713832473946889,7.6,13.73,6.45
1990-10-05 18:30:00+05:30,13.09,1.59,15.7,-12.453475920826481,0.0,0.0,0.0
1990-10-05 19:30:00+05:30,11.68,1.52,20.6,-10.207192591015865,0.0,0.0,0.0
1990-10-05 20:30:00+05:30,10.36,1.38,25.05,-8.831019482828186,0.0,0.0,0.0
1990-10-05 21:30:00+05:30,10.49,1.1,26.1,-8.1921257043551,0.0,0.0,0.0
1990-10-05 22:30:00+05:30,9.97,0.76,28.15,-7.663900757519885,0.0,0.0,0.0
1990-10-05 23:30:00+05:30,9.09,0.62,31.55,-6.950347332460976,0.0,0.0,0.0
1990-10-06 00:30:00+05:30,7.88,0.55,31.25,-8.134874170239911,0.0,0.0,0.0
1990-10-06 01:30:00+05:30,7.06,0.48,35.0,-7.39278190259025,0.0,0.0,0.0
1990-10-06 02:30:00+05:30,6.29,0.41,39.4,-6.539353071546776,0.0,0.0,0.0
1990-10-06 03:30:00+05:30,5.57,0.34,44.15,-5.698858432181845,0.0,0.0,0.0
1990-10-06 04:30:00+05:30,4.99,0.28,45.85,-5.731552981278024,0.0,0.0,0.0
1990-10-06 05:30:00+05:30,4.39,0.28,49.55,-5.260290783174634,0.0,0.0,0.0
1990-10-06 06:30:00+05:30,3.79,0.21,51.4,-5.331613757562236,38.6,0.0,38.6
1990-10-06 07:30:00+05:30,4.16,0.14,51.55,-4.94988471525772,310.8,992.82,73.15
1990-10-06 08:30:00+05:30,5.92,0.83,49.95,-3.7401096766966573,519.15,1001.84,89.6
1990-10-06 09:30:00+05:30,7.91,1.1,41.45,-4.409412215174639,680.65,974.33,110.35
1990-10-06 10:30:00+05:30,9.54,1.31,31.7,-6.4938318657093514,737.3,832.92,155.6
1990-10-06 11:30:00+05:30,11.02,1.79,24.15,-8.737449733614525,774.35,734.51,215.95
1990-10-06 12:30:00+05:30,12.18,2.14,18.3,-11.28446919263637,732.75,622.1,255.8
1990-10-06 13:30:00+05:30,13.21,2.34,16.35,-11.850816882008294,540.3,454.24,214.5
1990-10-06 14:30:00+05:30,13.69,2.62,13.9,-13.476210127759586,546.2,666.31,136.2
1990-10-06 15:30:00+05:30,14.12,2.9,13.35,-13.629857177645965,349.0,523.01,104.3
1990-10-06 16:30:00+05:30,13.82,2.76,12.25,-14.91880817953144,143.8,306.59,56.45
1990-10-06 17:30:00+05:30,12.96,2.28,13.2,-14.691255021240666,7.6,24.07,5.7
1990-10-06 18:30:00+05:30,12.03,1.86,14.8,-14.038487888273115,0.0,0.0,0.0
1990-10-06 19:30:00+05:30,10.39,1.66,19.5,-11.972040694635767,0.0,0.0,0.0
1990-10-06 20:30:00+05:30,9.07,1.52,23.65,-10.661238295678212,0.0,0.0,0.0
1990-10-06 21:30:00+05:30,9.21,1.31,21.85,-11.537618346966061,0.0,0.0,0.0
1990-10-06 22:30:00+05:30,9.0,0.9,23.65,-10.720714547054488,0.0,0.0,0.0
1990-10-06 23:30:00+05:30,7.65,0.62,27.5,-9.969978322601884,0.0,0.0,0.0
1990-10-07 00:30:00+05:30,6.81,0.62,33.6,-8.142089809590106,0.0,0.0,0.0
1990-10-07 01:30:00+05:30,5.71,0.48,37.7,-7.6336212459828765,0.0,0.0,0.0
1990-10-07 02:30:00+05:30,4.81,0.41,42.3,-6.950303554836072,0.0,0.0,0.0
1990-10-07 03:30:00+05:30,3.75,0.41,47.45,-6.419168968077199,0.0,0.0,0.0
1990-10-07 04:30:00+05:30,3.04,0.41,49.25,-6.586677889652576,0.0,0.0,0.0
1990-10-07 05:30:00+05:30,2.38,0.41,53.25,-6.177125920330225,0.0,0.0,0.0
1990-10-07 06:30:00+05:30,2.21,0.34,53.25,-6.335485272004857,39.65,0.0,39.65
1990-10-07 07:30:00+05:30,2.52,0.34,55.45,-5.5143706133937345,304.7,962.86,77.1
1990-10-07 08:30:00+05:30,4.06,0.41,55.7,-4.013737278052558,522.6,1011.69,92.1
1990-10-07 09:30:00+05:30,6.45,0.9,44.45,-4.807183005238972,699.25,1023.8,103.6
1990-10-07 10:30:00+05:30,8.35,1.1,32.7,-7.13483217315116,816.25,1020.27,107.6
1990-10-07 11:30:00+05:30,9.99,1.24,24.9,-9.223876861521024,857.95,985.67,112.65
1990-10-07 12:30:00+05:30,11.85,2.28,17.55,-12.07926251729295,793.8,875.18,126.65
1990-10-07 13:30:00+05:30,12.86,2.76,15.05,-13.163055895074692,653.1,651.09,189.1
1990-10-07 14:30:00+05:30,13.4,2.83,12.25,-15.250168939797662,555.25,742.91,101.65
1990-10-07 15:30:00+05:30,13.72,0.0,10.3,-17.08468837469035,358.6,581.51,89.35
1990-10-07 16:30:00+05:30,13.26,0.0,9.0,-19.033812055607875,145.7,341.91,49.95
1990-10-07 17:30:00+05:30,12.33,2.0,9.65,-18.92940079813905,6.95,25.64,5.05
1990-10-07 18:30:00+05:30,11.43,1.59,11.3,-17.76707834533682,0.0,0.0,0.0
1990-10-07 19:30:00+05:30,9.66,1.52,17.7,-13.774481297621266,0.0,0.0,0.0
1990-10-07 20:30:00+05:30,9.79,1.17,15.65,-15.170410612996966,0.0,0.0,0.0
1990-10-07 21:30:00+05:30,9.57,1.03,16.95,-14.378628642438038,0.0,0.0,0.0
1990-10-07 22:30:00+05:30,8.88,0.76,19.15,-13.451290082586342,0.0,0.0,0.0
1990-10-07 23:30:00+05:30,8.03,0.62,21.5,-12.732186640806853,0.0,0.0,0.0
1990-10-08 00:30:00+05:30,7.23,0.62,23.25,-12.437567447488812,0.0,0.0,0.0
1990-10-08 01:30:00+05:30,6.53,0.55,26.1,-11.594102653787429,0.0,0.0,0.0
1990-10-08 02:30:00+05:30,5.45,0.48,28.1,-11.603106713597354,0.0,0.0,0.0
1990-10-08 03:30:00+05:30,4.18,0.34,31.55,-11.261000897661733,0.0,0.0,0.0
1990-10-08 04:30:00+05:30,3.1,0.28,35.45,-10.750765440582377,0.0,0.0,0.0
1990-10-08 05:30:00+05:30,2.46,0.34,38.4,-10.313909434864513,0.0,0.0,0.0
1990-10-08 06:30:00+05:30,2.06,0.34,39.9,-10.18908551365462,35.95,0.0,35.95
1990-10-08 07:30:00+05:30,2.32,0.28,40.05,-9.906796468357845,304.5,966.95,78.85
1990-10-08 08:30:00+05:30,4.52,0.41,38.85,-8.313593381933831,525.0,1034.68,88.1
1990-10-08 09:30:00+05:30,6.35,1.24,37.85,-7.008835154170708,697.05,1027.75,102.75
1990-10-08 10:30:00+05:30,7.79,1.52,28.8,-9.260757687541432,803.5,1004.09,109.95
1990-10-08 11:30:00+05:30,9.23,2.21,20.95,-12.046249421412737,801.55,829.52,177.75
1990-10-08 12:30:00+05:30,10.45,2.62,17.2,-13.477661608311813,730.1,601.65,274.1
1990-10-08 13:30:00+05:30,11.27,2.83,12.9,-16.31335318547052,619.3,533.79,241.35
1990-10-08 14:30:00+05:30,11.8,3.1,11.4,-17.372370272976866,457.45,395.16,218.05
1990-10-08 15:30:00+05:30,11.63,2.97,11.3,-17.610341521498945,286.25,292.35,152.3
1990-10-08 16:30:00+05:30,11.29,2.76,10.85,-18.357073009879024,111.55,161.52,67.1
1990-10-08 17:30:00+05:30,10.32,2.07,12.15,-17.781057970176835,5.1,12.98,4.2
1990-10-08 18:30:00+05:30,9.4,1.45,13.65,-17.12925386977952,0.0,0.0,0.0
1990-10-08 19:30:00+05:30,8.02,1.24,19.75,-13.787699137975613,0.0,0.0,0.0
1990-10-08 20:30:00+05:30,7.86,1.1,17.35,-15.499000315014118,0.0,0.0,0.0
1990-10-08 21:30:00+05:30,7.62,0.76,18.0,-15.251488148922931,0.0,0.0,0.0
1990-10-08 22:30:00+05:30,6.58,0.48,21.1,-14.18294384019114,0.0,0.0,0.0
1990-10-08 23:30:00+05:30,4.9,0.48,25.7,-13.18745575853751,0.0,0.0,0.0
1990-10-09 00:30:00+05:30,3.64,0.62,32.75,-11.268251768629616,0.0,0.0,0.0
1990-10-09 01:30:00+05:30,2.98,0.62,35.45,-10.85764723925986,0.0,0.0,0.0
1990-10-09 02:30:00+05:30,2.46,0.55,40.05,-9.780401065016301,0.0,0.0,0.0
1990-10-09 03:30:00+05:30,1.94,0.55,43.3,-9.257990130970837,0.0,0.0,0.0
1990-10-09 04:30:00+05:30,1.58,0.55,46.9,-8.564628059960537,0.0,0.0,0.0
1990-10-09 05:30:00+05:30,1.07,0.55,48.7,-8.55051365710624,0.0,0.0,0.0
1990-10-09 06:30:00+05:30,0.49,0.55,50.65,-8.582705686439963,38.3,0.0,38.3
1990-10-09 07:30:00+05:30,0.93,0.48,48.7,-8.679702535995432,302.65,980.61,76.8
1990-10-09 08:30:00+05:30,3.01,0.14,45.4,-7.6724582713949365,520.35,1015.63,94.85
1990-10-09 09:30:00+05:30,5.13,0.9,37.4,-8.25607097118043,670.3,938.28,131.1
1990-10-09 10:30:00+05:30,6.75,1.72,25.15,-11.868688450712712,720.8,741.72,211.35
1990-10-09 11:30:00+05:30,7.94,2.0,19.75,-13.85441063353883,683.25,511.54,300.7
1990-10-09 12:30:00+05:30,8.93,2.41,16.15,-15.489502556304807,702.8,559.52,281.2
1990-10-09 13:30:00+05:30,9.89,2.62,13.15,-17.182458152523377,600.8,503.31,246.75
1990-10-09 14:30:00+05:30,10.16,2.83,12.6,-17.4761285312443,401.6,229.34,263.75
1990-10-09 15:30:00+05:30,10.0,2.62,12.6,-17.603126042035232,250.4,205.24,157.35
1990-10-09 16:30:00+05:30,9.47,2.41,13.05,-17.60810549563588,94.55,84.32,71.75
1990-10-09 17:30:00+05:30,8.56,2.0,15.35,-16.402569690341455,3.9,1.55,3.8
1990-10-09 18:30:00+05:30,7.48,1.59,19.6,-14.331269557668358,0.0,0.0,0.0
1990-10-09 19:30:00+05:30,6.45,1.24,26.1,-11.662910204985858,0.0,0.0,0.0
1990-10-09 20:30:00+05:30,5.19,1.1,36.05,-8.675029967978013,0.0,0.0,0.0
1990-10-09 21:30:00+05:30,4.69,0.83,35.9,-9.174085118853753,0.0,0.0,0.0
1990-10-09 22:30:00+05:30,3.66,0.76,40.3,-8.617450723926503,0.0,0.0,0.0
1990-10-09 23:30:00+05:30,2.6,0.69,45.3,-8.076109456561307,0.0,0.0,0.0
1990-10-10 00:30:00+05:30,2.25,0.55,49.15,-7.34256716502449,0.0,0.0,0.0
1990-10-10 01:30:00+05:30,1.49,0.55,55.2,-6.537282840998161,0.0,0.0,0.0
1990-10-10 02:30:00+05:30,0.83,0.62,57.35,-6.657038585350433,0.0,0.0,0.0
1990-10-10 03:30:00+05:30,0.33,0.62,59.6,-6.6254765755677445,0.0,0.0,0.0
1990-10-10 04:30:00+05:30,-0.26,0.76,61.9,-6.689213975742485,0.0,0.0,0.0
1990-10-10 05:30:00+05:30,-0.78,0.76,64.35,-6.676578617702593,0.0,0.0,0.0
1990-10-10 06:30:00+05:30,-1.36,0.83,66.9,-6.7228427688038295,42.3,0.0,42.3
1990-10-10 07:30:00+05:30,-1.15,0.76,66.9,-6.522059956936334,282.25,876.61,83.05
1990-10-10 08:30:00+05:30,0.8,0.69,55.05,-7.21815314233502,514.3,1019.81,90.45
1990-10-10 09:30:00+05:30,3.01,0.83,47.3,-7.140709924956127,654.3,911.48,133.8
1990-10-10 10:30:00+05:30,4.44,1.1,37.25,-8.92522315273165,745.1,845.54,167.65
1990-10-10 11:30:00+05:30,5.61,1.31,33.2,-9.355982370398086,781.55,812.93,177.0
1990-10-10 12:30:00+05:30,6.74,1.52,27.35,-10.825708785595022,686.25,637.97,208.35
1990-10-10 13:30:00+05:30,7.19,1.72,25.3,-11.417366646524842,608.9,645.07,158.1
1990-10-10 14:30:00+05:30,7.53,2.07,25.3,-11.126066565162812,350.7,266.37,191.85
1990-10-10 15:30:00+05:30,7.36,2.0,25.3,-11.271709252817503,233.3,240.2,125.55
1990-10-10 16:30:00+05:30,6.87,1.72,26.25,-11.229792963968698,96.8,115.95,66.0
1990-10-10 17:30:00+05:30,6.45,1.24,26.1,-11.662910204985858,3.4,0.0,3.4
1990-10-10 18:30:00+05:30,5.96,0.62,27.05,-11.638086214625307,0.0,0.0,0.0
1990-10-10 19:30:00+05:30,5.53,0.34,28.1,-11.533708491353911,0.0,0.0,0.0
1990-10-10 20:30:00+05:30,5.04,0.34,31.7,-10.44527934252236,0.0,0.0,0.0
1990-10-10 21:30:00+05:30,4.48,0.28,30.25,-11.52535628756531,0.0,0.0,0.0
1990-10-10 22:30:00+05:30,3.87,0.41,31.4,-11.59316953374381,0.0,0.0,0.0
1990-10-10 23:30:00+05:30,3.08,0.48,34.0,-11.293712845359286,0.0,0.0,0.0
1990-10-11 00:30:00+05:30,1.84,0.34,39.9,-10.387661318821305,0.0,0.0,0.0
1990-10-11 01:30:00+05:30,1.19,0.34,43.2,-9.970452802276425,0.0,0.0,0.0
1990-10-11 02:30:00+05:30,0.2,0.41,46.6,-9.914371467158496,0.0,0.0,0.0
1990-10-11 03:30:00+05:30,-1.31,0.62,52.35,-9.832933159584506,0.0,0.0,0.0
1990-10-11 04:30:00+05:30,-2.24,0.69,58.95,-9.19162087539887,0.0,0.0,0.0
1990-10-11 05:30:00+05:30,-2.98,0.76,63.8,-8.881278306454737,0.0,0.0,0.0
1990-10-11 06:30:00+05:30,-3.64,0.76,63.7,-9.529263311507911,35.0,0.0,35.0
1990-10-11 07:30:00+05:30,-2.98,0.76,61.2,-9.412969966306962,307.05,1063.86,68.6
1990-10-11 08:30:00+05:30,-0.65,0.83,48.3,-10.24255451325108,521.4,1058.82,84.9
1990-10-11 09:30:00+05:30,2.07,0.76,39.9,-10.180059763715699,694.55,1056.67,95.0
1990-10-11 10:30:00+05:30,4.03,0.76,34.15,-10.395948089272212,808.65,1043.51,100.1
1990-10-11 11:30:00+05:30,5.7,0.83,27.05,-11.862661413375283,843.25,976.45,121.2
1990-10-11 12:30:00+05:30,7.02,0.9,25.15,-11.637445249351481,795.15,867.98,148.8
1990-10-11 13:30:00+05:30,7.97,1.1,21.5,-12.782677465960173,681.5,770.28,146.75
1990-10-11 14:30:00+05:30,8.46,1.24,18.25,-14.389620403512442,538.45,711.86,117.3
1990-10-11 15:30:00+05:30,8.62,1.31,16.0,-15.854938079298195,332.5,533.1,95.9
1990-10-11 16:30:00+05:30,8.25,1.24,14.65,-17.211590961697937,127.7,306.82,47.65
1990-10-11 17:30:00+05:30,7.45,1.03,15.1,-17.498994761029863,2.95,0.0,2.95
1990-10-11 18:30:00+05:30,6.68,0.69,16.35,-17.179659033013774,0.0,0.0,0.0
1990-10-11 19:30:00+05:30,5.99,0.48,17.6,-16.867350375741008,0.0,0.0,0.0
1990-10-11 20:30:00+05:30,5.17,0.55,19.95,-16.045360862922372,0.0,0.0,0.0
1990-10-11 21:30:00+05:30,4.26,0.55,22.45,-15.386304717719621,0.0,0.0,0.0
1990-10-11 22:30:00+05:30,3.29,0.48,25.25,-14.787041108930836,0.0,0.0,0.0
1990-10-11 23:30:00+05:30,2.29,0.48,27.4,-14.654581792425457,0.0,0.0,0.0
1990-10-12 00:30:00+05:30,1.02,0.55,32.05,-13.848148196494034,0.0,0.0,0.0
1990-10-12 01:30:00+05:30,0.25,0.55,34.75,-13.536446965978794,0.0,0.0,0.0
1990-10-12 02:30:00+05:30,-0.51,0.62,37.55,-13.261066729637069,0.0,0.0,0.0
1990-10-12 03:30:00+05:30,-1.15,0.62,39.0,-13.369723116248723,0.0,0.0,0.0
1990-10-12 04:30:00+05:30,-1.64,0.69,38.9,-13.843036881934063,0.0,0.0,0.0
1990-10-12 05:30:00+05:30,-2.09,0.69,40.4,-13.785152778413526,0.0,0.0,0.0
1990-10-12 06:30:00+05:30,-2.38,0.69,40.4,-14.04770835795884,33.5,0.0,33.5
1990-10-12 07:30:00+05:30,-1.87,0.69,38.9,-14.050388413191987,310.2,1106.07,65.75
1990-10-12 08:30:00+05:30,1.47,0.55,28.3,-14.973398276103856,522.1,1079.85,80.6
1990-10-12 09:30:00+05:30,4.33,0.21,21.5,-15.849522608606481,690.5,1053.72,96.5
1990-10-12 10:30:00+05:30,6.23,0.48,18.55,-16.03832488396436,795.6,1003.42,118.25
1990-10-12 11:30:00+05:30,7.95,0.76,16.6,-15.958536591275847,812.6,881.82,164.25
1990-10-12 12:30:00+05:30,9.01,0.97,17.6,-14.378899119304565,729.2,658.05,242.1
1990-10-12 13:30:00+05:30,10.04,1.59,17.1,-13.88553533283194,582.65,488.74,245.6
1990-10-12 14:30:00+05:30,10.56,1.79,16.5,-13.898200528148237,407.9,320.49,219.8
1990-10-12 15:30:00+05:30,10.44,2.07,17.2,-13.485863420041632,219.25,183.34,138.75
1990-10-12 16:30:00+05:30,10.05,1.93,17.8,-13.384095860454137,73.1,81.38,52.25
1990-10-12 17:30:00+05:30,9.09,1.52,20.0,-12.740044845492584,2.05,0.0,2.05
1990-10-12 18:30:00+05:30,8.21,0.97,21.6,-12.523139028452622,0.0,0.0,0.0
1990-10-12 19:30:00+05:30,7.21,0.83,31.1,-8.783899282334547,0.0,0.0,0.0
1990-10-12 20:30:00+05:30,6.19,0.69,34.9,-8.202187626627214,0.0,0.0,0.0
1990-10-12 21:30:00+05:30,5.83,0.48,32.0,-9.63112243159141,0.0,0.0,0.0
1990-10-12 22:30:00+05:30,5.21,0.34,34.6,-9.182847207772339,0.0,0.0,0.0
1990-10-12 23:30:00+05:30,4.57,0.21,38.85,-8.268641926888401,0.0,0.0,0.0
1990-10-13 00:30:00+05:30,3.72,0.34,40.3,-8.563272942842403,0.0,0.0,0.0
1990-10-13 01:30:00+05:30,3.11,0.21,43.6,-8.103716244825574,0.0,0.0,0.0
1990-10-13 02:30:00+05:30,2.4,0.14,47.15,-7.742576862156271,0.0,0.0,0.0
1990-10-13 03:30:00+05:30,1.75,0.21,51.0,-7.3256901844214735,0.0,0.0,0.0
1990-10-13 04:30:00+05:30,1.16,0.28,53.0,-7.374824557703596,0.0,0.0,0.0
1990-10-13 05:30:00+05:30,0.74,0.28,57.35,-6.741599959263579,0.0,0.0,0.0
1990-10-13 06:30:00+05:30,0.41,0.28,62.0,-6.03308536606922,36.25,0.0,36.25
1990-10-13 07:30:00+05:30,0.59,0.55,62.0,-5.862487244524942,269.5,790.46,97.3
1990-10-13 08:30:00+05:30,1.28,0.97,57.45,-6.211436987650614,463.55,769.19,151.7
1990-10-13 09:30:00+05:30,2.88,1.17,49.25,-6.734411978747051,629.8,806.77,178.0
1990-10-13 10:30:00+05:30,4.46,1.24,42.15,-7.314028612663526,786.6,991.05,121.55
1990-10-13 11:30:00+05:30,6.02,1.31,33.35,-8.936175876972104,816.45,899.92,158.6
1990-10-13 12:30:00+05:30,7.23,1.52,27.5,-10.333073233323532,729.4,712.45,205.2
1990-10-13 13:30:00+05:30,8.31,1.72,22.55,-11.903046236150491,632.4,622.24,206.15
1990-10-13 14:30:00+05:30,9.16,1.93,20.0,-12.681639529010612,425.0,374.69,206.85
1990-10-13 15:30:00+05:30,9.42,1.79,17.7,-13.972062019695004,291.35,376.75,127.7
1990-10-13 16:30:00+05:30,9.38,1.66,16.95,-14.53433196528225,107.95,203.13,56.85
1990-10-13 17:30:00+05:30,8.81,1.31,17.6,-14.543526216591735,2.05,0.0,2.05
1990-10-13 18:30:00+05:30,8.17,0.9,20.6,-13.143552044689747,0.0,0.0,0.0
1990-10-13 19:30:00+05:30,7.43,0.69,23.25,-12.267767874639818,0.0,0.0,0.0
1990-10-13 20:30:00+05:30,6.74,0.48,25.15,-11.877253728856731,0.0,0.0,0.0
1990-10-13 21:30:00+05:30,5.85,0.28,27.05,-11.7330947559918,0.0,0.0,0.0
1990-10-13 22:30:00+05:30,5.08,0.28,29.15,-11.465457613174948,0.0,0.0,0.0
1990-10-13 23:30:00+05:30,3.42,0.34,34.0,-10.99227820055354,0.0,0.0,0.0
1990-10-14 00:30:00+05:30,1.78,0.41,36.7,-11.493592401493505,0.0,0.0,0.0
1990-10-14 01:30:00+05:30,-0.05,0.55,44.6,-10.698521544871845,0.0,0.0,0.0
1990-10-14 02:30:00+05:30,-0.88,0.62,48.3,-10.454724019793083,0.0,0.0,0.0
1990-10-14 03:30:00+05:30,-1.31,0.62,50.2,-10.364503146025125,0.0,0.0,0.0
1990-10-14 04:30:00+05:30,-1.77,0.69,52.2,-10.297421872342433,0.0,0.0,0.0
1990-10-14 05:30:00+05:30,-2.13,0.69,54.3,-10.133726739726976,0.0,0.0,0.0
1990-10-14 06:30:00+05:30,-2.41,0.76,54.3,-10.39544704378571,33.8,0.0,33.8
1990-10-14 07:30:00+05:30,-2.07,0.76,54.3,-10.077646445276248,288.5,966.86,80.95
1990-10-14 08:30:00+05:30,0.32,0.76,44.75,-10.317780967853599,508.4,1029.17,94.7
1990-10-14 09:30:00+05:30,3.32,0.41,35.45,-10.554830696857094,688.55,1057.12,100.5
1990-10-14 10:30:00+05:30,5.6,0.41,29.3,-10.947971438250143,803.75,1054.42,100.4
1990-10-14 11:30:00+05:30,7.34,0.83,23.25,-12.34417504498387,819.4,951.35,128.0
1990-10-14 12:30:00+05:30,8.47,1.72,19.05,-13.856152533726164,754.8,845.05,136.8
1990-10-14 13:30:00+05:30,9.89,2.69,15.0,-15.602936716941928,638.05,672.45,180.5
1990-10-14 14:30:00+05:30,10.7,2.97,12.15,-17.48070385666496,440.25,440.22,186.0
1990-10-14 15:30:00+05:30,10.8,3.17,9.4,-20.413046410489855,267.7,346.29,118.9
1990-10-14 16:30:00+05:30,10.15,2.76,9.65,-20.610267391371526,101.3,201.25,51.6
1990-10-14 17:30:00+05:30,9.0,1.66,10.85,-20.146328138590043,1.75,0.0,1.75
1990-10-14 18:30:00+05:30,8.03,1.38,14.55,-17.47073742768627,0.0,0.0,0.0
1990-10-14 19:30:00+05:30,6.76,1.1,23.1,-12.916778101479247,0.0,0.0,0.0
1990-10-14 20:30:00+05:30,6.69,0.69,17.1,-16.63569510351263,0.0,0.0,0.0
1990-10-14 21:30:00+05:30,5.79,0.48,20.1,-15.436285872330686,0.0,0.0,0.0
1990-10-14 22:30:00+05:30,4.82,0.41,22.6,-14.830818130993647,0.0,0.0,0.0
1990-10-14 23:30:00+05:30,3.72,0.34,25.4,-14.3455225226239,0.0,0.0,0.0
1990-10-15 00:30:00+05:30,2.59,0.34,28.6,-13.869930233948457,0.0,0.0,0.0
1990-10-15 01:30:00+05:30,1.64,0.48,29.7,-14.236518335839804,0.0,0.0,0.0
1990-10-15 02:30:00+05:30,0.29,0.55,34.75,-13.500850784760983,0.0,0.0,0.0
1990-10-15 03:30:00+05:30,-0.93,0.62,39.0,-13.171391578901627,0.0,0.0,0.0
1990-10-15 04:30:00+05:30,-2.2,0.76,42.2,-13.348767716694455,0.0,0.0,0.0
1990-10-15 05:30:00+05:30,-3.0,0.83,47.6,-12.592373450961635,0.0,0.0,0.0
1990-10-15 06:30:00+05:30,-4.11,0.9,51.55,-12.631233341950182,32.45,0.0,32.45
1990-10-15 07:30:00+05:30,-3.57,0.97,49.55,-12.620908192982869,297.65,1081.79,68.9
1990-10-15 08:30:00+05:30,-0.17,0.9,37.7,-12.906576876631956,515.45,1074.18,87.4
1990-10-15 09:30:00+05:30,3.44,0.76,28.75,-13.065558716228734,691.0,1083.42,92.4
1990-10-15 10:30:00+05:30,5.48,0.34,24.75,-13.154980898841469,803.15,1060.3,100.15
1990-10-15 11:30:00+05:30,6.98,0.14,20.35,-14.28999945298623,845.6,1027.77,103.05
1990-10-15 12:30:00+05:30,7.86,0.41,18.9,-14.459329689253591,815.65,984.1,100.35
1990-10-15 13:30:00+05:30,8.81,0.62,15.45,-16.121640326335946,714.35,917.09,94.55
1990-10-15 14:30:00+05:30,9.34,0.76,13.65,-17.177310337102814,553.55,824.93,80.95
1990-10-15 15:30:00+05:30,9.43,0.97,13.05,-17.639989581148992,325.25,594.15,72.7
1990-10-15 16:30:00+05:30,9.07,0.9,13.55,-17.48101859340658,113.8,299.71,41.15
1990-10-15 17:30:00+05:30,8.33,0.83,14.65,-17.146978856588845,1.45,0.0,1.45
1990-10-15 18:30:00+05:30,7.47,0.62,16.5,-16.424054187638863,0.0,0.0,0.0
1990-10-15 19:30:00+05:30,6.71,0.55,17.85,-16.104015013771903,0.0,0.0,0.0
1990-10-15 20:30:00+05:30,5.78,0.55,20.95,-14.94235635779894,0.0,0.0,0.0
1990-10-15 21:30:00+05:30,4.78,0.55,23.6,-14.33692374126001,0.0,0.0,0.0
1990-10-15 22:30:00+05:30,3.72,0.55,26.5,-13.826371955658418,0.0,0.0,0.0
1990-10-15 23:30:00+05:30,2.63,0.55,28.75,-13.770895513722111,0.0,0.0,0.0
1990-10-16 00:30:00+05:30,1.6,0.55,32.2,-13.279148924857061,0.0,0.0,0.0
1990-10-16 01:30:00+05:30,0.71,0.62,33.45,-13.59697698595898,0.0,0.0,0.0
1990-10-16 02:30:00+05:30,-0.08,0.69,36.1,-13.361428340143508,0.0,0.0,0.0
1990-10-16 03:30:00+05:30,-0.85,0.69,37.55,-13.566289046568864,0.0,0.0,0.0
1990-10-16 04:30:00+05:30,-1.55,0.76,40.55,-13.250633868039104,0.0,0.0,0.0
1990-10-16 05:30:00+05:30,-2.19,0.76,42.2,-13.339671835825945,0.0,0.0,0.0
1990-10-16 06:30:00+05:30,-2.74,0.76,42.05,-13.883686450721658,31.05,0.0,31.05
1990-10-16 07:30:00+05:30,-2.13,0.76,40.4,-13.82136551851328,299.8,1120.22,66.55
1990-10-16 08:30:00+05:30,1.72,0.69,27.25,-15.215245263647132,514.3,1092.33,82.85
1990-10-16 09:30:00+05:30,4.55,0.0,22.45,-15.140560683792007,686.55,1081.7,93.0
1990-10-16 10:30:00+05:30,6.44,0.0,20.2,-14.832180001768691,798.95,1062.49,98.8
1990-10-16 11:30:00+05:30,8.09,0.41,17.35,-15.309836868149558,840.25,1029.72,100.7
1990-10-16 12:30:00+05:30,9.3,0.55,14.25,-16.695687620513766,809.0,983.25,98.7
1990-10-16 13:30:00+05:30,10.17,0.97,12.6,-17.468191768116334,706.45,914.18,92.8
1990-10-16 14:30:00+05:30,10.84,1.45,11.2,-18.334513572126095,534.85,776.48,93.6
1990-10-16 15:30:00+05:30,11.22,1.66,10.35,-18.96644227298719,327.55,604.1,73.55
1990-10-16 16:30:00+05:30,11.13,1.66,10.25,-19.15009646184386,105.5,263.99,42.7
1990-10-16 17:30:00+05:30,10.58,1.24,9.75,-20.158869759784807,1.15,0.0,1.15
1990-10-16 18:30:00+05:30,9.55,0.9,13.65,-17.009123197318956,0.0,0.0,0.0
1990-10-16 19:30:00+05:30,8.53,1.03,14.65,-16.985466816887644,0.0,0.0,0.0
1990-10-16 20:30:00+05:30,7.93,1.1,14.55,-17.551464468008714,0.0,0.0,0.0
1990-10-16 21:30:00+05:30,7.23,0.9,15.8,-17.138458655708646,0.0,0.0,0.0
1990-10-16 22:30:00+05:30,6.23,0.62,17.75,-16.567753675151778,0.0,0.0,0.0
1990-10-16 23:30:00+05:30,5.15,0.48,21.65,-15.073625440640438,0.0,0.0,0.0
1990-10-17 00:30:00+05:30,4.07,0.34,21.35,-16.153087775314315,0.0,0.0,0.0
1990-10-17 01:30:00+05:30,3.1,0.34,23.15,-16.000614227823405,0.0,0.0,0.0
1990-10-17 02:30:00+05:30,2.12,0.34,26.1,-15.391901064553297,0.0,0.0,0.0
1990-10-17 03:30:00+05:30,1.15,0.34,27.1,-15.77581755820734,0.0,0.0,0.0
1990-10-17 04:30:00+05:30,0.33,0.41,30.55,-15.040331070628028,0.0,0.0,0.0
1990-10-17 05:30:00+05:30,-0.37,0.41,33.15,-14.664020224729656,0.0,0.0,0.0
1990-10-17 06:30:00+05:30,-0.75,0.41,34.45,-14.532377208916023,0.0,0.0,0.0
1990-10-17 07:30:00+05:30,-0.69,0.41,35.95,-13.95771103411387,292.0,1099.49,66.65
1990-10-17 08:30:00+05:30,2.26,0.34,29.85,-13.63251446376848,505.25,1084.7,80.65
1990-10-17 09:30:00+05:30,4.37,0.48,30.25,-11.621597458554094,675.35,1072.47,90.95
1990-10-17 10:30:00+05:30,5.79,0.69,27.05,-11.78492009580938,786.3,1052.76,96.85
1990-10-17 11:30:00+05:30,7.09,0.83,25.15,-11.5774993862339,830.35,1031.07,94.25
1990-10-17 12:30:00+05:30,8.38,1.38,19.05,-13.930890400666105,775.8,897.64,131.35
1990-10-17 13:30:00+05:30,9.4,1.86,16.95,-14.517941096730786,658.8,763.02,150.1
1990-10-17 14:30:00+05:30,9.99,2.0,15.0,-15.522076429939498,428.4,447.78,176.0
1990-10-17 15:30:00+05:30,10.07,2.14,15.0,-15.457392837060372,244.55,255.71,138.2
1990-10-17 16:30:00+05:30,9.64,2.07,15.55,-15.369916275794433,72.1,100.24,48.7
1990-10-17 17:30:00+05:30,8.86,1.66,16.85,-15.03246416998331,0.85,0.0,0.85
1990-10-17 18:30:00+05:30,8.01,1.1,19.75,-13.796037873089814,0.0,0.0,0.0
1990-10-17 19:30:00+05:30,7.17,0.83,24.1,-12.041800542957134,0.0,0.0,0.0
1990-10-17 20:30:00+05:30,6.59,0.55,25.0,-12.080304606150817,0.0,0.0,0.0
1990-10-17 21:30:00+05:30,5.85,0.34,25.95,-12.250805711266606,0.0,0.0,0.0
1990-10-17 22:30:00+05:30,4.93,0.34,27.95,-12.120960648552636,0.0,0.0,0.0
1990-10-17 23:30:00+05:30,3.95,0.41,31.4,-11.52287442728338,0.0,0.0,0.0
1990-10-18 00:30:00+05:30,2.85,0.48,32.6,-12.023059073272329,0.0,0.0,0.0
1990-10-18 01:30:00+05:30,1.98,0.55,35.2,-11.83696385356707,0.0,0.0,0.0
1990-10-18 02:30:00+05:30,1.19,0.55,36.55,-12.072487352196342,0.0,0.0,0.0
1990-10-18 03:30:00+05:30,0.43,0.62,39.45,-11.802535490986886,0.0,0.0,0.0
1990-10-18 04:30:00+05:30,-0.32,0.69,41.0,-11.999639577588676,0.0,0.0,0.0
1990-10-18 05:30:00+05:30,-0.99,0.69,44.3,-11.642561429996942,0.0,0.0,0.0
1990-10-18 06:30:00+05:30,-1.69,0.76,46.05,-11.799469799525479,0.0,0.0,0.0
1990-10-18 07:30:00+05:30,-1.49,0.69,46.05,-11.615874811750313,291.25,1132.03,62.95
1990-10-18 08:30:00+05:30,1.81,0.62,35.2,-11.988343274555064,503.65,1096.85,78.2
1990-10-18 09:30:00+05:30,4.2,0.28,30.25,-11.770344687259167,673.5,1081.27,88.45
1990-10-18 10:30:00+05:30,5.88,0.14,28.25,-11.163278975534894,783.85,1057.14,95.85
1990-10-18 11:30:00+05:30,7.48,0.55,24.25,-11.700043930663686,824.4,1023.93,97.8
1990-10-18 12:30:00+05:30,8.55,0.76,21.6,-12.23695290415179,792.9,976.76,96.0
1990-10-18 13:30:00+05:30,9.68,1.1,18.45,-13.24724517052108,690.2,902.52,92.6
1990-10-18 14:30:00+05:30,10.71,2.0,14.6,-15.26811346806299,474.65,601.32,138.45
1990-10-18 15:30:00+05:30,11.13,2.21,12.25,-17.043194590033327,258.75,329.39,123.25
1990-10-18 16:30:00+05:30,11.07,2.48,10.25,-19.196657307463873,88.75,185.35,46.3
1990-10-18 17:30:00+05:30,10.17,1.66,10.55,-19.559314807283776,0.65,0.0,0.65
1990-10-18 18:30:00+05:30,9.24,1.66,12.5,-18.30065820071951,0.0,0.0,0.0
1990-10-18 19:30:00+05:30,7.08,1.72,23.1,-12.645217985020045,0.0,0.0,0.0
1990-10-18 20:30:00+05:30,6.15,1.66,23.85,-13.040426833716406,0.0,0.0,0.0
1990-10-18 21:30:00+05:30,6.88,1.38,19.5,-14.893688005330008,0.0,0.0,0.0
1990-10-18 22:30:00+05:30,6.41,0.97,21.1,-14.325855811971481,0.0,0.0,0.0
1990-10-18 23:30:00+05:30,5.56,0.62,23.7,-13.62077002426144,0.0,0.0,0.0
1990-10-19 00:30:00+05:30,4.65,0.41,23.6,-14.447651281526142,0.0,0.0,0.0
1990-10-19 01:30:00+05:30,4.01,0.28,26.5,-13.576156215083019,0.0,0.0,0.0
1990-10-19 02:30:00+05:30,3.47,0.21,28.75,-13.039441089040551,0.0,0.0,0.0
1990-10-19 03:30:00+05:30,2.82,0.21,28.75,-13.605418285716876,0.0,0.0,0.0
1990-10-19 04:30:00+05:30,2.26,0.14,31.15,-13.107231110992156,0.0,0.0,0.0
1990-10-19 05:30:00+05:30,1.79,0.07,32.35,-13.054147723342266,0.0,0.0,0.0
1990-10-19 06:30:00+05:30,1.46,0.07,35.05,-12.35314422172877,0.0,0.0,0.0
1990-10-19 07:30:00+05:30,1.32,0.0,36.55,-11.956221838440444,281.55,1099.99,63.35
1990-10-19 08:30:00+05:30,3.44,0.62,34.0,-10.974548264429183,485.0,1043.59,83.95
1990-10-19 09:30:00+05:30,4.9,1.1,33.05,-10.040661029536048,662.8,1071.26,87.3
1990-10-19 10:30:00+05:30,6.24,1.31,29.6,-10.261524050828363,772.1,1048.22,94.2
1990-10-19 11:30:00+05:30,7.74,2.0,23.4,-11.924406144869183,780.15,890.45,152.1
1990-10-19 12:30:00+05:30,8.9,2.69,21.75,-11.85604663646245,653.45,568.38,250.45
1990-10-19 13:30:00+05:30,9.74,2.9,18.6,-13.097668130075313,568.05,466.23,261.45
1990-10-19 14:30:00+05:30,10.51,3.17,15.8,-14.469320279349496,449.5,502.65,170.75
1990-10-19 15:30:00+05:30,10.66,3.38,14.5,-15.391638372615887,263.9,358.08,118.2
1990-10-19 16:30:00+05:30,9.98,3.03,15.0,-15.530162168834176,84.15,182.26,43.2
1990-10-19 17:30:00+05:30,8.88,2.14,16.85,-15.016077236510291,0.4,0.0,0.4
1990-10-19 18:30:00+05:30,7.86,1.86,19.75,-13.921125819921095,0.0,0.0,0.0
1990-10-19 19:30:00+05:30,5.97,1.79,29.45,-10.561148073315334,0.0,0.0,0.0
1990-10-19 20:30:00+05:30,4.91,1.59,33.05,-10.031829557577568,0.0,0.0,0.0
1990-10-19 21:30:00+05:30,5.19,1.31,31.85,-10.253678072297017,0.0,0.0,0.0
1990-10-19 22:30:00+05:30,5.24,1.1,31.85,-10.209704726313344,0.0,0.0,0.0
1990-10-19 23:30:00+05:30,4.7,0.83,34.45,-9.690773615189697,0.0,0.0,0.0
1990-10-20 00:30:00+05:30,3.96,0.55,38.7,-8.866679147017969,0.0,0.0,0.0
1990-10-20 01:30:00+05:30,3.37,0.48,40.15,-8.927081973958082,0.0,0.0,0.0
1990-10-20 02:30:00+05:30,2.93,0.48,41.85,-8.793966239112445,0.0,0.0,0.0
1990-10-20 03:30:00+05:30,2.35,0.41,45.3,-8.304867370786058,0.0,0.0,0.0
1990-10-20 04:30:00+05:30,1.85,0.34,49.0,-7.751460951515329,0.0,0.0,0.0
1990-10-20 05:30:00+05:30,1.39,0.28,50.9,-7.684916440572278,0.0,0.0,0.0
1990-10-20 06:30:00+05:30,0.76,0.28,52.85,-7.784031036845754,0.0,0.0,0.0
1990-10-20 07:30:00+05:30,0.76,0.21,55.05,-7.255566802026624,232.45,801.13,76.2
1990-10-20 08:30:00+05:30,1.51,0.9,53.0,-7.04887071235469,419.8,866.32,90.0
1990-10-20 09:30:00+05:30,3.05,1.1,43.6,-8.158376297889616,652.4,1051.85,91.4
1990-10-20 10:30:00+05:30,4.64,1.17,34.45,-9.744008352144844,764.9,1028.56,103.95
1990-10-20 11:30:00+05:30,6.18,1.38,27.2,-11.378780619602457,789.2,937.51,132.0
1990-10-20 12:30:00+05:30,7.63,2.28,21.35,-13.155293006337663,733.2,802.31,167.9
1990-10-20 13:30:00+05:30,8.84,2.9,16.15,-15.562910832387047,438.4,482.54,123.25
1990-10-20 14:30:00+05:30,8.92,3.17,13.55,-17.601104210298175,448.4,538.31,152.3
1990-10-20 15:30:00+05:30,9.24,3.31,11.95,-18.83032585527031,274.35,446.75,94.55
1990-10-20 16:30:00+05:30,8.57,2.97,13.45,-17.96905414322706,82.5,186.71,41.35
1990-10-20 17:30:00+05:30,7.44,2.0,15.1,-17.50710255379312,0.2,0.0,0.2
1990-10-20 18:30:00+05:30,6.52,1.86,17.75,-16.328383619686065,0.0,0.0,0.0
1990-10-20 19:30:00+05:30,4.8,1.79,25.7,-13.273404644828995,0.0,0.0,0.0
1990-10-20 20:30:00+05:30,3.4,1.66,30.0,-12.57352381415544,0.0,0.0,0.0
1990-10-20 21:30:00+05:30,2.88,1.52,28.75,-13.553165866515267,0.0,0.0,0.0
1990-10-20 22:30:00+05:30,2.91,1.45,27.55,-14.050481498339183,0.0,0.0,0.0
1990-10-20 23:30:00+05:30,2.62,1.38,28.6,-13.84381517612499,0.0,0.0,0.0
1990-10-21 00:30:00+05:30,2.11,1.03,36.7,-11.198416569763566,0.0,0.0,0.0
1990-10-21 01:30:00+05:30,0.62,1.31,44.85,-10.015131176660251,0.0,0.0,0.0
1990-10-21 02:30:00+05:30,-0.49,1.31,59.35,-7.453874621777573,0.0,0.0,0.0
1990-10-21 03:30:00+05:30,-1.25,1.24,66.9,-6.6176698547428305,0.0,0.0,0.0
1990-10-21 04:30:00+05:30,-1.03,0.97,69.65,-5.879233102553734,0.0,0.0,0.0
1990-10-21 05:30:00+05:30,-1.63,0.76,72.4,-5.948071293607703,0.0,0.0,0.0
1990-10-21 06:30:00+05:30,-2.22,0.55,75.3,-6.002834226167742,0.0,0.0,0.0
1990-10-21 07:30:00+05:30,-1.93,0.55,72.3,-6.255548791885455,239.75,926.0,62.25
1990-10-21 08:30:00+05:30,-0.95,0.9,64.25,-6.858675993689802,453.7,894.55,116.4
1990-10-21 09:30:00+05:30,0.35,1.17,50.65,-8.712474677734818,589.6,814.62,158.3
1990-10-21 10:30:00+05:30,1.38,1.52,45.0,-9.277487859472284,671.8,736.76,201.4
1990-10-21 11:30:00+05:30,2.92,1.52,34.0,-11.43558126243428,704.9,696.21,219.85
1990-10-21 12:30:00+05:30,4.09,1.72,31.4,-11.39986485061853,572.75,575.23,170.0
1990-10-21 13:30:00+05:30,5.05,1.86,24.6,-13.597761903120283,551.15,583.09,172.95
1990-10-21 14:30:00+05:30,5.95,1.93,20.1,-15.302418289428473,384.65,388.39,172.75
1990-10-21 15:30:00+05:30,6.61,2.14,16.25,-17.309976043421848,200.25,163.79,135.05
1990-10-21 16:30:00+05:30,6.41,1.79,14.9,-18.499702615729007,69.15,111.72,45.0
1990-10-21 17:30:00+05:30,5.91,1.38,15.45,-18.47874397581088,0.1,0.0,0.1
1990-10-21 18:30:00+05:30,5.14,0.9,19.0,-16.65608612212119,0.0,0.0,0.0
1990-10-21 19:30:00+05:30,4.37,0.62,19.7,-16.86546853115166,0.0,0.0,0.0
1990-10-21 20:30:00+05:30,3.43,0.48,23.15,-15.719857259601632,0.0,0.0,0.0
1990-10-21 21:30:00+05:30,2.37,0.48,25.15,-15.6251756475035,0.0,0.0,0.0
1990-10-21 22:30:00+05:30,1.2,0.48,28.3,-15.20833267473251,0.0,0.0,0.0
1990-10-21 23:30:00+05:30,-0.03,0.55,33.15,-14.362907101367036,0.0,0.0,0.0
1990-10-22 00:30:00+05:30,-1.47,0.62,37.25,-14.221138624204068,0.0,0.0,0.0
1990-10-22 01:30:00+05:30,-3.18,0.62,41.9,-14.327546216600895,0.0,0.0,0.0
1990-10-22 02:30:00+05:30,-3.72,0.69,45.5,-13.811261988083007,0.0,0.0,0.0
1990-10-22 03:30:00+05:30,-4.16,0.69,49.4,-13.204635849340082,0.0,0.0,0.0
1990-10-22 04:30:00+05:30,-4.56,0.76,51.4,-13.085748019630293,0.0,0.0,0.0
1990-10-22 05:30:00+05:30,-5.08,0.76,55.8,-12.554486837590527,0.0,0.0,0.0
1990-10-22 06:30:00+05:30,-5.2,0.83,55.8,-12.66707090480652,0.0,0.0,0.0
1990-10-22 07:30:00+05:30,-4.58,0.83,53.65,-12.573983416255956,272.15,1105.34,64.0
1990-10-22 08:30:00+05:30,-2.01,0.83,44.0,-12.65923709995165,476.3,1041.08,87.55
1990-10-22 09:30:00+05:30,0.8,0.55,34.9,-12.99382152388572,645.25,1027.04,105.5
1990-10-22 10:30:00+05:30,2.91,0.69,30.0,-13.002136160392185,762.05,1042.82,100.55
1990-10-22 11:30:00+05:30,4.68,1.03,24.6,-13.914282050393423,797.75,1004.86,102.0
1990-10-22 12:30:00+05:30,6.52,2.14,19.35,-15.287356869365407,713.95,789.09,164.95
1990-10-22 13:30:00+05:30,7.77,2.9,13.95,-18.17914920801515,505.6,418.85,235.8
1990-10-22 14:30:00+05:30,8.11,3.17,11.65,-20.019179435783936,455.6,573.23,145.4
1990-10-22 15:30:00+05:30,8.14,3.24,11.15,-20.504162738301144,259.15,403.43,100.3
1990-10-22 16:30:00+05:30,7.44,3.03,12.1,-20.108562847839732,73.2,143.16,42.85
1990-10-22 17:30:00+05:30,6.28,2.0,14.9,-18.605048701119117,0.05,0.0,0.05
1990-10-22 18:30:00+05:30,5.28,1.79,19.1,-16.47666736235729,0.0,0.0,0.0
1990-10-22 19:30:00+05:30,3.33,1.66,38.55,-9.482537893552681,0.0,0.0,0.0
1990-10-22 20:30:00+05:30,2.93,1.38,32.6,-11.952442675949685,0.0,0.0,0.0
1990-10-22 21:30:00+05:30,3.41,1.03,26.4,-14.14017412908845,0.0,0.0,0.0
1990-10-22 22:30:00+05:30,2.71,0.69,27.55,-14.223867010855878,0.0,0.0,0.0
1990-10-22 23:30:00+05:30,1.94,0.48,29.7,-13.974196320266149,0.0,0.0,0.0
1990-10-23 00:30:00+05:30,1.23,0.28,30.85,-14.131018325771205,0.0,0.0,0.0
1990-10-23 01:30:00+05:30,0.73,0.34,32.05,-14.103920204356404,0.0,0.0,0.0
1990-10-23 02:30:00+05:30,0.14,0.34,34.75,-13.634339882207318,0.0,0.0,0.0
1990-10-23 03:30:00+05:30,-0.84,0.34,37.55,-13.557311277782894,0.0,0.0,0.0
1990-10-23 04:30:00+05:30,-1.51,0.34,42.35,-12.677256993251191,0.0,0.0,0.0
1990-10-23 05:30:00+05:30,-2.37,0.34,44.0,-12.988160435838116,0.0,0.0,0.0
1990-10-23 06:30:00+05:30,-3.71,0.48,51.65,-12.235154862812175,0.0,0.0,0.0
1990-10-23 07:30:00+05:30,-3.74,0.48,51.65,-12.263056486329807,256.65,996.09,72.45
1990-10-23 08:30:00+05:30,-1.09,0.28,42.45,-12.26587757052893,457.5,1020.98,80.0
1990-10-23 09:30:00+05:30,1.4,0.69,36.55,-11.884677168380684,641.4,1041.38,98.2
1990-10-23 10:30:00+05:30,3.23,0.9,32.6,-11.687655921215274,754.25,1035.31,101.8
1990-10-23 11:30:00+05:30,4.79,0.97,26.8,-12.764009429865638,782.55,966.96,117.2
1990-10-23 12:30:00+05:30,6.01,1.17,24.9,-12.626620410921705,744.9,920.91,108.25
1990-10-23 13:30:00+05:30,7.53,2.62,20.45,-13.769481205385055,582.65,636.07,175.75
1990-10-23 14:30:00+05:30,8.23,2.55,17.45,-15.12499197118888,397.45,401.95,181.7
1990-10-23 15:30:00+05:30,8.56,2.83,15.35,-16.402569690341455,231.5,313.76,109.3
1990-10-23 16:30:00+05:30,8.0,2.48,14.55,-17.494954854405307,63.0,116.89,38.7
1990-10-23 17:30:00+05:30,7.1,1.79,15.65,-17.357940679030417,0.0,0.0,0.0
1990-10-23 18:30:00+05:30,6.34,1.52,18.55,-15.947098384806427,0.0,0.0,0.0
1990-10-23 19:30:00+05:30,4.86,1.38,37.4,-8.497752446848185,0.0,0.0,0.0
1990-10-23 20:30:00+05:30,4.46,1.24,31.55,-11.014892172374635,0.0,0.0,0.0
1990-10-23 21:30:00+05:30,4.87,0.83,21.65,-15.309888480486586,0.0,0.0,0.0
1990-10-23 22:30:00+05:30,4.31,0.55,22.45,-15.343931792240522,0.0,0.0,0.0
1990-10-23 23:30:00+05:30,3.64,0.41,24.35,-14.928571154847289,0.0,0.0,0.0
1990-10-24 00:30:00+05:30,2.92,0.21,26.4,-14.562952172519568,0.0,0.0,0.0
1990-10-24 01:30:00+05:30,2.33,0.21,27.4,-14.619915169448399,0.0,0.0,0.0
1990-10-24 02:30:00+05:30,1.74,0.14,29.7,-14.149073029444931,0.0,0.0,0.0
1990-10-24 03:30:00+05:30,1.04,0.14,32.05,-13.830510111704733,0.0,0.0,0.0
1990-10-24 04:30:00+05:30,0.34,0.07,34.75,-13.45635649034429,0.0,0.0,0.0
1990-10-24 05:30:00+05:30,-0.4,0.14,37.55,-13.16232795932585,0.0,0.0,0.0
1990-10-24 06:30:00+05:30,-1.17,0.21,40.7,-12.860889994057752,0.0,0.0,0.0
1990-10-24 07:30:00+05:30,-1.45,0.21,42.35,-12.622675862703584,258.0,1053.91,66.7
1990-10-24 08:30:00+05:30,0.9,0.14,36.4,-12.38299424835618,467.2,1038.77,86.95
1990-10-24 09:30:00+05:30,2.84,0.9,32.6,-12.031886318234477,629.9,1019.26,102.25
1990-10-24 10:30:00+05:30,4.21,1.17,27.8,-12.812150829854328,750.7,1036.5,101.8
1990-10-24 11:30:00+05:30,5.44,1.66,21.75,-14.772891382065128,723.65,793.53,181.05
1990-10-24 12:30:00+05:30,6.62,2.97,17.0,-16.76340777433598,625.55,503.9,279.4
1990-10-24 13:30:00+05:30,7.46,3.38,13.2,-19.077786317916015,496.8,371.95,260.5
1990-10-24 14:30:00+05:30,7.73,3.52,11.65,-20.318899965354156,385.95,369.74,189.1
1990-10-24 15:30:00+05:30,7.25,3.24,12.65,-19.742514254671004,213.45,213.89,131.05
1990-10-24 16:30:00+05:30,6.48,2.76,14.9,-18.4429823390356,49.55,41.7,41.05
1990-10-24 17:30:00+05:30,5.52,2.0,16.75,-17.84308634878331,0.0,0.0,0.0
1990-10-24 18:30:00+05:30,4.48,1.66,21.5,-15.72299627523901,0.0,0.0,0.0
1990-10-24 19:30:00+05:30,2.65,1.38,37.0,-10.612801632993593,0.0,0.0,0.0
1990-10-24 20:30:00+05:30,2.61,1.03,32.5,-12.273149498230906,0.0,0.0,0.0
1990-10-24 21:30:00+05:30,2.18,0.83,29.85,-13.702488809780325,0.0,0.0,0.0
1990-10-24 22:30:00+05:30,1.44,0.69,35.05,-12.370949017054585,0.0,0.0,0.0
1990-10-24 23:30:00+05:30,0.62,0.55,37.95,-12.115053029265667,0.0,0.0,0.0
1990-10-25 00:30:00+05:30,-1.29,0.55,44.3,-11.916759921253279,0.0,0.0,0.0
1990-10-25 01:30:00+05:30,-2.0,0.55,47.9,-11.5922348424371,0.0,0.0,0.0
1990-10-25 02:30:00+05:30,-2.6,0.55,49.8,-11.660036686708715,0.0,0.0,0.0
1990-10-25 03:30:00+05:30,-2.93,0.55,51.8,-11.47347986481868,0.0,0.0,0.0
1990-10-25 04:30:00+05:30,-3.52,0.62,53.9,-11.525791869330998,0.0,0.0,0.0
1990-10-25 05:30:00+05:30,-3.8,0.69,53.9,-11.787403320752201,0.0,0.0,0.0
1990-10-25 06:30:00+05:30,-4.26,0.69,56.1,-11.718253394810334,0.0,0.0,0.0
1990-10-25 07:30:00+05:30,-4.1,0.69,56.1,-11.568092340602089,258.8,1107.03,61.65
1990-10-25 08:30:00+05:30,-2.35,0.76,52.05,-10.873446177410836,465.9,1064.97,80.0
1990-10-25 09:30:00+05:30,-0.03,0.83,44.6,-10.680235565431879,628.65,1028.65,100.2
1990-10-25 10:30:00+05:30,1.52,0.97,38.1,-11.257303947838144,740.7,1013.91,110.15
1990-10-25 11:30:00+05:30,3.04,1.38,28.75,-13.413834405937385,744.35,865.81,156.05
1990-10-25 12:30:00+05:30,4.14,1.66,22.45,-15.488005289177018,680.3,702.57,200.75
1990-10-25 13:30:00+05:30,5.08,1.93,19.0,-16.70601421540789,438.45,322.38,235.05
1990-10-25 14:30:00+05:30,5.45,2.07,16.0,-18.44167448936378,316.4,279.12,169.0
1990-10-25 15:30:00+05:30,5.57,2.0,14.65,-19.37850636433958,222.05,305.84,105.5
1990-10-25 16:30:00+05:30,5.43,2.0,13.4,-20.528176361700748,57.3,80.79,41.15
1990-10-25 17:30:00+05:30,4.67,1.45,13.3,-21.224045648788607,0.0,0.0,0.0
1990-10-25 18:30:00+05:30,3.91,1.1,17.9,-18.385377011358216,0.0,0.0,0.0
1990-10-25 19:30:00+05:30,3.13,0.9,19.45,-18.053374349098288,0.0,0.0,0.0
1990-10-25 20:30:00+05:30,2.49,0.69,21.1,-17.62573216085003,0.0,0.0,0.0
1990-10-25 21:30:00+05:30,1.7,0.55,21.9,-17.851830396106394,0.0,0.0,0.0
1990-10-25 22:30:00+05:30,0.79,0.55,24.7,-17.197992664683166,0.0,0.0,0.0
1990-10-25 23:30:00+05:30,-0.11,0.48,27.9,-16.519453756106483,0.0,0.0,0.0
1990-10-26 00:30:00+05:30,-1.03,0.48,32.85,-15.358817778366777,0.0,0.0,0.0
1990-10-26 01:30:00+05:30,-1.69,0.48,35.7,-14.936303460712429,0.0,0.0,0.0
1990-10-26 02:30:00+05:30,-2.67,0.55,40.3,-14.340579172384647,0.0,0.0,0.0
1990-10-26 03:30:00+05:30,-3.59,0.55,45.5,-13.691993331401335,0.0,0.0,0.0
1990-10-26 04:30:00+05:30,-4.34,0.69,49.4,-13.371272472593128,0.0,0.0,0.0
1990-10-26 05:30:00+05:30,-5.0,0.62,53.5,-13.000943775700298,0.0,0.0,0.0
1990-10-26 06:30:00+05:30,-5.92,0.62,58.1,-12.843739324409613,0.0,0.0,0.0
1990-10-26 07:30:00+05:30,-5.51,0.48,58.1,-12.45734484469063,228.3,848.0,80.2
1990-10-26 08:30:00+05:30,-3.23,0.41,61.2,-9.64976176735347,424.2,862.0,115.05
1990-10-26 09:30:00+05:30,-1.23,0.83,54.55,-9.23397680040954,606.1,937.87,128.0
1990-10-26 10:30:00+05:30,0.35,1.03,46.6,-9.77658626720922,704.5,923.44,134.05
1990-10-26 11:30:00+05:30,1.6,1.24,41.45,-10.122324289823954,707.3,760.74,193.65
1990-10-26 12:30:00+05:30,2.23,1.1,36.85,-11.039817118271625,566.05,487.9,235.15
1990-10-26 13:30:00+05:30,2.65,1.17,34.0,-11.675008630033206,516.95,490.43,209.65
1990-10-26 14:30:00+05:30,3.15,1.45,32.6,-11.758261903987739,395.75,539.57,113.1
1990-10-26 15:30:00+05:30,3.42,1.79,31.25,-12.048333414012244,231.85,363.42,94.85
1990-10-26 16:30:00+05:30,3.1,1.79,30.0,-12.835926430221969,54.4,121.69,30.55
1990-10-26 17:30:00+05:30,1.79,1.17,35.2,-12.006153396499746,0.0,0.0,0.0
1990-10-26 18:30:00+05:30,1.36,0.69,36.55,-11.9204491854792,0.0,0.0,0.0
1990-10-26 19:30:00+05:30,0.62,0.55,43.05,-10.533553268350339,0.0,0.0,0.0
1990-10-26 20:30:00+05:30,0.09,0.48,42.75,-11.104115622730587,0.0,0.0,0.0
1990-10-26 21:30:00+05:30,-0.64,0.48,42.6,-11.812464128355625,0.0,0.0,0.0
1990-10-26 22:30:00+05:30,-1.32,0.55,44.3,-11.944181414606328,0.0,0.0,0.0
1990-10-26 23:30:00+05:30,-1.93,0.55,47.9,-11.527694284745152,0.0,0.0,0.0
1990-10-27 00:30:00+05:30,-2.42,0.69,49.8,-11.493346653953655,0.0,0.0,0.0
1990-10-27 01:30:00+05:30,-3.11,0.76,51.8,-11.640906981641528,0.0,0.0,0.0
1990-10-27 02:30:00+05:30,-3.73,0.62,53.9,-11.721998542497088,0.0,0.0,0.0
1990-10-27 03:30:00+05:30,-4.45,0.62,58.35,-11.40475062588275,0.0,0.0,0.0
1990-10-27 04:30:00+05:30,-5.09,0.69,60.75,-11.504365677849384,0.0,0.0,0.0
1990-10-27 05:30:00+05:30,-5.45,0.69,63.25,-11.340596321168523,0.0,0.0,0.0
1990-10-27 06:30:00+05:30,-6.31,0.69,63.1,-12.188130781792673,0.0,0.0,0.0
1990-10-27 07:30:00+05:30,-5.94,0.62,60.6,-12.33998964772037,227.85,879.72,77.25
1990-10-27 08:30:00+05:30,-4.43,0.62,56.1,-11.877806397626838,442.55,973.33,97.1
1990-10-27 09:30:00+05:30,-1.66,0.69,46.05,-11.771929739380479,618.45,1015.2,104.95
1990-10-27 10:30:00+05:30,0.26,1.17,39.45,-11.955892887126252,710.95,967.09,117.55
1990-10-27 11:30:00+05:30,1.9,2.34,28.45,-14.534853539071188,733.8,896.01,132.65
1990-10-27 12:30:00+05:30,2.76,2.62,24.2,-15.755909129292773,639.15,633.64,212.15
1990-10-27 13:30:00+05:30,3.43,2.69,21.25,-16.74894161752839,622.35,820.37,111.85
1990-10-27 14:30:00+05:30,3.72,2.34,20.45,-16.96359473446789,471.35,716.66,98.95
1990-10-27 15:30:00+05:30,3.83,2.28,19.55,-17.40779834210598,251.45,493.8,67.3
1990-10-27 16:30:00+05:30,3.3,1.72,21.25,-16.858537410603063,69.25,223.24,26.35
1990-10-27 17:30:00+05:30,2.34,1.1,23.05,-16.699247727084174,0.0,0.0,0.0
1990-10-27 18:30:00+05:30,1.25,0.9,28.3,-15.164823673645612,0.0,0.0,0.0
1990-10-27 19:30:00+05:30,-0.18,0.83,39.3,-12.400216044359533,0.0,0.0,0.0
1990-10-27 20:30:00+05:30,-1.01,0.76,35.8,-14.294782723070584,0.0,0.0,0.0
1990-10-27 21:30:00+05:30,-2.18,0.76,40.4,-13.86663226377322,0.0,0.0,0.0
1990-10-27 22:30:00+05:30,-3.23,0.76,43.75,-13.84404081984882,0.0,0.0,0.0
1990-10-27 23:30:00+05:30,-4.21,0.76,45.35,-14.30122948938248,0.0,0.0,0.0
1990-10-28 00:30:00+05:30,-5.4,0.83,49.1,-14.427163504973382,0.0,0.0,0.0
1990-10-28 01:30:00+05:30,-6.5,0.83,55.45,-13.964118156920327,0.0,0.0,0.0
1990-10-28 02:30:00+05:30,-7.87,0.9,57.7,-14.766129594414213,0.0,0.0,0.0
1990-10-28 03:30:00+05:30,-8.41,0.9,57.6,-15.29598775040567,0.0,0.0,0.0
1990-10-28 04:30:00+05:30,-9.01,0.97,62.5,-14.872733727741865,0.0,0.0,0.0
1990-10-28 05:30:00+05:30,-9.88,1.03,65.15,-15.197315169043096,0.0,0.0,0.0
1990-10-28 06:30:00+05:30,-11.23,1.1,67.7,-16.025351793299105,0.0,0.0,0.0
1990-10-28 07:30:00+05:30,-10.99,1.1,64.95,-16.294329126797244,251.8,1135.22,61.4
1990-10-28 08:30:00+05:30,-7.63,1.24,50.7,-16.10663139988136,459.45,1070.83,83.4
1990-10-28 09:30:00+05:30,-3.93,1.24,38.3,-16.09560286532671,631.6,1085.31,86.95
1990-10-28 10:30:00+05:30,-1.03,1.1,32.85,-15.358817778366777,743.0,1068.92,91.55
1990-10-28 11:30:00+05:30,0.91,0.97,29.4,-14.998407638211734,779.8,1021.29,98.95
1990-10-28 12:30:00+05:30,1.42,0.97,28.3,-15.016902015372727,749.15,977.1,94.9
1990-10-28 13:30:00+05:30,2.37,1.03,24.05,-16.16420964058245,640.0,862.84,106.75
1990-10-28 14:30:00+05:30,2.88,1.17,21.25,-17.212680785868844,472.7,747.18,87.55
1990-10-28 15:30:00+05:30,2.99,1.31,19.45,-18.17032940406543,232.95,351.95,103.1
1990-10-28 16:30:00+05:30,2.39,1.31,20.2,-18.225866553772796,56.9,132.69,31.9
1990-10-28 17:30:00+05:30,1.42,0.97,22.75,-17.63788249603122,0.0,0.0,0.0
1990-10-28 18:30:00+05:30,0.42,0.9,26.85,-16.51943301489128,0.0,0.0,0.0
1990-10-28 19:30:00+05:30,-0.73,0.76,42.6,-11.89436295017221,0.0,0.0,0.0
1990-10-28 20:30:00+05:30,-1.52,0.69,37.25,-14.266001634550253,0.0,0.0,0.0
1990-10-28 21:30:00+05:30,-2.19,0.55,37.1,-14.916323369335975,0.0,0.0,0.0
1990-10-28 22:30:00+05:30,-2.87,0.55,38.6,-15.046198097107208,0.0,0.0,0.0
1990-10-28 23:30:00+05:30,-3.51,0.62,41.75,-14.671315098611379,0.0,0.0,0.0
1990-10-29 00:30:00+05:30,-3.84,0.62,41.75,-14.971306805162127,0.0,0.0,0.0
1990-10-29 01:30:00+05:30,-4.15,0.55,43.45,-14.768360028199993,0.0,0.0,0.0
1990-10-29 02:30:00+05:30,-4.65,0.55,45.2,-14.745219965776954,0.0,0.0,0.0
1990-10-29 03:30:00+05:30,-5.0,0.55,47.05,-14.578177544551949,0.0,0.0,0.0
1990-10-29 04:30:00+05:30,-5.39,0.55,47.05,-14.937457380836033,0.0,0.0,0.0
1990-10-29 05:30:00+05:30,-5.88,0.55,46.9,-15.427579110241178,0.0,0.0,0.0
1990-10-29 06:30:00+05:30,-5.9,0.55,49.0,-14.914735061946864,0.0,0.0,0.0
1990-10-29 07:30:00+05:30,-5.77,0.55,46.9,-15.326256609534227,247.3,1144.66,59.3
1990-10-29 08:30:00+05:30,-3.74,0.62,40.0,-15.399928231293742,457.7,1110.3,71.95
1990-10-29 09:30:00+05:30,-1.13,0.41,34.3,-14.92347557966399,623.95,1087.94,82.3
1990-10-29 10:30:00+05:30,0.5,0.76,33.3,-13.838233512159524,724.1,1030.23,100.5
1990-10-29 11:30:00+05:30,1.88,1.1,29.7,-14.026657386638048,752.35,954.69,119.95
1990-10-29 12:30:00+05:30,2.92,1.31,27.55,-14.041812732822288,730.35,949.56,98.6
1990-10-29 13:30:00+05:30,3.73,1.59,23.3,-15.38650879232774,635.7,898.19,84.4
1990-10-29 14:30:00+05:30,4.13,1.52,21.35,-16.10250461845751,473.15,770.38,79.2
1990-10-29 15:30:00+05:30,4.16,1.38,18.85,-17.56601389495895,266.1,554.75,63.6
1990-10-29 16:30:00+05:30,3.74,1.17,18.75,-17.978463569087033,64.3,217.34,24.15
1990-10-29 17:30:00+05:30,2.86,0.69,19.45,-18.278940770821176,0.0,0.0,0.0
1990-10-29 18:30:00+05:30,1.84,0.48,21.9,-17.733304273982405,0.0,0.0,0.0
1990-10-29 19:30:00+05:30,0.74,0.55,24.7,-17.240890406780313,0.0,0.0,0.0
1990-10-29 20:30:00+05:30,-0.54,0.55,30.25,-15.923090869956871,0.0,0.0,0.0
1990-10-29 21:30:00+05:30,-1.74,0.62,31.35,-16.548832459633843,0.0,0.0,0.0
1990-10-29 22:30:00+05:30,-2.94,0.69,33.75,-16.72727457651796,0.0,0.0,0.0
1990-10-29 23:30:00+05:30,-4.08,0.76,36.5,-16.807742520159486,0.0,0.0,0.0
1990-10-30 00:30:00+05:30,-5.06,0.76,39.55,-16.730231635963314,0.0,0.0,0.0
1990-10-30 01:30:00+05:30,-6.04,0.83,41.0,-17.188446636995124,0.0,0.0,0.0
1990-10-30 02:30:00+05:30,-6.82,0.83,40.85,-17.94031649450167,0.0,0.0,0.0
1990-10-30 03:30:00+05:30,-7.53,0.83,42.55,-18.10426761726188,0.0,0.0,0.0
1990-10-30 04:30:00+05:30,-8.16,0.83,42.4,-18.720571543211715,0.0,0.0,0.0
1990-10-30 05:30:00+05:30,-8.79,0.9,42.25,-19.336719712193705,0.0,0.0,0.0
1990-10-30 06:30:00+05:30,-9.58,0.9,43.9,-19.611448825023288,0.0,0.0,0.0
1990-10-30 07:30:00+05:30,-8.79,0.9,40.4,-19.858930042333753,242.9,1121.0,62.7
1990-10-30 08:30:00+05:30,-5.6,0.9,33.0,-19.355136156478807,451.35,1064.68,85.45
1990-10-30 09:30:00+05:30,-1.34,0.83,23.1,-19.80892935467973,615.9,1045.68,99.45
1990-10-30 10:30:00+05:30,1.14,0.69,20.85,-18.904132441740483,719.9,1002.06,117.5
1990-10-30 11:30:00+05:30,2.7,0.34,20.3,-17.907315565321188,765.4,999.72,107.4
1990-10-30 12:30:00+05:30,3.99,0.41,20.45,-16.73696824578727,723.75,921.17,114.8
1990-10-30 13:30:00+05:30,4.98,0.55,19.0,-16.789232412943765,564.65,583.98,208.65
1990-10-30 14:30:00+05:30,5.51,1.03,17.5,-17.331207481818815,360.8,343.67,186.45
1990-10-30 15:30:00+05:30,5.54,1.38,17.5,-17.3064666587913,147.9,80.71,118.75
1990-10-30 16:30:00+05:30,5.08,1.38,19.0,-16.70601421540789,40.25,29.54,34.9
1990-10-30 17:30:00+05:30,4.37,1.03,20.6,-16.33037024294092,0.0,0.0,0.0
1990-10-30 18:30:00+05:30,3.49,0.83,27.55,-13.5477733865323,0.0,0.0,0.0
1990-10-30 19:30:00+05:30,2.62,0.69,27.4,-14.368605485807022,0.0,0.0,0.0
1990-10-30 20:30:00+05:30,1.74,0.69,29.7,-14.149073029444931,0.0,0.0,0.0
1990-10-30 21:30:00+05:30,0.76,0.69,29.4,-15.129493245717663,0.0,0.0,0.0
1990-10-30 22:30:00+05:30,-0.22,0.69,33.15,-14.53117007740076,0.0,0.0,0.0
1990-10-30 23:30:00+05:30,-1.12,0.69,35.8,-14.393044773803954,0.0,0.0,0.0
1990-10-31 00:30:00+05:30,-1.67,0.69,38.9,-13.870081601856686,0.0,0.0,0.0
1990-10-31 01:30:00+05:30,-2.36,0.69,40.4,-14.029600092363392,0.0,0.0,0.0
1990-10-31 02:30:00+05:30,-3.13,0.69,43.75,-13.752695828492563,0.0,0.0,0.0
1990-10-31 03:30:00+05:30,-3.86,0.69,43.6,-14.461518047356744,0.0,0.0,0.0
1990-10-31 04:30:00+05:30,-4.62,0.76,47.2,-14.189219825452188,0.0,0.0,0.0
1990-10-31 05:30:00+05:30,-5.38,0.76,49.1,-14.408653681062297,0.0,0.0,0.0
1990-10-31 06:30:00+05:30,-5.74,0.76,51.15,-14.242745104103493,0.0,0.0,0.0
1990-10-31 07:30:00+05:30,-5.69,0.69,49.0,-14.720398998433737,232.2,1068.05,64.25
1990-10-31 08:30:00+05:30,-2.52,0.62,40.3,-14.204790838658333,442.75,1081.16,75.25
1990-10-31 09:30:00+05:30,0.07,0.55,34.6,-13.749778229167173,612.95,1087.74,80.05
1990-10-31 10:30:00+05:30,1.81,0.69,32.35,-13.036498762672394,719.05,1054.88,89.25
1990-10-31 11:30:00+05:30,3.07,0.83,28.75,-13.387711104901468,741.4,963.41,111.35
1990-10-31 12:30:00+05:30,3.71,1.17,27.7,-13.290199293276347,641.95,739.97,155.9
1990-10-31 13:30:00+05:30,4.36,1.52,24.45,-14.262890912351613,513.25,523.48,196.3
1990-10-31 14:30:00+05:30,4.64,1.38,22.6,-14.983425309955031,378.35,467.58,143.0
1990-10-31 15:30:00+05:30,4.54,1.31,24.45,-14.108970103589199,206.1,297.98,99.6
1990-10-31 16:30:00+05:30,4.09,1.17,25.4,-14.027734041214364,52.3,144.98,26.55
1990-10-31 17:30:00+05:30,3.25,0.83,28.75,-13.230980235978864,0.0,0.0,0.0
1990-10-31 18:30:00+05:30,2.42,0.69,31.15,-12.966649726450646,0.0,0.0,0.0
1990-10-31 19:30:00+05:30,1.48,0.55,33.6,-12.859448979338639,0.0,0.0,0.0
1990-10-31 20:30:00+05:30,0.57,0.55,39.45,-11.676249238465699,0.0,0.0,0.0
1990-10-31 21:30:00+05:30,-5.33,0.69,58.85,-12.12807246507753,0.0,0.0,0.0
1990-10-31 22:30:00+05:30,-4.93,0.69,56.75,-12.203816767184204,0.0,0.0,0.0
1990-10-31 23:30:00+05:30,-4.53,0.68,54.65,-12.297816986539564,0.0,0.0,0.0
1990-11-01 00:30:00+05:30,-4.13,0.67,52.55,-12.411356765036452,0.0,0.0,0.0
1990-11-01 01:30:00+05:30,-3.73,0.67,50.45,-12.545868272847533,0.0,0.0,0.0
1990-11-01 02:30:00+05:30,-3.33,0.66,48.35,-12.702956586278635,0.0,0.0,0.0
1990-11-01 03:30:00+05:30,-2.93,0.66,46.25,-12.884429337592374,0.0,0.0,0.0
1990-11-01 04:30:00+05:30,-2.54,0.65,44.16,-13.098677124859332,0.0,0.0,0.0
1990-11-01 05:30:00+05:30,-2.14,0.64,42.06,-13.33515961514043,0.0,0.0,0.0
1990-11-01 06:30:00+05:30,-1.74,0.64,39.96,-13.603058762632697,0.0,0.0,0.0
1990-11-01 07:30:00+05:30,-1.34,0.63,37.86,-13.905454012411113,242.6,1197.15,54.35
1990-11-01 08:30:00+05:30,-0.94,0.63,35.76,-14.245926254693686,449.6,1115.58,70.4
1990-11-01 09:30:00+05:30,-0.54,0.62,33.66,-14.62867526611184,615.95,1094.37,79.8
1990-11-01 10:30:00+05:30,-0.14,0.61,31.56,-15.058674052068389,723.8,1070.03,84.95
1990-11-01 11:30:00+05:30,0.26,0.61,29.46,-15.541875037891675,763.25,1034.21,86.9
1990-11-01 12:30:00+05:30,0.66,0.6,27.36,-16.085490670269554,730.35,982.03,85.3
1990-11-01 13:30:00+05:30,6.33,0.55,17.75,-16.485206526517167,628.05,904.75,80.25
1990-11-01 14:30:00+05:30,6.77,0.69,15.65,-17.626616017772573,465.55,783.47,71.2
1990-11-01 15:30:00+05:30,6.82,0.83,15.0,-18.088485208297598,260.1,567.85,57.15
1990-11-01 16:30:00+05:30,6.41,0.83,14.9,-18.499702615729007,57.35,199.31,21.95
1990-11-01 17:30:00+05:30,5.66,0.41,16.75,-17.728166131147912,0.0,0.0,0.0
1990-11-01 18:30:00+05:30,4.86,0.21,17.4,-17.93524932245764,0.0,0.0,0.0
1990-11-01 19:30:00+05:30,3.86,0.41,19.7,-17.2917792310938,0.0,0.0,0.0
1990-11-01 20:30:00+05:30,2.73,0.48,21.25,-17.339184500605295,0.0,0.0,0.0
1990-11-01 21:30:00+05:30,1.55,0.55,24.85,-16.4735276108333,0.0,0.0,0.0
1990-11-01 22:30:00+05:30,0.38,0.62,26.85,-16.554062523878482,0.0,0.0,0.0
1990-11-01 23:30:00+05:30,-0.66,0.69,29.0,-16.535256130946774,0.0,0.0,0.0
1990-11-02 00:30:00+05:30,-1.69,0.69,32.7,-15.99822067923433,0.0,0.0,0.0
1990-11-02 01:30:00+05:30,-2.54,0.76,35.4,-15.797580953872616,0.0,0.0,0.0
1990-11-02 02:30:00+05:30,-3.4,0.76,38.3,-15.618198976943301,0.0,0.0,0.0
1990-11-02 03:30:00+05:30,-4.2,0.76,38.15,-16.38595221996301,0.0,0.0,0.0
1990-11-02 04:30:00+05:30,-4.95,0.83,41.3,-16.111093881536217,0.0,0.0,0.0
1990-11-02 05:30:00+05:30,-5.58,0.83,43.0,-16.19966045677849,0.0,0.0,0.0
1990-11-02 06:30:00+05:30,-6.18,0.9,42.85,-16.78906817449625,0.0,0.0,0.0
1990-11-02 07:30:00+05:30,-6.38,0.83,42.85,-16.97156590357801,240.25,1214.38,53.55
1990-11-02 08:30:00+05:30,-2.62,0.76,31.05,-17.438722089355288,446.75,1121.24,69.85
1990-11-02 09:30:00+05:30,0.95,0.62,22.65,-18.089626593466495,612.75,1097.97,79.2
1990-11-02 10:30:00+05:30,3.25,0.41,18.75,-18.386108203246778,719.75,1071.56,84.4
1990-11-02 11:30:00+05:30,4.62,0.76,20.6,-16.12045963347612,757.05,1032.64,86.05
1990-11-02 12:30:00+05:30,5.93,0.97,20.1,-15.319150934723028,725.5,985.48,82.3
1990-11-02 13:30:00+05:30,6.73,1.17,18.65,-15.558743706389237,622.95,910.15,75.6
1990-11-02 14:30:00+05:30,7.17,1.31,19.5,-14.652027582643095,434.3,666.69,101.35
1990-11-02 15:30:00+05:30,7.23,1.38,18.65,-15.144047161418671,191.7,279.76,92.75
1990-11-02 16:30:00+05:30,6.66,1.24,20.2,-14.648100438199293,48.25,122.87,26.85
1990-11-02 17:30:00+05:30,5.93,0.83,21.9,-14.275419663056427,0.0,0.0,0.0
1990-11-02 18:30:00+05:30,5.0,0.55,25.7,-13.101511926552297,0.0,0.0,0.0
1990-11-02 19:30:00+05:30,4.14,0.41,26.65,-13.394488937308349,0.0,0.0,0.0
1990-11-02 20:30:00+05:30,3.18,0.48,27.55,-13.816441879350554,0.0,0.0,0.0
1990-11-02 21:30:00+05:30,2.22,0.55,28.6,-14.192051075441599,0.0,0.0,0.0
1990-11-02 22:30:00+05:30,1.25,0.55,30.85,-14.113453969168571,0.0,0.0,0.0
1990-11-02 23:30:00+05:30,0.21,0.55,33.3,-14.095120192110144,0.0,0.0,0.0
1990-11-03 00:30:00+05:30,-0.98,0.55,40.7,-12.68881430684764,0.0,0.0,0.0
1990-11-03 01:30:00+05:30,-1.94,0.62,44.0,-12.59528482244318,0.0,0.0,0.0
1990-11-03 02:30:00+05:30,-2.88,0.62,45.65,-13.000020304831972,0.0,0.0,0.0
1990-11-03 03:30:00+05:30,-3.79,0.69,47.45,-13.35951323105252,0.0,0.0,0.0
1990-11-03 04:30:00+05:30,-4.66,0.69,49.25,-13.704907919761869,0.0,0.0,0.0
1990-11-03 05:30:00+05:30,-5.42,0.76,53.35,-13.427801050932331,0.0,0.0,0.0
1990-11-03 06:30:00+05:30,-6.29,0.83,53.25,-14.263211571647618,0.0,0.0,0.0
1990-11-03 07:30:00+05:30,-6.47,0.76,51.0,-14.957156108978374,236.15,1223.81,52.3
1990-11-03 08:30:00+05:30,-3.33,0.69,38.45,-15.507891102943026,444.05,1136.2,66.4
1990-11-03 09:30:00+05:30,-0.02,0.76,27.9,-16.4411999873731,607.9,1100.78,77.35
1990-11-03 10:30:00+05:30,2.24,0.76,22.05,-17.313499512232692,714.85,1072.31,83.45
1990-11-03 11:30:00+05:30,3.75,0.76,19.7,-17.383748366548986,753.3,1035.42,84.8
1990-11-03 12:30:00+05:30,4.83,0.76,19.0,-16.914070746531134,720.95,982.2,83.95
1990-11-03 13:30:00+05:30,5.71,0.69,17.5,-17.166279021443508,621.45,912.03,76.65
1990-11-03 14:30:00+05:30,6.23,0.83,14.9,-18.64556934417883,460.4,790.75,68.55
1990-11-03 15:30:00+05:30,6.33,1.03,14.25,-19.088351049546603,254.45,570.76,54.65
1990-11-03 16:30:00+05:30,5.96,0.97,14.75,-18.983130573514725,53.4,194.36,20.2
1990-11-03 17:30:00+05:30,5.25,0.41,15.3,-19.130261754706787,0.0,0.0,0.0
1990-11-03 18:30:00+05:30,4.5,0.34,16.5,-18.857420882918095,0.0,0.0,0.0
1990-11-03 19:30:00+05:30,3.51,0.41,18.75,-18.16978923710655,0.0,0.0,0.0
1990-11-03 20:30:00+05:30,2.37,0.48,21.1,-17.726884876635726,0.0,0.0,0.0
1990-11-03 21:30:00+05:30,1.17,0.55,24.7,-16.872012207586852,0.0,0.0,0.0
1990-11-03 22:30:00+05:30,0.04,0.62,26.7,-16.915382531298537,0.0,0.0,0.0
1990-11-03 23:30:00+05:30,-1.0,0.69,28.85,-16.894189479738483,0.0,0.0,0.0
1990-11-04 00:30:00+05:30,-1.95,0.69,32.55,-16.283570092144352,0.0,0.0,0.0
1990-11-04 01:30:00+05:30,-2.78,0.76,32.45,-17.054706338750808,0.0,0.0,0.0
1990-11-04 02:30:00+05:30,-3.62,0.76,35.1,-16.863818653726018,0.0,0.0,0.0
1990-11-04 03:30:00+05:30,-4.4,0.76,38.0,-16.613271516575384,0.0,0.0,0.0
1990-11-04 04:30:00+05:30,-5.18,0.83,39.55,-16.83875736443128,0.0,0.0,0.0
1990-11-04 05:30:00+05:30,-6.17,0.9,42.85,-16.779943650157076,0.0,0.0,0.0
1990-11-04 06:30:00+05:30,-7.04,0.9,44.65,-17.08419324516598,0.0,0.0,0.0
1990-11-04 07:30:00+05:30,-7.45,0.9,46.5,-16.976441753848395,220.85,1060.59,65.25
1990-11-04 08:30:00+05:30,-3.44,0.83,33.6,-17.22464444592653,434.6,1090.34,76.3
1990-11-04 09:30:00+05:30,0.6,0.69,23.5,-17.951999564070228,602.7,1092.54,80.45
1990-11-04 10:30:00+05:30,3.55,0.07,18.75,-18.13651295460114,709.85,1071.08,83.55
1990-11-04 11:30:00+05:30,5.16,0.41,19.0,-16.639443895201456,747.45,1033.05,84.75
1990-11-04 12:30:00+05:30,6.58,0.76,18.55,-15.748083697489681,714.4,979.53,83.15
1990-11-04 13:30:00+05:30,7.65,1.03,16.5,-16.27675417122931,613.3,903.08,77.45
1990-11-04 14:30:00+05:30,8.33,1.31,15.35,-16.589224683737104,450.95,776.33,69.2
1990-11-04 15:30:00+05:30,8.57,1.59,14.65,-16.95316753249975,247.2,557.15,54.15
1990-11-04 16:30:00+05:30,8.3,1.59,14.65,-17.17120790784153,50.4,185.63,19.3
1990-11-04 17:30:00+05:30,7.61,1.24,15.8,-16.82888059348005,0.0,0.0,0.0
1990-11-04 18:30:00+05:30,6.11,1.1,27.05,-11.508538667170756,0.0,0.0,0.0
1990-11-04 19:30:00+05:30,5.94,0.9,20.95,-14.807896351016359,0.0,0.0,0.0
1990-11-04 20:30:00+05:30,5.36,0.62,21.75,-14.84041098928098,0.0,0.0,0.0
1990-11-04 21:30:00+05:30,4.59,0.34,24.45,-14.066217313294773,0.0,0.0,0.0
1990-11-04 22:30:00+05:30,3.57,0.34,26.5,-13.955810290126609,0.0,0.0,0.0
1990-11-04 23:30:00+05:30,2.39,0.41,28.6,-14.044041537199107,0.0,0.0,0.0
1990-11-05 00:30:00+05:30,1.57,0.48,29.55,-14.35960369784849,0.0,0.0,0.0
1990-11-05 01:30:00+05:30,0.63,0.48,33.3,-13.723089098272538,0.0,0.0,0.0
1990-11-05 02:30:00+05:30,-0.21,0.55,34.6,-13.998875569826748,0.0,0.0,0.0
1990-11-05 03:30:00+05:30,-1.02,0.55,37.4,-13.768078152337166,0.0,0.0,0.0
1990-11-05 04:30:00+05:30,-1.74,0.62,40.55,-13.422680566870826,0.0,0.0,0.0
1990-11-05 05:30:00+05:30,-2.37,0.69,43.85,-13.03037157488732,0.0,0.0,0.0
1990-11-05 06:30:00+05:30,-2.63,0.69,45.75,-12.743541988411433,0.0,0.0,0.0
1990-11-05 07:30:00+05:30,-3.03,0.69,49.65,-12.095868977895371,217.85,1158.24,52.0
1990-11-05 08:30:00+05:30,-0.59,0.48,40.85,-12.289899448645222,414.2,1051.57,72.6
1990-11-05 09:30:00+05:30,2.04,0.21,36.7,-11.261026022311677,588.8,1079.39,77.1
1990-11-05 10:30:00+05:30,4.32,0.41,30.25,-11.665345272795733,695.65,1057.32,81.7
1990-11-05 11:30:00+05:30,5.77,0.48,29.45,-10.735491791072151,733.75,1019.93,83.65
1990-11-05 12:30:00+05:30,6.91,0.76,26.25,-11.19537584574135,701.2,967.23,81.8
1990-11-05 13:30:00+05:30,7.88,1.03,23.4,-11.805499723894242,600.3,888.06,76.85
1990-11-05 14:30:00+05:30,8.49,1.31,22.55,-11.750832912077225,440.3,762.09,68.4
1990-11-05 15:30:00+05:30,8.85,1.72,20.0,-12.94031295042518,225.3,471.41,63.6
1990-11-05 16:30:00+05:30,8.66,1.59,19.85,-13.191827416138489,46.95,172.2,18.65
1990-11-05 17:30:00+05:30,8.04,0.69,21.5,-12.723771697175382,0.0,0.0,0.0
1990-11-05 18:30:00+05:30,7.24,0.55,22.3,-12.946193013261837,0.0,0.0,0.0
1990-11-05 19:30:00+05:30,6.32,0.41,25.0,-12.311457967210318,0.0,0.0,0.0
1990-11-05 20:30:00+05:30,5.39,0.34,28.1,-11.655157391459845,0.0,0.0,0.0
1990-11-05 21:30:00+05:30,4.32,0.41,31.55,-11.137942185542414,0.0,0.0,0.0
1990-11-05 22:30:00+05:30,3.34,0.55,32.75,-11.533116652064118,0.0,0.0,0.0
1990-11-05 23:30:00+05:30,2.34,0.62,35.35,-11.463176277708287,0.0,0.0,0.0
1990-11-06 00:30:00+05:30,1.46,0.62,38.1,-11.311200829696856,0.0,0.0,0.0
1990-11-06 01:30:00+05:30,0.77,0.62,41.3,-10.920474276477595,0.0,0.0,0.0
1990-11-06 02:30:00+05:30,0.05,0.62,44.6,-10.607092965919591,0.0,0.0,0.0
1990-11-06 03:30:00+05:30,-0.7,0.69,46.35,-10.809020300241286,0.0,0.0,0.0
1990-11-06 04:30:00+05:30,-1.39,0.69,50.1,-10.4638238203903,0.0,0.0,0.0
1990-11-06 05:30:00+05:30,-2.17,0.69,54.3,-10.171114117941315,0.0,0.0,0.0
1990-11-06 06:30:00+05:30,-3.24,0.76,56.35,-10.705030084783212,0.0,0.0,0.0
1990-11-06 07:30:00+05:30,-3.9,0.76,60.95,-10.336219726473212,213.4,1107.61,58.7
1990-11-06 08:30:00+05:30,-0.94,0.69,48.15,-10.549355607315592,417.1,1069.65,73.65
1990-11-06 09:30:00+05:30,2.55,0.55,40.05,-9.699150670088136,584.35,1080.04,76.6
1990-11-06 10:30:00+05:30,4.77,0.41,34.45,-9.62866831393785,690.1,1054.67,81.95
1990-11-06 11:30:00+05:30,6.13,0.62,33.35,-8.838988907205403,728.3,1017.16,84.1
1990-11-06 12:30:00+05:30,7.08,0.83,30.95,-8.959722621424065,694.45,954.7,86.9
1990-11-06 13:30:00+05:30,8.12,1.45,25.4,-10.570925954571816,587.75,855.34,86.9
1990-11-06 14:30:00+05:30,8.96,1.86,19.15,-13.384842321877208,403.0,609.29,107.9
1990-11-06 15:30:00+05:30,9.17,1.86,16.85,-14.77849441555462,192.1,316.69,84.55
1990-11-06 16:30:00+05:30,8.64,1.31,17.45,-14.787696170666605,45.45,169.01,18.2
1990-11-06 17:30:00+05:30,7.9,0.76,18.9,-14.42612812459842,0.0,0.0,0.0
1990-11-06 18:30:00+05:30,7.11,0.55,20.35,-14.181175951891827,0.0,0.0,0.0
1990-11-06 19:30:00+05:30,6.26,0.34,22.0,-13.940978410051745,0.0,0.0,0.0
1990-11-06 20:30:00+05:30,5.38,0.28,24.75,-13.24055343513769,0.0,0.0,0.0
1990-11-06 21:30:00+05:30,4.54,0.28,27.8,-12.52603759648225,0.0,0.0,0.0
1990-11-06 22:30:00+05:30,2.88,0.41,31.25,-12.522763319128074,0.0,0.0,0.0
1990-11-06 23:30:00+05:30,1.12,0.55,37.95,-11.665984722057864,0.0,0.0,0.0
1990-11-07 00:30:00+05:30,0.99,0.48,36.4,-12.302527315091053,0.0,0.0,0.0
1990-11-07 01:30:00+05:30,-0.51,0.69,42.6,-11.694170775418373,0.0,0.0,0.0
1990-11-07 02:30:00+05:30,-1.42,0.76,48.05,-11.0182024594826,0.0,0.0,0.0
1990-11-07 03:30:00+05:30,-2.34,0.83,52.05,-10.864141674569336,0.0,0.0,0.0
1990-11-07 04:30:00+05:30,-3.14,0.9,56.35,-10.611158428459468,0.0,0.0,0.0
1990-11-07 05:30:00+05:30,-4.15,0.9,63.55,-10.044414479471346,0.0,0.0,0.0
1990-11-07 06:30:00+05:30,-4.82,0.97,66.15,-10.174991407908767,0.0,0.0,0.0
1990-11-07 07:30:00+05:30,-5.44,0.97,71.65,-9.756528374050419,186.85,928.38,60.45
1990-11-07 08:30:00+05:30,-3.92,1.03,63.55,-9.825626062176436,402.85,1029.68,76.1
1990-11-07 09:30:00+05:30,-0.33,0.97,48.45,-9.908027074762247,572.55,1052.56,81.85
1990-11-07 10:30:00+05:30,2.28,0.76,41.7,-9.429357168306014,680.1,1037.11,86.25
1990-11-07 11:30:00+05:30,4.03,0.83,37.25,-9.292180976653897,713.65,985.07,93.75
1990-11-07 12:30:00+05:30,5.16,1.45,34.45,-9.282690356279817,657.25,864.23,110.7
1990-11-07 13:30:00+05:30,6.2,1.66,25.95,-11.949878406403819,551.1,747.67,116.15
1990-11-07 14:30:00+05:30,6.74,1.72,20.35,-14.490929657546788,380.45,569.75,106.55
1990-11-07 15:30:00+05:30,6.89,1.59,17.1,-16.47131315857112,188.15,351.35,70.0
1990-11-07 16:30:00+05:30,6.58,1.38,17.0,-16.79626845716696,36.45,95.44,21.35
1990-11-07 17:30:00+05:30,5.8,0.83,19.25,-15.949647426034916,0.0,0.0,0.0
1990-11-07 18:30:00+05:30,4.97,0.48,30.4,-11.034533687377161,0.0,0.0,0.0
1990-11-07 19:30:00+05:30,4.48,0.28,25.55,-13.62046997110778,0.0,0.0,0.0
1990-11-07 20:30:00+05:30,3.81,0.21,24.45,-14.733308906557841,0.0,0.0,0.0
1990-11-07 21:30:00+05:30,3.12,0.28,27.55,-13.86844762349114,0.0,0.0,0.0
1990-11-07 22:30:00+05:30,1.77,0.48,31.0,-13.597210044493764,0.0,0.0,0.0
1990-11-07 23:30:00+05:30,0.1,0.62,37.7,-12.664158275660295,0.0,0.0,0.0
1990-11-08 00:30:00+05:30,0.36,0.48,34.75,-13.438559062558582,0.0,0.0,0.0
1990-11-08 01:30:00+05:30,-1.03,0.62,40.7,-12.734096116387198,0.0,0.0,0.0
1990-11-08 02:30:00+05:30,-2.41,0.69,47.75,-12.00940124069715,0.0,0.0,0.0
1990-11-08 03:30:00+05:30,-3.56,0.76,53.9,-11.563163682976048,0.0,0.0,0.0
1990-11-08 04:30:00+05:30,-4.27,0.76,58.5,-11.202860940949408,0.0,0.0,0.0
1990-11-08 05:30:00+05:30,-5.03,0.83,63.35,-10.921293383056268,0.0,0.0,0.0
1990-11-08 06:30:00+05:30,-5.47,0.83,68.75,-10.30938425959366,0.0,0.0,0.0
1990-11-08 07:30:00+05:30,-5.61,0.76,68.75,-10.44374214722094,193.5,1017.46,58.55
1990-11-08 08:30:00+05:30,-3.43,0.62,58.6,-10.389404738263357,330.1,761.84,91.2
1990-11-08 09:30:00+05:30,-0.81,0.21,48.3,-10.39014900592792,547.35,937.08,114.15
1990-11-08 10:30:00+05:30,1.91,0.69,39.9,-10.32447617683061,643.6,881.72,142.25
1990-11-08 11:30:00+05:30,3.57,1.03,32.75,-11.330050094488692,666.95,839.36,142.1
1990-11-08 12:30:00+05:30,4.54,1.52,32.9,-10.416139447553537,595.75,658.24,182.05
1990-11-08 13:30:00+05:30,5.23,1.45,30.55,-10.744985187514255,488.75,600.1,141.9
1990-11-08 14:30:00+05:30,5.56,1.59,30.55,-10.456098616813838,334.95,516.44,88.5
1990-11-08 15:30:00+05:30,5.43,1.45,29.3,-11.096109632075013,191.2,325.49,82.8
1990-11-08 16:30:00+05:30,4.95,1.31,29.15,-11.578707193890123,34.05,95.63,19.2
1990-11-08 17:30:00+05:30,3.51,0.97,35.6,-10.332228866471173,0.0,0.0,0.0
1990-11-08 18:30:00+05:30,2.58,1.03,40.05,-9.67206786471801,0.0,0.0,0.0
1990-11-08 19:30:00+05:30,1.9,0.76,43.3,-9.294418332271047,0.0,0.0,0.0
1990-11-08 20:30:00+05:30,1.16,0.41,46.75,-8.99155200792166,0.0,0.0,0.0
1990-11-08 21:30:00+05:30,0.43,0.28,48.6,-9.167405112627272,0.0,0.0,0.0
1990-11-08 22:30:00+05:30,-0.21,0.34,50.5,-9.269474524572171,0.0,0.0,0.0
1990-11-08 23:30:00+05:30,-0.94,0.41,54.55,-8.962861842133643,0.0,0.0,0.0
1990-11-09 00:30:00+05:30,-1.49,0.34,61.55,-7.928350965646765,0.0,0.0,0.0
1990-11-09 01:30:00+05:30,-2.11,0.34,64.0,-8.013206641508733,0.0,0.0,0.0
1990-11-09 02:30:00+05:30,-2.73,0.28,66.6,-8.090870347255775,0.0,0.0,0.0
1990-11-09 03:30:00+05:30,-3.45,0.34,75.05,-7.237806517294108,0.0,0.0,0.0
1990-11-09 04:30:00+05:30,-4.26,0.41,78.05,-7.515647996165595,0.0,0.0,0.0
1990-11-09 05:30:00+05:30,-4.88,0.34,78.0,-8.127144420915325,0.0,0.0,0.0
1990-11-09 06:30:00+05:30,-5.23,0.34,77.9,-8.4841637805153,0.0,0.0,0.0
1990-11-09 07:30:00+05:30,-5.19,0.34,74.8,-8.966149581074855,157.25,721.41,64.1
1990-11-09 08:30:00+05:30,-3.99,0.21,69.05,-8.833448007590938,349.65,767.15,111.95
1990-11-09 09:30:00+05:30,-2.15,0.76,58.95,-9.10674150199531,476.9,812.51,104.45
1990-11-09 10:30:00+05:30,-0.42,1.17,50.35,-9.502014237514386,621.2,896.06,115.25
1990-11-09 11:30:00+05:30,0.81,1.31,41.3,-10.8842173282499,656.8,815.26,150.25
1990-11-09 12:30:00+05:30,1.57,1.45,38.1,-11.212390934385182,616.05,721.54,165.35
1990-11-09 13:30:00+05:30,2.63,1.52,28.6,-13.835110251781337,530.75,689.54,134.75
1990-11-09 14:30:00+05:30,3.34,1.45,24.35,-15.185143663379094,340.4,433.87,134.85
1990-11-09 15:30:00+05:30,3.44,1.17,22.3,-16.16205442723542,131.85,118.68,92.7
1990-11-09 16:30:00+05:30,3.14,1.17,23.15,-15.966579970808807,31.25,62.32,21.75
1990-11-09 17:30:00+05:30,2.49,0.9,26.25,-15.00329789214886,0.0,0.0,0.0
1990-11-09 18:30:00+05:30,1.51,0.76,41.45,-10.203910058497742,0.0,0.0,0.0
1990-11-09 19:30:00+05:30,0.93,0.48,33.45,-13.402047327203219,0.0,0.0,0.0
1990-11-09 20:30:00+05:30,0.16,0.41,37.7,-12.610291311239088,0.0,0.0,0.0
1990-11-09 21:30:00+05:30,-0.67,0.41,39.15,-12.88953323648823,0.0,0.0,0.0
1990-11-09 22:30:00+05:30,-1.52,0.48,44.15,-12.169238189355092,0.0,0.0,0.0
1990-11-09 23:30:00+05:30,-2.49,0.55,47.75,-12.083148723768472,0.0,0.0,0.0
1990-11-10 00:30:00+05:30,-3.58,0.69,51.65,-12.114250704840718,0.0,0.0,0.0
1990-11-10 01:30:00+05:30,-4.39,0.69,58.35,-11.348196846309776,0.0,0.0,0.0
1990-11-10 02:30:00+05:30,-5.39,0.76,63.25,-11.283533993531835,0.0,0.0,0.0
1990-11-10 03:30:00+05:30,-6.25,0.83,65.8,-11.608023795959745,0.0,0.0,0.0
1990-11-10 04:30:00+05:30,-7.16,0.9,68.55,-11.967834898095415,0.0,0.0,0.0
1990-11-10 05:30:00+05:30,-7.71,0.9,71.4,-11.988802189196168,0.0,0.0,0.0
1990-11-10 06:30:00+05:30,-8.19,0.97,77.55,-11.420673008260874,0.0,0.0,0.0
1990-11-10 07:30:00+05:30,-8.98,1.03,80.7,-11.692395348798303,180.1,917.08,64.9
1990-11-10 08:30:00+05:30,-7.02,1.03,71.5,-11.306136832021046,368.65,894.58,94.8
1990-11-10 09:30:00+05:30,-3.26,0.97,54.0,-11.259626214033108,524.9,829.0,148.1
1990-11-10 10:30:00+05:30,-0.42,0.62,44.45,-11.079187480305505,664.25,1004.99,100.75
1990-11-10 11:30:00+05:30,1.41,0.41,36.55,-11.87573426345762,711.7,1006.2,90.45
1990-11-10 12:30:00+05:30,2.82,0.48,31.25,-12.575485803400134,672.55,952.77,81.05
1990-11-10 13:30:00+05:30,3.95,0.97,25.55,-14.075883737578405,576.2,854.43,88.6
1990-11-10 14:30:00+05:30,4.76,1.24,22.6,-14.881685239317413,337.75,542.75,82.45
1990-11-10 15:30:00+05:30,4.99,1.03,20.7,-15.751431377839596,196.55,368.74,76.05
1990-11-10 16:30:00+05:30,4.98,1.03,19.0,-16.789232412943765,28.95,57.79,20.3
1990-11-10 17:30:00+05:30,4.52,0.55,19.7,-16.740111720154992,0.0,0.0,0.0
1990-11-10 18:30:00+05:30,3.62,0.55,31.4,-11.812860117659941,0.0,0.0,0.0
1990-11-10 19:30:00+05:30,2.99,0.48,25.25,-15.044661715143455,0.0,0.0,0.0
1990-11-10 20:30:00+05:30,2.3,0.41,24.05,-16.224040096565417,0.0,0.0,0.0
1990-11-10 21:30:00+05:30,1.51,0.41,27.1,-15.464010760647962,0.0,0.0,0.0
1990-11-10 22:30:00+05:30,0.81,0.41,29.4,-15.085796875907237,0.0,0.0,0.0
1990-11-10 23:30:00+05:30,0.1,0.41,33.15,-14.24778873738998,0.0,0.0,0.0
1990-11-11 00:30:00+05:30,-0.62,0.41,34.45,-14.416745271344366,0.0,0.0,0.0
1990-11-11 01:30:00+05:30,-1.16,0.48,37.4,-13.893726403553114,0.0,0.0,0.0
1990-11-11 02:30:00+05:30,-1.79,0.48,38.9,-13.978263877432076,0.0,0.0,0.0
1990-11-11 03:30:00+05:30,-2.43,0.48,43.85,-13.085176241091425,0.0,0.0,0.0
1990-11-11 04:30:00+05:30,-3.46,0.55,47.45,-13.055392237677545,0.0,0.0,0.0
1990-11-11 05:30:00+05:30,-4.71,0.62,53.65,-12.695418478535338,0.0,0.0,0.0
1990-11-11 06:30:00+05:30,-5.24,0.69,58.2,-12.181503228979475,0.0,0.0,0.0
1990-11-11 07:30:00+05:30,-5.39,0.76,60.6,-11.819303812985996,160.65,645.27,81.85
1990-11-11 08:30:00+05:30,-3.57,0.69,51.65,-12.104950578654375,317.8,662.84,117.35
1990-11-11 09:30:00+05:30,-0.59,0.48,40.85,-12.289899448645222,496.35,784.94,142.6
1990-11-11 10:30:00+05:30,1.44,0.28,36.55,-11.848905787127938,614.9,919.64,102.85
1990-11-11 11:30:00+05:30,2.67,0.62,33.9,-11.694104358943866,689.3,942.95,110.75
1990-11-11 12:30:00+05:30,4.04,1.38,26.65,-13.48081127219372,634.85,797.24,142.9
1990-11-11 13:30:00+05:30,4.85,1.72,23.6,-14.277304928911335,469.4,573.17,144.35
1990-11-11 14:30:00+05:30,5.21,1.79,22.6,-14.500229481893287,242.75,217.63,141.1
1990-11-11 15:30:00+05:30,5.22,1.59,19.95,-16.00354112181098,163.95,184.68,104.15
1990-11-11 16:30:00+05:30,5.05,1.45,19.85,-16.2061510736293,30.05,60.19,21.2
1990-11-11 17:30:00+05:30,4.26,1.03,21.5,-15.90857251195452,0.0,0.0,0.0
1990-11-11 18:30:00+05:30,2.68,0.97,40.05,-9.58179422862156,0.0,0.0,0.0
1990-11-11 19:30:00+05:30,2.4,0.83,31.15,-12.98422177165135,0.0,0.0,0.0
1990-11-11 20:30:00+05:30,1.55,0.76,33.6,-12.797416815934527,0.0,0.0,0.0
1990-11-11 21:30:00+05:30,0.73,0.62,36.4,-12.53499616026456,0.0,0.0,0.0
1990-11-11 22:30:00+05:30,-0.08,0.55,41.0,-11.782184456780847,0.0,0.0,0.0
1990-11-11 23:30:00+05:30,-0.86,0.55,46.2,-10.99673702588145,0.0,0.0,0.0
1990-11-12 00:30:00+05:30,-1.86,0.55,49.95,-10.936973696377896,0.0,0.0,0.0
1990-11-12 01:30:00+05:30,-2.61,0.62,51.95,-11.139534042152455,0.0,0.0,0.0
1990-11-12 02:30:00+05:30,-2.99,0.62,56.35,-10.470355510596702,0.0,0.0,0.0
1990-11-12 03:30:00+05:30,-3.64,0.69,58.6,-10.587392101815043,0.0,0.0,0.0
1990-11-12 04:30:00+05:30,-4.99,0.62,66.05,-10.35657488609647,0.0,0.0,0.0
1990-11-12 05:30:00+05:30,-5.67,0.69,68.75,-10.501325085881994,0.0,0.0,0.0
1990-11-12 06:30:00+05:30,-5.95,0.69,71.55,-10.265870578029096,0.0,0.0,0.0
1990-11-12 07:30:00+05:30,-6.38,0.62,71.55,-10.68037690634151,185.4,1075.17,57.85
1990-11-12 08:30:00+05:30,-4.09,0.48,63.55,-9.987338238684117,374.4,950.73,90.4
1990-11-12 09:30:00+05:30,-1.11,0.34,48.15,-10.706136907048133,539.55,958.72,111.15
1990-11-12 10:30:00+05:30,0.99,0.62,39.6,-11.249813730966384,662.65,1025.27,95.75
1990-11-12 11:30:00+05:30,2.45,0.76,31.15,-12.940291994990588,669.6,838.9,158.1
1990-11-12 12:30:00+05:30,3.53,0.9,23.3,-15.556742199241663,618.65,714.41,180.45
1990-11-12 13:30:00+05:30,4.27,1.1,18.85,-17.474497534389855,518.9,676.69,137.5
1990-11-12 14:30:00+05:30,5.08,2.14,15.2,-19.34521329660172,374.6,586.81,102.4
1990-11-12 15:30:00+05:30,5.16,2.21,13.3,-20.831185876338466,197.25,395.93,70.2
1990-11-12 16:30:00+05:30,4.71,1.79,12.05,-22.32097763405716,34.85,135.68,15.25
1990-11-12 17:30:00+05:30,4.02,1.17,12.6,-22.36224640594578,0.0,0.0,0.0
1990-11-12 18:30:00+05:30,2.88,1.03,18.6,-18.788415427821967,0.0,0.0,0.0
1990-11-12 19:30:00+05:30,2.8,0.9,12.4,-23.516467678386654,0.0,0.0,0.0
1990-11-12 20:30:00+05:30,2.42,0.69,12.3,-23.91040742032787,0.0,0.0,0.0
1990-11-12 21:30:00+05:30,1.79,0.34,13.35,-23.494141154945016,0.0,0.0,0.0
1990-11-12 22:30:00+05:30,1.0,0.07,14.4,-23.278770246194675,0.0,0.0,0.0
1990-11-12 23:30:00+05:30,0.02,0.14,16.3,-22.67681874827408,0.0,0.0,0.0
1990-11-13 00:30:00+05:30,-0.88,0.28,18.45,-22.011867516309046,0.0,0.0,0.0
1990-11-13 01:30:00+05:30,-1.78,0.34,20.05,-21.815191926675126,0.0,0.0,0.0
1990-11-13 02:30:00+05:30,-2.81,0.41,22.7,-21.26439358378168,0.0,0.0,0.0
1990-11-13 03:30:00+05:30,-3.91,0.48,26.75,-20.315924342265852,0.0,0.0,0.0
1990-11-13 04:30:00+05:30,-4.78,0.55,29.1,-20.0974442298349,0.0,0.0,0.0
1990-11-13 05:30:00+05:30,-5.36,0.55,31.7,-19.611818398953414,0.0,0.0,0.0
1990-11-13 06:30:00+05:30,-5.72,0.62,33.0,-19.461642964846757,0.0,0.0,0.0
1990-11-13 07:30:00+05:30,-6.43,0.62,35.9,-19.109585088707085,175.3,970.84,63.5
1990-11-13 08:30:00+05:30,-3.93,0.55,30.6,-18.76431912811165,333.6,651.77,141.3
1990-11-13 09:30:00+05:30,-1.29,0.21,26.4,-18.200328697341263,468.45,589.44,207.3
1990-11-13 10:30:00+05:30,1.01,0.62,24.7,-17.00925800742757,531.65,483.43,266.2
1990-11-13 11:30:00+05:30,2.25,1.1,24.05,-16.26677771379408,574.1,542.13,245.6
1990-11-13 12:30:00+05:30,3.27,2.0,21.35,-16.82772188555755,530.1,471.51,242.6
1990-11-13 13:30:00+05:30,3.74,2.07,20.6,-16.85950233101474,400.6,326.49,217.7
1990-11-13 14:30:00+05:30,3.92,2.0,20.6,-16.70829873920992,236.1,140.54,171.35
1990-11-13 15:30:00+05:30,3.85,1.79,19.7,-17.30013977167234,126.65,63.19,106.55
1990-11-13 16:30:00+05:30,3.45,1.45,20.45,-17.190262770101764,23.1,45.43,16.65
1990-11-13 17:30:00+05:30,2.9,0.83,23.15,-16.17079838132646,0.0,0.0,0.0
1990-11-13 18:30:00+05:30,2.11,0.69,41.55,-9.629396743028302,0.0,0.0,0.0
1990-11-13 19:30:00+05:30,1.54,0.76,33.6,-12.80627842613023,0.0,0.0,0.0
1990-11-13 20:30:00+05:30,1.25,0.69,32.2,-13.587909133320624,0.0,0.0,0.0
1990-11-13 21:30:00+05:30,0.71,0.62,34.9,-13.073931905351305,0.0,0.0,0.0
1990-11-13 22:30:00+05:30,0.07,0.62,39.3,-12.174745845832947,0.0,0.0,0.0
1990-11-13 23:30:00+05:30,-0.66,0.69,40.85,-12.353309489782825,0.0,0.0,0.0
1990-11-14 00:30:00+05:30,-1.64,0.69,42.35,-12.795520407925787,0.0,0.0,0.0
1990-11-14 01:30:00+05:30,-2.32,0.69,45.9,-12.418420728284387,0.0,0.0,0.0
1990-11-14 02:30:00+05:30,-3.05,0.76,49.65,-12.114387141181899,0.0,0.0,0.0
1990-11-14 03:30:00+05:30,-3.81,0.76,51.65,-12.328161242883304,0.0,0.0,0.0
1990-11-14 04:30:00+05:30,-4.59,0.83,55.95,-12.06135302278825,0.0,0.0,0.0
1990-11-14 05:30:00+05:30,-5.34,0.9,58.2,-12.275753397846687,0.0,0.0,0.0
1990-11-14 06:30:00+05:30,-5.98,0.9,63.1,-11.874320922669309,0.0,0.0,0.0
1990-11-14 07:30:00+05:30,-6.32,0.9,63.1,-12.197640510362776,179.55,1183.56,47.35
1990-11-14 08:30:00+05:30,-4.1,0.83,53.75,-12.102448488622109,375.05,1014.97,79.3
1990-11-14 09:30:00+05:30,-1.33,0.76,40.7,-13.005805964862132,525.95,899.08,131.0
1990-11-14 10:30:00+05:30,1.7,0.34,27.25,-15.23257430266579,638.0,940.58,125.1
1990-11-14 11:30:00+05:30,3.26,1.79,16.4,-19.945704555584943,564.25,530.53,244.75
1990-11-14 12:30:00+05:30,4.33,2.34,15.1,-20.03175615333322,528.35,479.49,237.7
1990-11-14 13:30:00+05:30,4.89,2.9,13.3,-21.047639545902403,357.8,256.98,214.7
1990-11-14 14:30:00+05:30,4.55,2.55,13.8,-20.895655497399783,269.65,263.29,149.15
1990-11-14 15:30:00+05:30,4.32,2.34,14.45,-20.549868707312257,149.55,185.51,91.05
1990-11-14 16:30:00+05:30,3.68,1.59,15.65,-20.145759730725583,26.5,78.44,15.55
1990-11-14 17:30:00+05:30,2.99,1.03,17.0,-19.749533951306493,0.0,0.0,0.0
1990-11-14 18:30:00+05:30,1.95,0.97,28.45,-14.4913367341163,0.0,0.0,0.0
1990-11-14 19:30:00+05:30,1.99,0.9,20.05,-18.6492597992802,0.0,0.0,0.0
1990-11-14 20:30:00+05:30,1.52,0.76,19.95,-19.1020940619152,0.0,0.0,0.0
1990-11-14 21:30:00+05:30,1.03,0.55,21.65,-18.55445326786223,0.0,0.0,0.0
1990-11-14 22:30:00+05:30,0.6,0.34,23.5,-17.951999564070228,0.0,0.0,0.0
1990-11-14 23:30:00+05:30,0.23,0.28,24.6,-17.726642185521055,0.0,0.0,0.0
1990-11-15 00:30:00+05:30,-0.26,0.48,25.55,-17.698485492843798,0.0,0.0,0.0
1990-11-15 01:30:00+05:30,-0.63,0.48,26.55,-17.562244281425457,0.0,0.0,0.0
1990-11-15 02:30:00+05:30,-1.03,0.41,27.6,-17.448204815052943,0.0,0.0,0.0
1990-11-15 03:30:00+05:30,-1.61,0.41,27.45,-18.01676495715865,0.0,0.0,0.0
1990-11-15 04:30:00+05:30,-2.19,0.34,28.55,-18.057085328991032,0.0,0.0,0.0
1990-11-15 05:30:00+05:30,-2.83,0.34,29.7,-18.15006321570979,0.0,0.0,0.0
1990-11-15 06:30:00+05:30,-3.34,0.48,32.3,-17.605248176793026,0.0,0.0,0.0
1990-11-15 07:30:00+05:30,-3.84,0.48,33.6,-17.579991475676152,144.1,597.68,79.4
1990-11-15 08:30:00+05:30,-2.7,0.28,31.05,-17.5091686494962,311.75,559.15,150.85
1990-11-15 09:30:00+05:30,-1.83,1.24,28.7,-17.68081976233501,414.15,550.23,174.5
1990-11-15 10:30:00+05:30,-0.39,1.45,26.55,-17.354605203650994,525.8,532.26,237.55
1990-11-15 11:30:00+05:30,0.71,1.93,21.65,-18.82520324998509,564.5,495.03,268.2
1990-11-15 12:30:00+05:30,1.58,1.86,20.85,-18.533437665603167,511.6,431.01,251.85
1990-11-15 13:30:00+05:30,2.14,1.93,20.95,-18.00521444191175,352.25,215.68,232.85
1990-11-15 14:30:00+05:30,2.16,1.93,21.9,-17.462428069835195,246.8,173.08,168.1
1990-11-15 15:30:00+05:30,2.06,2.0,21.9,-17.54707080947168,123.3,100.25,91.95
1990-11-15 16:30:00+05:30,1.59,1.72,23.8,-16.95587711300605,20.65,29.86,16.55
1990-11-15 17:30:00+05:30,1.05,1.03,25.8,-16.4535733118689,0.0,0.0,0.0
1990-11-15 18:30:00+05:30,0.36,0.62,41.15,-11.337781348428443,0.0,0.0,0.0
1990-11-15 19:30:00+05:30,0.29,0.28,28.05,-16.107202075045176,0.0,0.0,0.0
1990-11-15 20:30:00+05:30,0.0,0.28,30.4,-15.389606141835488,0.0,0.0,0.0
1990-11-15 21:30:00+05:30,-0.34,0.48,33.0,-14.692703787450737,0.0,0.0,0.0
1990-11-15 22:30:00+05:30,-0.7,0.62,34.45,-14.487902552024371,0.0,0.0,0.0
1990-11-15 23:30:00+05:30,-0.96,0.69,37.4,-13.71423124420564,0.0,0.0,0.0
1990-11-16 00:30:00+05:30,-1.56,0.41,32.7,-15.883176516280644,0.0,0.0,0.0
1990-11-16 01:30:00+05:30,-1.88,0.34,34.0,-15.69664556198593,0.0,0.0,0.0
1990-11-16 02:30:00+05:30,-2.37,0.14,35.4,-15.645806909483984,0.0,0.0,0.0
1990-11-16 03:30:00+05:30,-3.04,0.21,38.45,-15.246614864814756,0.0,0.0,0.0
1990-11-16 04:30:00+05:30,-3.75,0.34,40.0,-15.40897779793289,0.0,0.0,0.0
1990-11-16 05:30:00+05:30,-4.34,0.34,41.6,-15.46946523278616,0.0,0.0,0.0
1990-11-16 06:30:00+05:30,-4.8,0.34,45.2,-14.882792457821186,0.0,0.0,0.0
1990-11-16 07:30:00+05:30,-5.07,0.28,47.05,-14.642660183132444,126.8,375.38,87.45
1990-11-16 08:30:00+05:30,-3.5,0.28,43.6,-14.13273608567371,300.05,511.88,154.6
1990-11-16 09:30:00+05:30,-2.33,0.97,40.4,-14.002437967385514,448.5,640.16,172.05
1990-11-16 10:30:00+05:30,-1.58,1.38,37.25,-14.319838540113409,506.7,525.33,224.15
1990-11-16 11:30:00+05:30,-0.55,1.59,30.25,-15.93186281676359,591.15,685.62,183.25
1990-11-16 12:30:00+05:30,0.88,2.34,20.7,-19.20776753472136,539.1,546.21,211.8
1990-11-16 13:30:00+05:30,1.39,2.55,18.25,-20.24863787988228,465.7,444.77,220.9
1990-11-16 14:30:00+05:30,1.61,2.41,17.45,-20.585273313382505,303.7,306.32,165.3
1990-11-16 15:30:00+05:30,1.54,2.41,15.9,-21.712772001966634,159.95,252.61,81.6
1990-11-16 16:30:00+05:30,0.97,2.0,17.3,-21.213859197188775,20.15,18.5,17.65
1990-11-16 17:30:00+05:30,0.36,1.24,18.8,-20.76254615500276,0.0,0.0,0.0
1990-11-16 18:30:00+05:30,-0.32,0.9,30.4,-15.670399470038213,0.0,0.0,0.0
1990-11-16 19:30:00+05:30,-0.44,0.62,22.25,-19.47997026297603,0.0,0.0,0.0
1990-11-16 20:30:00+05:30,-0.73,0.41,22.25,-19.726273334295726,0.0,0.0,0.0
1990-11-16 21:30:00+05:30,-1.08,0.21,23.1,-19.587151879021686,0.0,0.0,0.0
1990-11-16 22:30:00+05:30,-1.56,0.0,25.15,-19.0040957395046,0.0,0.0,0.0
1990-11-16 23:30:00+05:30,-2.27,0.14,27.3,-18.6547109308724,0.0,0.0,0.0
1990-11-17 00:30:00+05:30,-4.07,0.34,32.0,-18.36118288624214,0.0,0.0,0.0
1990-11-17 01:30:00+05:30,-4.58,0.41,33.3,-18.343393190337164,0.0,0.0,0.0
1990-11-17 02:30:00+05:30,-4.96,0.34,36.2,-17.69462644835328,0.0,0.0,0.0
1990-11-17 03:30:00+05:30,-5.55,0.41,44.9,-15.65122828169144,0.0,0.0,0.0
1990-11-17 04:30:00+05:30,-6.0,0.41,51.0,-14.520294631198,0.0,0.0,0.0
1990-11-17 05:30:00+05:30,-6.43,0.55,51.0,-14.919973985923255,0.0,0.0,0.0
1990-11-17 06:30:00+05:30,-7.28,0.55,53.1,-15.222010433063565,0.0,0.0,0.0
1990-11-17 07:30:00+05:30,-7.77,0.55,52.95,-15.713751216559892,135.85,620.19,72.95
1990-11-17 08:30:00+05:30,-5.94,0.48,51.0,-14.464529559907433,290.45,536.94,139.8
1990-11-17 09:30:00+05:30,-4.06,0.07,49.4,-13.112064053257019,443.8,661.05,160.75
1990-11-17 10:30:00+05:30,-2.63,1.17,42.05,-13.783651067102614,543.2,678.22,180.9
1990-11-17 11:30:00+05:30,-1.38,1.24,35.7,-14.659406713935786,588.55,645.35,206.9
1990-11-17 12:30:00+05:30,-0.31,1.1,29.1,-16.188242482875136,429.05,323.49,236.3
1990-11-17 13:30:00+05:30,-0.02,1.31,26.7,-16.967307636499093,404.35,392.12,189.75
1990-11-17 14:30:00+05:30,0.31,1.66,23.5,-18.199552646950053,268.1,227.39,166.0
1990-11-17 15:30:00+05:30,0.39,1.59,20.6,-19.67693085924995,130.45,148.52,84.75
1990-11-17 16:30:00+05:30,0.01,0.97,22.35,-19.045319651805457,22.8,45.48,16.75
1990-11-17 17:30:00+05:30,-0.55,0.9,25.4,-18.018025242754717,0.0,0.0,0.0
1990-11-17 18:30:00+05:30,-1.48,0.76,37.25,-14.230111147902427,0.0,0.0,0.0
1990-11-17 19:30:00+05:30,-1.83,0.69,32.7,-16.122122604847544,0.0,0.0,0.0
1990-11-17 20:30:00+05:30,-2.5,0.69,36.95,-15.243578258835852,0.0,0.0,0.0
1990-11-17 21:30:00+05:30,-3.22,0.69,40.15,-14.88389497776743,0.0,0.0,0.0
1990-11-17 22:30:00+05:30,-4.02,0.69,43.45,-14.649659033745086,0.0,0.0,0.0
1990-11-17 23:30:00+05:30,-4.73,0.69,47.2,-14.290571827470405,0.0,0.0,0.0
1990-11-18 00:30:00+05:30,-6.05,0.62,51.0,-14.56676629857178,0.0,0.0,0.0
1990-11-18 01:30:00+05:30,-6.5,0.69,53.25,-14.459315560708909,0.0,0.0,0.0
1990-11-18 02:30:00+05:30,-6.97,0.62,55.45,-14.404961399832535,0.0,0.0,0.0
1990-11-18 03:30:00+05:30,-7.15,0.62,55.45,-14.573809613609264,0.0,0.0,0.0
1990-11-18 04:30:00+05:30,-7.16,0.62,55.45,-14.58319030755479,0.0,0.0,0.0
1990-11-18 05:30:00+05:30,-7.39,0.69,55.45,-14.798953172308158,0.0,0.0,0.0
1990-11-18 06:30:00+05:30,-7.77,0.76,57.7,-14.671907646591597,0.0,0.0,0.0
1990-11-18 07:30:00+05:30,-8.03,0.76,60.1,-14.420392818017715,135.9,507.98,86.1
1990-11-18 08:30:00+05:30,-5.96,0.69,53.25,-13.95507181479534,298.65,564.03,142.4
1990-11-18 09:30:00+05:30,-3.37,0.48,45.5,-13.490166504063714,383.7,326.93,244.9
1990-11-18 10:30:00+05:30,-1.78,1.17,34.15,-15.554570795865734,472.2,338.96,292.35
1990-11-18 11:30:00+05:30,-0.86,1.38,34.3,-14.683393714274892,454.45,286.03,286.3
1990-11-18 12:30:00+05:30,-0.3,1.72,31.75,-15.126825322858958,481.95,427.06,228.9
1990-11-18 13:30:00+05:30,-0.06,1.79,33.15,-14.389473908638779,388.7,304.18,223.15
1990-11-18 14:30:00+05:30,-0.22,1.52,34.6,-14.007772506325692,297.0,367.8,132.85
1990-11-18 15:30:00+05:30,-0.32,1.45,33.15,-14.619735768120613,144.6,194.04,85.35
1990-11-18 16:30:00+05:30,-0.62,1.24,33.0,-14.940593113930746,22.85,67.92,13.95
1990-11-18 17:30:00+05:30,-1.55,0.9,38.9,-13.761904759594788,0.0,0.0,0.0
1990-11-18 18:30:00+05:30,-2.77,0.41,51.95,-11.288390193164396,0.0,0.0,0.0
1990-11-18 19:30:00+05:30,-3.52,0.41,56.2,-11.001413559365364,0.0,0.0,0.0
1990-11-18 20:30:00+05:30,-4.22,0.34,60.95,-10.639243059024086,0.0,0.0,0.0
1990-11-18 21:30:00+05:30,-4.89,0.34,66.05,-10.261032266552549,0.0,0.0,0.0
1990-11-18 22:30:00+05:30,-5.57,0.41,68.75,-10.405353850389988,0.0,0.0,0.0
1990-11-18 23:30:00+05:30,-6.1,0.41,68.65,-10.932340301660739,0.0,0.0,0.0
1990-11-19 00:30:00+05:30,-6.6,0.41,71.55,-10.892460488690423,0.0,0.0,0.0
1990-11-19 01:30:00+05:30,-7.2,0.55,71.5,-11.479663149658526,0.0,0.0,0.0
1990-11-19 02:30:00+05:30,-8.16,0.55,74.35,-11.91851594664944,0.0,0.0,0.0
1990-11-19 03:30:00+05:30,-9.45,0.55,80.65,-12.15929749790806,0.0,0.0,0.0
1990-11-19 04:30:00+05:30,-10.39,0.55,77.2,-13.616489532240552,0.0,0.0,0.0
1990-11-19 05:30:00+05:30,-10.74,0.62,80.5,-13.442564517454771,0.0,0.0,0.0
1990-11-19 06:30:00+05:30,-11.47,0.62,80.35,-14.178532244940644,0.0,0.0,0.0
1990-11-19 07:30:00+05:30,-12.68,0.76,80.25,-15.375553708112013,160.2,1068.39,59.05
1990-11-19 08:30:00+05:30,-10.84,0.76,64.95,-16.151108123527163,353.95,965.25,89.95
1990-11-19 09:30:00+05:30,-7.7,0.76,50.7,-16.171683393958794,535.5,1058.14,90.05
1990-11-19 10:30:00+05:30,-5.25,0.76,45.05,-15.335822980037568,647.3,1055.06,91.25
1990-11-19 11:30:00+05:30,-3.42,0.76,33.6,-17.20687888505264,676.75,986.99,99.9
1990-11-19 12:30:00+05:30,-2.23,1.03,21.85,-21.20972960917771,610.75,740.85,174.15
1990-11-19 13:30:00+05:30,-1.57,1.31,18.3,-22.6795179981505,517.75,661.92,159.45
1990-11-19 14:30:00+05:30,-1.24,1.72,15.35,-24.3858062882772,362.8,531.81,126.85
1990-11-19 15:30:00+05:30,-1.35,1.72,14.5,-25.10965049948759,191.15,399.38,70.1
1990-11-19 16:30:00+05:30,-1.84,1.38,15.2,-24.985719315916214,27.55,101.06,14.5
1990-11-19 17:30:00+05:30,-2.58,1.03,17.25,-24.1841801735836,0.0,0.0,0.0
1990-11-19 18:30:00+05:30,-3.57,0.76,20.45,-23.09825219512796,0.0,0.0,0.0
1990-11-19 19:30:00+05:30,-4.1,0.48,22.3,-22.56638949504909,0.0,0.0,0.0
1990-11-19 20:30:00+05:30,-4.97,0.34,25.3,-21.874443862764597,0.0,0.0,0.0
1990-11-19 21:30:00+05:30,-5.86,0.28,27.55,-21.671738021310468,0.0,0.0,0.0
1990-11-19 22:30:00+05:30,-6.87,0.41,30.0,-21.58004388726522,0.0,0.0,0.0
1990-11-19 23:30:00+05:30,-7.86,0.48,32.55,-21.519568549262196,0.0,0.0,0.0
1990-11-20 00:30:00+05:30,-8.79,0.55,36.95,-20.892787494930733,0.0,0.0,0.0
1990-11-20 01:30:00+05:30,-9.73,0.55,40.1,-20.79841694848543,0.0,0.0,0.0
1990-11-20 02:30:00+05:30,-10.58,0.62,45.6,-20.087242516123055,0.0,0.0,0.0
1990-11-20 03:30:00+05:30,-11.33,0.62,47.55,-20.29296626001698,0.0,0.0,0.0
1990-11-20 04:30:00+05:30,-12.0,0.69,51.75,-19.93229810146503,0.0,0.0,0.0
1990-11-20 05:30:00+05:30,-12.57,0.69,53.95,-19.98102550028763,0.0,0.0,0.0
1990-11-20 06:30:00+05:30,-13.38,0.76,56.3,-20.2465714807222,0.0,0.0,0.0
1990-11-20 07:30:00+05:30,-13.84,0.76,58.75,-20.18640767694619,160.55,1178.54,52.9
1990-11-20 08:30:00+05:30,-11.82,0.76,49.6,-20.25752569495444,354.2,991.58,86.45
1990-11-20 09:30:00+05:30,-8.55,0.62,38.65,-20.156166711127415,509.3,975.6,102.05
1990-11-20 10:30:00+05:30,-6.2,0.34,34.35,-19.420341861738997,642.4,1062.88,85.95
1990-11-20 11:30:00+05:30,-4.47,0.69,33.3,-18.245723250098045,673.1,983.25,101.75
1990-11-20 12:30:00+05:30,-3.35,1.03,32.3,-17.61409373160557,605.9,780.07,148.65
1990-11-20 13:30:00+05:30,-2.45,1.38,28.4,-18.346129219764556,515.45,724.87,125.15
1990-11-20 14:30:00+05:30,-2.02,1.66,25.0,-19.469983121457435,303.85,329.37,158.55
1990-11-20 15:30:00+05:30,-2.14,1.66,25.0,-19.5732450759257,157.45,309.05,64.45
1990-11-20 16:30:00+05:30,-2.6,1.45,26.0,-19.51230090984109,26.45,108.77,12.6
1990-11-20 17:30:00+05:30,-3.38,1.1,28.1,-19.28181812644307,0.0,0.0,0.0
1990-11-20 18:30:00+05:30,-4.4,0.76,31.85,-18.708179540944396,0.0,0.0,0.0
1990-11-20 19:30:00+05:30,-4.86,0.48,31.85,-19.114736912190867,0.0,0.0,0.0
1990-11-20 20:30:00+05:30,-5.66,0.28,34.5,-18.88785515336821,0.0,0.0,0.0
1990-11-20 21:30:00+05:30,-6.71,0.28,35.9,-19.360405084530456,0.0,0.0,0.0
1990-11-20 22:30:00+05:30,-7.97,0.48,40.55,-19.071272345408836,0.0,0.0,0.0
1990-11-20 23:30:00+05:30,-9.02,0.55,44.05,-19.058608460620178,0.0,0.0,0.0
1990-11-21 00:30:00+05:30,-9.99,0.62,50.0,-18.46450009358669,0.0,0.0,0.0
1990-11-21 01:30:00+05:30,-10.62,0.69,52.15,-18.555056161279506,0.0,0.0,0.0
1990-11-21 02:30:00+05:30,-11.36,0.69,52.0,-19.27917789257868,0.0,0.0,0.0
1990-11-21 03:30:00+05:30,-12.66,0.83,59.0,-19.021216875492257,0.0,0.0,0.0
1990-11-21 04:30:00+05:30,-13.2,0.76,58.9,-19.551645573046322,0.0,0.0,0.0
1990-11-21 05:30:00+05:30,-13.99,0.83,64.15,-19.304659606652784,0.0,0.0,0.0
1990-11-21 06:30:00+05:30,-15.18,0.83,66.85,-19.961987436285376,0.0,0.0,0.0
1990-11-21 07:30:00+05:30,-15.54,0.9,66.75,-20.32440011270726,159.1,1192.13,54.15
1990-11-21 08:30:00+05:30,-13.29,0.9,51.45,-21.202358755705486,352.15,1019.03,80.5
1990-11-21 09:30:00+05:30,-10.16,0.76,39.95,-21.231714145742544,533.7,1091.7,81.8
1990-11-21 10:30:00+05:30,-7.36,0.55,34.2,-20.5054184226302,647.8,1095.2,78.2
1990-11-21 11:30:00+05:30,-5.4,0.34,33.0,-19.177638658231743,690.25,1051.95,82.45
1990-11-21 12:30:00+05:30,-4.69,0.55,30.45,-19.490487809661225,661.1,998.98,78.6
1990-11-21 13:30:00+05:30,-3.75,0.83,25.7,-20.640772824978217,563.1,912.24,74.45
1990-11-21 14:30:00+05:30,-3.25,0.97,22.55,-21.71535502235557,406.2,780.81,63.65
1990-11-21 15:30:00+05:30,-3.15,1.03,21.55,-22.148399625243382,207.1,535.04,47.2
1990-11-21 16:30:00+05:30,-3.52,1.1,22.45,-21.996146816506723,28.75,135.32,11.75
1990-11-21 17:30:00+05:30,-4.29,0.76,23.35,-22.20523895095709,0.0,0.0,0.0
1990-11-21 18:30:00+05:30,-5.13,0.55,25.3,-22.01254225908581,0.0,0.0,0.0
1990-11-21 19:30:00+05:30,-6.03,0.41,28.7,-21.35132899442519,0.0,0.0,0.0
1990-11-21 20:30:00+05:30,-7.04,0.41,29.85,-21.786876880989734,0.0,0.0,0.0
1990-11-21 21:30:00+05:30,-8.33,0.48,33.9,-21.471552617805184,0.0,0.0,0.0
1990-11-21 22:30:00+05:30,-9.83,0.62,38.35,-21.40240416968401,0.0,0.0,0.0
1990-11-21 23:30:00+05:30,-11.35,0.69,43.45,-21.351541172843206,0.0,0.0,0.0
1990-11-22 00:30:00+05:30,-13.25,0.76,51.45,-21.165065730874502,0.0,0.0,0.0
1990-11-22 01:30:00+05:30,-14.12,0.83,56.05,-20.99433533321178,0.0,0.0,0.0
1990-11-22 02:30:00+05:30,-14.89,0.9,58.5,-21.228234664491588,0.0,0.0,0.0
1990-11-22 03:30:00+05:30,-15.44,0.9,58.35,-21.777511837216153,0.0,0.0,0.0
1990-11-22 04:30:00+05:30,-15.86,0.9,58.25,-22.194021148579434,0.0,0.0,0.0
1990-11-22 05:30:00+05:30,-16.32,0.9,58.1,-22.658020052891555,0.0,0.0,0.0
1990-11-22 06:30:00+05:30,-17.1,0.97,58.0,-23.414518130383787,0.0,0.0,0.0
1990-11-22 07:30:00+05:30,-17.53,0.97,60.6,-23.327434632265,168.4,1261.12,61.51
1990-11-22 08:30:00+05:30,-14.86,0.97,46.55,-23.79609964667604,373.15,1183.46,61.7
1990-11-22 09:30:00+05:30,-11.16,0.9,34.55,-23.78223330660396,539.95,1143.12,70.7
1990-11-22 10:30:00+05:30,-8.5,0.83,30.8,-22.715961863112174,648.7,1107.88,76.25
1990-11-22 11:30:00+05:30,-6.62,0.9,28.7,-21.86762144187088,689.55,1063.87,78.3
1990-11-22 12:30:00+05:30,-5.59,1.03,27.55,-21.436543972260548,660.35,1006.29,76.6
1990-11-22 13:30:00+05:30,-4.77,1.24,24.3,-22.16241690300274,563.05,922.57,71.35
1990-11-22 14:30:00+05:30,-4.37,1.31,22.15,-22.87275473722441,406.2,788.44,62.15
1990-11-22 15:30:00+05:30,-4.4,1.31,21.15,-23.420059719125867,206.85,540.11,46.5
1990-11-22 16:30:00+05:30,-4.88,1.1,21.15,-23.826683791144514,28.25,135.06,11.5
1990-11-22 17:30:00+05:30,-5.69,0.69,21.9,-24.123721612269033,0.0,0.0,0.0
1990-11-22 18:30:00+05:30,-6.62,0.55,25.0,-23.43368888285817,0.0,0.0,0.0
1990-11-22 19:30:00+05:30,-7.45,0.55,27.1,-23.24351390456089,0.0,0.0,0.0
1990-11-22 20:30:00+05:30,-8.5,0.62,29.4,-23.242238529321174,0.0,0.0,0.0
1990-11-22 21:30:00+05:30,-9.71,0.69,31.95,-23.371656531375198,0.0,0.0,0.0
1990-11-22 22:30:00+05:30,-11.02,0.76,36.2,-23.131282616974662,0.0,0.0,0.0
1990-11-22 23:30:00+05:30,-12.41,0.83,39.35,-23.44447002738733,0.0,0.0,0.0
1990-11-23 00:30:00+05:30,-13.51,0.83,46.85,-22.477038811561485,0.0,0.0,0.0
1990-11-23 01:30:00+05:30,-14.48,0.97,48.75,-22.92385826350985,0.0,0.0,0.0
1990-11-23 02:30:00+05:30,-15.25,0.97,50.9,-23.151727097985393,0.0,0.0,0.0
1990-11-23 03:30:00+05:30,-15.88,0.97,53.15,-23.25179888346122,0.0,0.0,0.0
1990-11-23 04:30:00+05:30,-16.42,0.97,53.0,-23.7891125430149,0.0,0.0,0.0
1990-11-23 05:30:00+05:30,-16.84,0.97,55.35,-23.695738142019138,0.0,0.0,0.0
1990-11-23 06:30:00+05:30,-18.37,0.97,50.15,-26.223621277487517,0.0,0.0,0.0
1990-11-23 07:30:00+05:30,-18.57,0.97,52.45,-25.917172520264355,166.05,1261.58,63.21
1990-11-23 08:30:00+05:30,-15.83,0.97,40.15,-26.326755447044068,374.3,1213.8,58.95
1990-11-23 09:30:00+05:30,-11.92,0.97,27.2,-27.09930786706712,540.5,1157.2,69.4
1990-11-23 10:30:00+05:30,-8.85,0.9,21.2,-27.169103476125887,623.9,1002.37,109.3
1990-11-23 11:30:00+05:30,-6.73,0.76,18.9,-26.63270369463505,683.35,1039.82,89.2
1990-11-23 12:30:00+05:30,-5.27,0.69,18.25,-25.795375877218106,640.25,919.63,109.45
1990-11-23 13:30:00+05:30,-4.21,0.69,16.85,-25.79433460054315,525.05,745.62,129.6
1990-11-23 14:30:00+05:30,-3.67,0.76,15.45,-26.303674630806636,357.3,541.67,122.15
1990-11-23 15:30:00+05:30,-3.57,0.9,14.75,-26.729692107325196,177.8,344.39,76.2
1990-11-23 16:30:00+05:30,-3.93,0.83,15.35,-26.587962603383023,22.2,53.87,15.6
1990-11-23 17:30:00+05:30,-4.61,0.62,15.25,-27.216529931414037,0.0,0.0,0.0
1990-11-23 18:30:00+05:30,-5.34,0.41,15.85,-27.39647137347215,0.0,0.0,0.0
1990-11-23 19:30:00+05:30,-6.12,0.41,18.0,-26.656201059595812,0.0,0.0,0.0
1990-11-23 20:30:00+05:30,-7.02,0.48,18.75,-26.962897021967446,0.0,0.0,0.0
1990-11-23 21:30:00+05:30,-8.24,0.62,20.35,-27.09756928806393,0.0,0.0,0.0
1990-11-23 22:30:00+05:30,-9.56,0.69,23.05,-26.863002161909268,0.0,0.0,0.0
1990-11-23 23:30:00+05:30,-10.99,0.76,26.1,-26.739770010699385,0.0,0.0,0.0
1990-11-24 00:30:00+05:30,-12.56,0.83,29.6,-26.737857189422325,0.0,0.0,0.0
1990-11-24 01:30:00+05:30,-13.58,0.83,32.25,-26.703084895819945,0.0,0.0,0.0
1990-11-24 02:30:00+05:30,-14.42,0.9,32.1,-27.500547704608465,0.0,0.0,0.0
1990-11-24 03:30:00+05:30,-15.17,0.9,34.95,-27.245919897683354,0.0,0.0,0.0
1990-11-24 04:30:00+05:30,-15.78,0.9,34.8,-27.839621427607394,0.0,0.0,0.0
1990-11-24 05:30:00+05:30,-16.28,0.9,36.35,-27.817515414170458,0.0,0.0,0.0
1990-11-24 06:30:00+05:30,-15.91,0.97,36.5,-27.439514460927644,0.0,0.0,0.0
1990-11-24 07:30:00+05:30,-16.09,0.97,36.35,-27.64635871369489,163.15,1262.04,64.32
1990-11-24 08:30:00+05:30,-12.96,0.9,26.9,-28.127232826427502,364.75,1191.32,59.2
1990-11-24 09:30:00+05:30,-8.17,0.83,18.5,-28.072228529771607,530.25,1141.88,69.2
1990-11-24 10:30:00+05:30,-5.08,0.76,15.1,-27.708854064527785,638.9,1105.81,74.8
1990-11-24 11:30:00+05:30,-3.06,0.62,14.85,-26.239458165614806,679.85,1061.22,76.75
1990-11-24 12:30:00+05:30,-1.99,0.55,14.4,-25.706565744713217,650.95,1002.16,75.35
1990-11-24 13:30:00+05:30,-1.02,0.9,13.3,-25.797947937653444,553.8,915.69,70.45
1990-11-24 14:30:00+05:30,-0.51,1.03,12.8,-25.81032967379042,397.0,775.17,62.15
1990-11-24 15:30:00+05:30,-0.46,0.97,12.8,-25.77021517403209,199.5,520.39,46.9
1990-11-24 16:30:00+05:30,-0.83,0.83,12.8,-26.06710330903446,25.85,117.65,11.6
1990-11-24 17:30:00+05:30,-1.66,0.48,13.85,-25.868244422662904,0.0,0.0,0.0
1990-11-24 18:30:00+05:30,-2.7,0.41,14.3,-26.36039578851793,0.0,0.0,0.0
1990-11-24 19:30:00+05:30,-3.91,0.48,16.85,-25.546121118128234,0.0,0.0,0.0
1990-11-24 20:30:00+05:30,-5.26,0.62,18.25,-25.787027347698658,0.0,0.0,0.0
1990-11-24 21:30:00+05:30,-6.62,0.69,20.75,-25.51305497651305,0.0,0.0,0.0
1990-11-24 22:30:00+05:30,-7.83,0.76,22.5,-25.6476065717686,0.0,0.0,0.0
1990-11-24 23:30:00+05:30,-8.98,0.83,25.45,-25.274043454754644,0.0,0.0,0.0
1990-11-25 00:30:00+05:30,-9.79,0.83,27.8,-24.998878827819308,0.0,0.0,0.0
1990-11-25 01:30:00+05:30,-10.29,0.83,28.95,-24.98657472759081,0.0,0.0,0.0
1990-11-25 02:30:00+05:30,-10.72,0.83,30.2,-24.89512874922166,0.0,0.0,0.0
1990-11-25 03:30:00+05:30,-11.24,0.83,31.5,-24.886130125882055,0.0,0.0,0.0
1990-11-25 04:30:00+05:30,-11.78,0.9,32.85,-24.89900973594115,0.0,0.0,0.0
1990-11-25 05:30:00+05:30,-12.12,0.9,34.25,-24.737924233209867,0.0,0.0,0.0
1990-11-25 06:30:00+05:30,-11.72,0.9,36.05,-23.806865248105478,0.0,0.0,0.0
1990-11-25 07:30:00+05:30,-11.88,0.9,36.05,-23.95059220949153,148.85,1262.48,53.99
1990-11-25 08:30:00+05:30,-9.28,0.76,29.25,-23.984793613866387,348.35,1112.35,66.7
1990-11-25 09:30:00+05:30,-5.23,0.62,23.05,-23.15589423045967,508.2,1058.11,84.45
1990-11-25 10:30:00+05:30,-2.35,0.34,19.8,-22.437312956589412,615.25,1034.66,90.75
1990-11-25 11:30:00+05:30,-0.54,0.55,20.3,-20.62986894320958,655.25,983.81,99.1
1990-11-25 12:30:00+05:30,0.47,0.69,20.6,-19.60957453108013,618.1,913.55,95.9
1990-11-25 13:30:00+05:30,1.35,0.97,22.75,-17.697398274992565,515.0,779.54,105.4
1990-11-25 14:30:00+05:30,1.85,1.31,23.95,-16.6586197978169,337.75,502.65,121.65
1990-11-25 15:30:00+05:30,1.94,1.45,25.0,-16.066507308884326,160.35,319.14,67.3
1990-11-25 16:30:00+05:30,1.6,1.45,25.95,-15.909837531698157,22.0,83.04,12.05
1990-11-25 17:30:00+05:30,0.84,0.97,28.15,-15.58587898691208,0.0,0.0,0.0
1990-11-25 18:30:00+05:30,0.18,0.83,29.25,-15.698231012136086,0.0,0.0,0.0
1990-11-25 19:30:00+05:30,-0.4,0.62,33.0,-14.74582008314674,0.0,0.0,0.0
1990-11-25 20:30:00+05:30,-1.09,0.48,34.3,-14.887905969006981,0.0,0.0,0.0
1990-11-25 21:30:00+05:30,-1.88,0.28,38.7,-14.122522222135718,0.0,0.0,0.0
1990-11-25 22:30:00+05:30,-2.75,0.21,42.05,-13.892780786967968,0.0,0.0,0.0
1990-11-25 23:30:00+05:30,-3.68,0.21,45.5,-13.77456335833324,0.0,0.0,0.0
1990-11-26 00:30:00+05:30,-5.34,0.21,53.5,-13.318494548595774,0.0,0.0,0.0
1990-11-26 01:30:00+05:30,-6.15,0.28,58.0,-13.08179622436283,0.0,0.0,0.0
1990-11-26 02:30:00+05:30,-6.91,0.41,60.4,-13.299215497335211,0.0,0.0,0.0
1990-11-26 03:30:00+05:30,-7.7,0.48,62.9,-13.549237706926839,0.0,0.0,0.0
1990-11-26 04:30:00+05:30,-8.55,0.55,68.25,-13.35599150278817,0.0,0.0,0.0
1990-11-26 05:30:00+05:30,-9.7,0.62,71.0,-13.976295332215143,0.0,0.0,0.0
1990-11-26 06:30:00+05:30,-10.21,0.62,77.2,-13.441447730451593,0.0,0.0,0.0
1990-11-26 07:30:00+05:30,-10.58,0.62,77.15,-13.809212948080406,130.85,1097.21,51.85
1990-11-26 08:30:00+05:30,-9.04,0.62,68.15,-13.844133073730847,311.0,860.5,95.9
1990-11-26 09:30:00+05:30,-5.95,0.48,60.5,-12.369986912288752,463.85,848.71,126.7
1990-11-26 10:30:00+05:30,-3.57,0.07,53.9,-11.572506701533332,576.6,964.96,90.45
1990-11-26 11:30:00+05:30,-1.86,0.48,47.9,-11.463155217800576,625.75,868.47,137.35
1990-11-26 12:30:00+05:30,-0.86,0.9,40.7,-12.580141653332548,605.1,829.68,133.05
1990-11-26 13:30:00+05:30,-0.04,1.1,34.6,-13.847634011184475,499.1,707.78,128.85
1990-11-26 14:30:00+05:30,0.4,1.24,30.55,-14.978892126117703,344.3,525.86,119.25
1990-11-26 15:30:00+05:30,0.43,1.24,29.25,-15.479811850872043,137.4,272.93,58.25
1990-11-26 16:30:00+05:30,0.0,0.97,29.1,-15.917483513871336,22.1,82.2,12.35
1990-11-26 17:30:00+05:30,-0.68,0.48,30.25,-16.04590229890923,0.0,0.0,0.0
1990-11-26 18:30:00+05:30,-1.51,0.28,32.7,-15.838930716302759,0.0,0.0,0.0
1990-11-26 19:30:00+05:30,-2.54,0.21,36.95,-15.27945385713668,0.0,0.0,0.0
1990-11-26 20:30:00+05:30,-3.65,0.28,40.0,-15.3184837887703,0.0,0.0,0.0
1990-11-26 21:30:00+05:30,-5.35,0.41,45.05,-15.427524281943962,0.0,0.0,0.0
1990-11-26 22:30:00+05:30,-7.36,0.55,50.85,-15.82010537825961,0.0,0.0,0.0
1990-11-26 23:30:00+05:30,-8.79,0.62,57.5,-15.67502032323541,0.0,0.0,0.0
1990-11-27 00:30:00+05:30,-9.26,0.62,57.35,-16.14925027335528,0.0,0.0,0.0
1990-11-27 01:30:00+05:30,-9.38,0.55,57.35,-16.26228599328388,0.0,0.0,0.0
1990-11-27 02:30:00+05:30,-9.78,0.55,59.75,-16.14714287393574,0.0,0.0,0.0
1990-11-27 03:30:00+05:30,-10.5,0.55,64.95,-15.826489507489201,0.0,0.0,0.0
1990-11-27 04:30:00+05:30,-11.2,0.55,64.8,-16.52256291641878,0.0,0.0,0.0
1990-11-27 05:30:00+05:30,-11.87,0.55,64.7,-17.180610950065567,0.0,0.0,0.0
1990-11-27 06:30:00+05:30,-13.41,0.69,67.3,-18.1865405674894,0.0,0.0,0.0
1990-11-27 07:30:00+05:30,-13.99,0.69,70.1,-18.262611688797126,142.35,1263.35,55.3
1990-11-27 08:30:00+05:30,-12.17,0.62,56.55,-19.05608568166353,334.65,1057.58,73.65
1990-11-27 09:30:00+05:30,-8.6,0.55,44.2,-18.63390278140843,492.95,1000.67,98.6
1990-11-27 10:30:00+05:30,-5.95,0.48,37.55,-18.150025714751937,598.7,973.94,111.0
1990-11-27 11:30:00+05:30,-3.97,0.14,34.95,-17.227231509677676,616.6,841.79,145.6
1990-11-27 12:30:00+05:30,-2.83,0.28,31.05,-17.623650469096834,566.7,659.18,193.35
1990-11-27 13:30:00+05:30,-1.87,0.76,28.55,-17.777870738876654,444.05,504.05,181.5
1990-11-27 14:30:00+05:30,-1.32,1.03,25.25,-18.750897891554935,302.75,368.92,145.55
1990-11-27 15:30:00+05:30,-1.15,1.24,25.25,-18.604531819595454,127.35,127.54,90.55
1990-11-27 16:30:00+05:30,-1.4,1.24,26.25,-18.362699016100134,15.95,21.27,13.45
1990-11-27 17:30:00+05:30,-1.85,1.17,28.7,-17.698278486628084,0.0,0.0,0.0
1990-11-27 18:30:00+05:30,-2.59,1.03,38.6,-14.793875357519427,0.0,0.0,0.0
1990-11-27 19:30:00+05:30,-3.68,1.03,45.5,-13.77456335833324,0.0,0.0,0.0
1990-11-27 20:30:00+05:30,-4.81,0.83,58.35,-11.744090704038255,0.0,0.0,0.0
1990-11-27 21:30:00+05:30,-5.2,0.48,63.35,-11.082987372707162,0.0,0.0,0.0
1990-11-27 22:30:00+05:30,-5.89,0.34,71.55,-10.20803466019409,0.0,0.0,0.0
1990-11-27 23:30:00+05:30,-6.51,0.34,71.55,-10.805698157742388,0.0,0.0,0.0
1990-11-28 00:30:00+05:30,-6.84,0.21,71.55,-11.123832563132957,0.0,0.0,0.0
1990-11-28 01:30:00+05:30,-7.46,0.34,74.45,-11.223892513476809,0.0,0.0,0.0
1990-11-28 02:30:00+05:30,-7.81,0.41,71.4,-12.085200778502331,0.0,0.0,0.0
1990-11-28 03:30:00+05:30,-8.14,0.41,68.35,-12.94452747259971,0.0,0.0,0.0
1990-11-28 04:30:00+05:30,-8.64,0.48,71.2,-12.92007136184376,0.0,0.0,0.0
1990-11-28 05:30:00+05:30,-9.0,0.41,71.1,-13.284391232166124,0.0,0.0,0.0
1990-11-28 06:30:00+05:30,-8.95,0.48,74.15,-12.716869569340645,0.0,0.0,0.0
1990-11-28 07:30:00+05:30,-9.5,0.48,74.1,-13.257657483661163,126.85,1169.24,49.85
1990-11-28 08:30:00+05:30,-8.76,0.41,68.25,-13.557478174943617,280.35,794.75,86.7
1990-11-28 09:30:00+05:30,-6.82,0.28,58.0,-13.713224347793728,420.4,755.03,125.2
1990-11-28 10:30:00+05:30,-5.0,0.14,55.8,-12.479432772904772,552.75,840.35,134.45
1990-11-28 11:30:00+05:30,-3.48,0.48,49.55,-12.537581829023852,613.45,807.54,163.85
1990-11-28 12:30:00+05:30,-2.3,0.62,40.4,-13.975276170500699,564.3,740.19,146.9
1990-11-28 13:30:00+05:30,-1.5,0.97,35.7,-14.76658792349217,436.95,579.95,136.1
1990-11-28 14:30:00+05:30,-0.99,1.17,31.45,-15.849768184158213,273.3,323.78,135.9
1990-11-28 15:30:00+05:30,-0.93,1.31,30.15,-16.305003617565344,110.3,164.89,62.95
1990-11-28 16:30:00+05:30,-1.29,1.1,31.45,-16.114095584726485,12.25,12.45,10.8
1990-11-28 17:30:00+05:30,-1.92,0.76,35.55,-15.19284219721526,0.0,0.0,0.0
1990-11-28 18:30:00+05:30,-2.71,0.48,42.05,-13.856403652448735,0.0,0.0,0.0
1990-11-28 19:30:00+05:30,-3.13,0.34,45.65,-13.229411668148694,0.0,0.0,0.0
1990-11-28 20:30:00+05:30,-3.62,0.41,51.65,-12.151451486236121,0.0,0.0,0.0
1990-11-28 21:30:00+05:30,-4.25,0.41,58.5,-11.184005176741186,0.0,0.0,0.0
1990-11-28 22:30:00+05:30,-4.76,0.34,63.45,-10.644599407325325,0.0,0.0,0.0
1990-11-28 23:30:00+05:30,-5.2,0.34,68.85,-10.031841787393304,0.0,0.0,0.0
1990-11-29 00:30:00+05:30,-5.4,0.28,74.7,-9.18663100004607,0.0,0.0,0.0
1990-11-29 01:30:00+05:30,-5.63,0.21,74.7,-9.409365472071029,0.0,0.0,0.0
1990-11-29 02:30:00+05:30,-5.87,0.28,74.7,-9.641791371454648,0.0,0.0,0.0
1990-11-29 03:30:00+05:30,-6.46,0.28,77.75,-9.705343434311175,0.0,0.0,0.0
1990-11-29 04:30:00+05:30,-7.22,0.34,77.7,-10.452804571918344,0.0,0.0,0.0
1990-11-29 05:30:00+05:30,-7.88,0.41,80.9,-10.58655256709117,0.0,0.0,0.0
1990-11-29 06:30:00+05:30,-8.86,0.48,80.8,-11.559660274120125,0.0,0.0,0.0
1990-11-29 07:30:00+05:30,-9.44,0.55,84.1,-11.626704127734465,60.1,0.0,60.1
1990-11-29 08:30:00+05:30,-8.09,0.55,74.35,-11.85073785477941,286.4,672.31,124.65
1990-11-29 09:30:00+05:30,-6.13,0.34,68.65,-10.961129571885861,443.05,749.22,152.4
1990-11-29 10:30:00+05:30,-4.58,0.14,63.45,-10.473380522348728,549.85,727.07,190.05
1990-11-29 11:30:00+05:30,-3.09,0.62,54.0,-11.100780295448699,604.45,764.35,180.95
1990-11-29 12:30:00+05:30,-2.34,0.83,49.95,-11.381568144501617,529.4,593.92,195.9
1990-11-29 13:30:00+05:30,-1.76,1.1,46.05,-11.863731054396617,461.15,588.14,157.25
1990-11-29 14:30:00+05:30,-1.26,1.31,40.7,-12.94240408806538,315.5,470.54,116.6
1990-11-29 15:30:00+05:30,-1.3,1.24,37.4,-14.01938230714094,134.85,195.35,79.0
1990-11-29 16:30:00+05:30,-1.6,1.1,37.25,-14.337784488800382,18.1,48.87,12.45
1990-11-29 17:30:00+05:30,-2.46,0.76,42.05,-13.629059276671557,0.0,0.0,0.0
1990-11-29 18:30:00+05:30,-3.46,0.55,47.45,-13.055392237677545,0.0,0.0,0.0
1990-11-29 19:30:00+05:30,-4.2,0.48,49.4,-13.241665388899936,0.0,0.0,0.0
1990-11-29 20:30:00+05:30,-5.15,0.41,55.8,-12.620160443638962,0.0,0.0,0.0
1990-11-29 21:30:00+05:30,-6.13,0.41,60.5,-12.54037741681832,0.0,0.0,0.0
1990-11-29 22:30:00+05:30,-7.1,0.41,63.0,-12.959075779838132,0.0,0.0,0.0
1990-11-29 23:30:00+05:30,-8.56,0.41,71.2,-12.842965740573055,0.0,0.0,0.0
1990-11-30 00:30:00+05:30,-10.29,0.55,77.2,-13.519243623374319,0.0,0.0,0.0
1990-11-30 01:30:00+05:30,-11.32,0.62,80.45,-14.016781746874003,0.0,0.0,0.0
1990-11-30 02:30:00+05:30,-12.04,0.62,83.8,-14.22225351765489,0.0,0.0,0.0
1990-11-30 03:30:00+05:30,-12.53,0.62,83.75,-14.710320957955917,0.0,0.0,0.0
1990-11-30 04:30:00+05:30,-12.81,0.69,80.25,-15.502531004411523,0.0,0.0,0.0
1990-11-30 05:30:00+05:30,-13.12,0.69,80.15,-15.820369000959968,0.0,0.0,0.0
1990-11-30 06:30:00+05:30,-14.12,0.69,76.6,-17.337477726014072,0.0,0.0,0.0
1990-11-30 07:30:00+05:30,-14.08,0.76,73.3,-17.821602854023105,52.55,0.0,52.55
1990-11-30 08:30:00+05:30,-12.98,0.83,67.3,-17.774253347375307,288.85,712.43,119.6
1990-11-30 09:30:00+05:30,-10.79,0.83,54.5,-18.194310440326493,461.75,872.29,125.95
1990-11-30 10:30:00+05:30,-8.77,0.97,50.45,-17.22512141435773,603.75,1030.73,96.6
1990-11-30 11:30:00+05:30,-6.86,0.83,44.75,-16.89246497162409,652.75,1014.38,93.35
1990-11-30 12:30:00+05:30,-5.51,0.9,46.9,-15.086782093082995,628.8,969.1,86.85
1990-11-30 13:30:00+05:30,-4.67,0.97,45.2,-14.763562541401322,533.15,873.28,83.6
1990-11-30 14:30:00+05:30,-4.19,1.03,41.6,-15.333126266435828,384.05,758.26,64.7
1990-11-30 15:30:00+05:30,-4.08,1.03,41.6,-15.233149431786735,191.85,514.16,45.45
1990-11-30 16:30:00+05:30,-4.53,0.9,41.45,-15.685799215799932,23.75,119.76,10.0
1990-11-30 17:30:00+05:30,-5.87,0.69,44.9,-15.94461146840372,0.0,0.0,0.0
1990-11-30 18:30:00+05:30,-7.53,0.62,50.7,-16.01370239458212,0.0,0.0,0.0
1990-11-30 19:30:00+05:30,-9.03,0.69,54.9,-16.457434996014626,0.0,0.0,0.0
1990-11-30 20:30:00+05:30,-10.55,0.76,59.5,-16.92584911936238,0.0,0.0,0.0
1990-11-30 21:30:00+05:30,-17.51,1.14,78.95,-20.283850257481454,0.0,0.0,0.0
1990-11-30 22:30:00+05:30,-17.32,1.13,77.37,-20.33297096403215,0.0,0.0,0.0
1990-11-30 23:30:00+05:30,-17.13,1.12,75.78,-20.388739977812453,0.0,0.0,0.0
1990-12-01 00:30:00+05:30,-16.95,1.1,74.19,-20.459579996427788,0.0,0.0,0.0
1990-12-01 01:30:00+05:30,-16.76,1.09,72.6,-20.526295904503773,0.0,0.0,0.0
1990-12-01 02:30:00+05:30,-16.57,1.08,71.02,-20.597198059362665,0.0,0.0,0.0
1990-12-01 03:30:00+05:30,-16.38,1.06,69.43,-20.675744549751673,0.0,0.0,0.0
1990-12-01 04:30:00+05:30,-16.19,1.05,67.84,-20.760596810370266,0.0,0.0,0.0
1990-12-01 05:30:00+05:30,-16.01,1.04,66.25,-20.8616038753253,0.0,0.0,0.0
1990-12-01 06:30:00+05:30,-15.82,1.02,64.67,-20.95809551461486,0.0,0.0,0.0
1990-12-01 07:30:00+05:30,-15.63,1.01,63.08,-21.063504432160993,60.93,0.0,60.93
1990-12-01 08:30:00+05:30,-15.44,1.0,61.49,-21.176423871070888,322.85,996.55,89.05
1990-12-01 09:30:00+05:30,-15.25,0.98,59.9,-21.29721256035414,491.25,1010.18,105.3
1990-12-01 10:30:00+05:30,-15.07,0.97,58.32,-21.433739041575457,604.05,998.21,115.65
1990-12-01 11:30:00+05:30,-14.88,0.96,56.73,-21.571375653733874,636.75,913.37,135.35
1990-12-01 12:30:00+05:30,-14.69,0.94,55.14,-21.71813191113561,622.1,907.58,116.55
1990-12-01 13:30:00+05:30,-7.14,0.62,40.85,-18.230925201413054,521.85,802.13,110.4
1990-12-01 14:30:00+05:30,-6.27,0.83,41.0,-17.397333721442656,386.9,764.92,65.85
1990-12-01 15:30:00+05:30,-6.02,0.97,39.4,-17.643693405387847,193.3,516.95,46.65
1990-12-01 16:30:00+05:30,-6.69,0.97,40.85,-17.822267287496835,23.75,117.86,10.3
1990-12-01 17:30:00+05:30,-8.38,0.9,44.2,-18.432333485591897,0.0,0.0,0.0
1990-12-01 18:30:00+05:30,-10.14,0.83,47.85,-19.119793120111467,0.0,0.0,0.0
1990-12-01 19:30:00+05:30,-11.93,0.9,54.25,-19.316743781546776,0.0,0.0,0.0
1990-12-01 20:30:00+05:30,-13.9,0.97,58.75,-20.243132490694038,0.0,0.0,0.0
1990-12-01 21:30:00+05:30,-15.43,1.1,63.9,-20.723925930021693,0.0,0.0,0.0
1990-12-01 22:30:00+05:30,-16.78,1.17,69.6,-21.03259065725594,0.0,0.0,0.0
1990-12-01 23:30:00+05:30,-18.45,1.24,69.3,-22.68965696931825,0.0,0.0,0.0
1990-12-02 00:30:00+05:30,-19.22,1.24,66.05,-23.97075265560584,0.0,0.0,0.0
1990-12-02 01:30:00+05:30,-20.18,1.31,62.85,-25.441234805511304,0.0,0.0,0.0
1990-12-02 02:30:00+05:30,-20.48,1.38,59.8,-26.274670992557386,0.0,0.0,0.0
1990-12-02 03:30:00+05:30,-20.38,1.31,54.4,-27.214614847863977,0.0,0.0,0.0
1990-12-02 04:30:00+05:30,-20.35,1.31,51.85,-27.707728898028922,0.0,0.0,0.0
1990-12-02 05:30:00+05:30,-20.32,1.31,49.45,-28.191956997879505,0.0,0.0,0.0
1990-12-02 06:30:00+05:30,-19.89,1.31,47.25,-28.283288123740938,0.0,0.0,0.0
1990-12-02 07:30:00+05:30,-20.07,1.31,45.05,-28.961708906725388,62.83,0.0,62.83
1990-12-02 08:30:00+05:30,-18.31,1.31,39.4,-28.786526314194337,328.65,1085.42,77.15
1990-12-02 09:30:00+05:30,-14.78,1.31,35.15,-26.833884129224266,494.7,1059.0,93.1
1990-12-02 10:30:00+05:30,-10.96,1.17,36.2,-23.077381728193316,605.15,1020.74,108.45
1990-12-02 11:30:00+05:30,-7.65,1.1,35.6,-20.299977638549734,653.35,1014.94,98.65
1990-12-02 12:30:00+05:30,-5.57,0.9,36.2,-18.24121089658362,629.2,964.89,93.75
1990-12-02 13:30:00+05:30,-3.91,0.83,33.6,-17.6421842199436,536.1,896.0,78.05
1990-12-02 14:30:00+05:30,-2.99,0.83,32.45,-17.240511385496276,384.05,760.56,65.85
1990-12-02 15:30:00+05:30,-2.84,0.83,32.45,-17.107791527067405,191.65,516.57,45.6
1990-12-02 16:30:00+05:30,-3.78,0.76,33.6,-17.526685072205012,23.6,119.35,10.05
1990-12-02 17:30:00+05:30,-5.64,0.76,36.2,-18.303943279554385,0.0,0.0,0.0
1990-12-02 18:30:00+05:30,-7.78,0.76,44.35,-17.842551692114995,0.0,0.0,0.0
1990-12-02 19:30:00+05:30,-9.81,0.83,50.0,-18.29735328099544,0.0,0.0,0.0
1990-12-02 20:30:00+05:30,-11.68,0.9,51.85,-19.611390182715848,0.0,0.0,0.0
1990-12-02 21:30:00+05:30,-13.51,0.97,56.3,-20.368918685580034,0.0,0.0,0.0
1990-12-02 22:30:00+05:30,-15.27,1.03,61.1,-21.088132074865594,0.0,0.0,0.0
1990-12-02 23:30:00+05:30,-16.11,1.03,55.65,-22.948218348301715,0.0,0.0,0.0
1990-12-03 00:30:00+05:30,-16.04,1.1,55.65,-22.88237265993624,0.0,0.0,0.0
1990-12-03 01:30:00+05:30,-17.53,1.17,57.85,-23.849916785289235,0.0,0.0,0.0
1990-12-03 02:30:00+05:30,-19.23,1.24,57.45,-25.533049428545766,0.0,0.0,0.0
1990-12-03 03:30:00+05:30,-20.24,1.31,57.2,-26.534869616229887,0.0,0.0,0.0
1990-12-03 04:30:00+05:30,-21.99,1.38,59.4,-27.780019907159947,0.0,0.0,0.0
1990-12-03 05:30:00+05:30,-21.86,1.38,56.65,-28.169229399466705,0.0,0.0,0.0
1990-12-03 06:30:00+05:30,-20.72,1.38,49.45,-28.56421439486501,0.0,0.0,0.0
1990-12-03 07:30:00+05:30,-20.21,1.38,47.25,-28.57969294385822,65.02,0.0,65.02
1990-12-03 08:30:00+05:30,-18.02,1.31,39.55,-28.482083704325035,325.8,1111.33,71.45
1990-12-03 09:30:00+05:30,-13.87,1.24,37.15,-25.406998947888216,490.25,1062.92,90.1
1990-12-03 10:30:00+05:30,-9.86,1.1,38.2,-21.474454583152788,600.35,1030.23,101.7
1990-12-03 11:30:00+05:30,-6.52,0.9,37.55,-18.66295578494256,647.7,1008.53,98.85
1990-12-03 12:30:00+05:30,-4.63,0.76,36.5,-17.30079243893881,619.95,931.86,104.7
1990-12-03 13:30:00+05:30,-3.22,0.76,35.25,-16.45573393348139,528.4,863.25,88.5
1990-12-03 14:30:00+05:30,-2.47,0.76,34.0,-16.22107170254726,379.15,736.92,71.75
1990-12-03 15:30:00+05:30,-2.46,0.76,34.0,-16.212181899773384,190.3,506.42,47.55
1990-12-03 16:30:00+05:30,-3.34,0.69,35.25,-16.562860911146945,23.55,118.55,10.15
1990-12-03 17:30:00+05:30,-5.18,0.76,39.55,-16.83875736443128,0.0,0.0,0.0
1990-12-03 18:30:00+05:30,-7.27,0.69,44.5,-17.33510079312985,0.0,0.0,0.0
1990-12-03 19:30:00+05:30,-9.34,0.76,50.15,-17.82547098771506,0.0,0.0,0.0
1990-12-03 20:30:00+05:30,-11.8,0.83,59.25,-18.158179500845574,0.0,0.0,0.0
1990-12-03 21:30:00+05:30,-14.12,0.97,64.25,-19.410504657430437,0.0,0.0,0.0
1990-12-03 22:30:00+05:30,-14.7,0.97,61.35,-20.49967428353933,0.0,0.0,0.0
1990-12-03 23:30:00+05:30,-16.75,1.03,63.65,-22.02816781437653,0.0,0.0,0.0
1990-12-04 00:30:00+05:30,-18.39,1.17,69.3,-22.631900366028958,0.0,0.0,0.0
1990-12-04 01:30:00+05:30,-18.73,1.17,63.2,-23.996849888859614,0.0,0.0,0.0
1990-12-04 02:30:00+05:30,-18.75,1.24,63.2,-24.01592207305917,0.0,0.0,0.0
1990-12-04 03:30:00+05:30,-19.04,1.24,63.05,-24.31903689125883,0.0,0.0,0.0
1990-12-04 04:30:00+05:30,-19.35,1.24,60.1,-25.14738024426001,0.0,0.0,0.0
1990-12-04 05:30:00+05:30,-19.74,1.31,57.3,-26.04353144750479,0.0,0.0,0.0
1990-12-04 06:30:00+05:30,-20.5,1.24,54.4,-27.327365469302,0.0,0.0,0.0
1990-12-04 07:30:00+05:30,-20.65,1.24,51.85,-27.988251618099763,62.84,0.0,62.84
1990-12-04 08:30:00+05:30,-19.43,1.24,47.4,-27.822971076963157,324.15,1110.37,73.1
1990-12-04 09:30:00+05:30,-15.9,1.17,40.15,-26.390440138640486,486.4,1039.27,97.95
1990-12-04 10:30:00+05:30,-12.02,1.03,36.05,-24.0763618176511,600.85,1019.91,109.75
1990-12-04 11:30:00+05:30,-8.74,0.97,36.8,-20.894723667421136,651.4,1012.88,102.45
1990-12-04 12:30:00+05:30,-6.39,0.76,35.9,-19.073756255840014,626.15,951.14,102.05
1990-12-04 13:30:00+05:30,-4.74,0.62,34.8,-17.965261771286013,539.0,917.21,73.0
1990-12-04 14:30:00+05:30,-3.79,0.62,32.15,-18.05839467736905,386.6,780.03,62.1
1990-12-04 15:30:00+05:30,-3.59,0.55,30.9,-18.350208318080572,193.45,527.32,45.2
1990-12-04 16:30:00+05:30,-4.31,0.55,32.0,-18.57335743572116,23.9,122.95,10.05
1990-12-04 17:30:00+05:30,-5.97,0.62,34.5,-19.164299742147644,0.0,0.0,0.0
1990-12-04 18:30:00+05:30,-8.0,0.69,40.55,-19.09850681165384,0.0,0.0,0.0
1990-12-04 19:30:00+05:30,-10.03,0.76,45.75,-19.54303009201394,0.0,0.0,0.0
1990-12-04 20:30:00+05:30,-11.91,0.83,51.85,-19.825903520373853,0.0,0.0,0.0
1990-12-04 21:30:00+05:30,-13.33,0.83,53.8,-20.72517653580829,0.0,0.0,0.0
1990-12-04 22:30:00+05:30,-14.2,0.83,53.7,-21.56150095434188,0.0,0.0,0.0
1990-12-04 23:30:00+05:30,-14.59,0.9,53.55,-21.958784591944532,0.0,0.0,0.0
1990-12-05 00:30:00+05:30,-15.55,0.9,55.75,-22.40107171644331,0.0,0.0,0.0
1990-12-05 01:30:00+05:30,-16.51,0.9,58.1,-22.837553378151576,0.0,0.0,0.0
1990-12-05 02:30:00+05:30,-16.64,0.97,53.0,-23.995048855748387,0.0,0.0,0.0
1990-12-05 03:30:00+05:30,-17.71,0.97,55.2,-24.54418343022216,0.0,0.0,0.0
1990-12-05 04:30:00+05:30,-16.91,0.9,48.15,-25.315801707321107,0.0,0.0,0.0
1990-12-05 05:30:00+05:30,-16.19,0.83,44.15,-25.610466757627535,0.0,0.0,0.0
1990-12-05 06:30:00+05:30,-15.02,0.83,46.55,-23.943821312281152,0.0,0.0,0.0
1990-12-05 07:30:00+05:30,-14.78,0.83,44.45,-24.239726212516462,64.75,0.0,64.75
1990-12-05 08:30:00+05:30,-12.92,0.69,39.2,-23.949735528096973,269.7,676.4,118.6
1990-12-05 09:30:00+05:30,-9.51,0.62,41.95,-20.076243334303722,435.25,786.45,143.35
1990-12-05 10:30:00+05:30,-6.46,0.41,39.25,-18.08674563833125,568.15,885.74,143.8
1990-12-05 11:30:00+05:30,-4.3,0.28,34.95,-17.521681163238718,606.6,881.86,130.55
1990-12-05 12:30:00+05:30,-3.35,0.62,38.45,-15.52591133690468,595.2,851.29,127.65
1990-12-05 13:30:00+05:30,-2.54,0.69,37.1,-15.230348846290559,494.6,723.39,128.1
1990-12-05 14:30:00+05:30,-2.12,0.76,37.1,-14.853524057018376,346.15,599.54,97.35
1990-12-05 15:30:00+05:30,-2.1,0.83,34.15,-15.839106520964709,163.2,370.94,59.15
1990-12-05 16:30:00+05:30,-2.6,0.62,34.0,-16.336642980469367,21.05,101.91,9.6
1990-12-05 17:30:00+05:30,-3.87,0.55,41.75,-14.998580687260855,0.0,0.0,0.0
1990-12-05 18:30:00+05:30,-5.61,0.55,43.15,-16.18518175230057,0.0,0.0,0.0
1990-12-05 19:30:00+05:30,-7.58,0.62,50.7,-16.060166542118925,0.0,0.0,0.0
1990-12-05 20:30:00+05:30,-9.52,0.69,57.2,-16.425587884826808,0.0,0.0,0.0
1990-12-05 21:30:00+05:30,-11.62,0.83,64.7,-16.94196743132138,0.0,0.0,0.0
1990-12-05 22:30:00+05:30,-13.9,0.9,73.35,-17.63934530584888,0.0,0.0,0.0
1990-12-05 23:30:00+05:30,-14.98,0.97,76.5,-18.1889550787677,0.0,0.0,0.0
1990-12-06 00:30:00+05:30,-16.64,1.1,83.35,-18.799896120217024,0.0,0.0,0.0
1990-12-06 01:30:00+05:30,-17.88,1.1,87.0,-19.517302047199905,0.0,0.0,0.0
1990-12-06 02:30:00+05:30,-18.34,1.17,83.1,-20.50250230872692,0.0,0.0,0.0
1990-12-06 03:30:00+05:30,-18.6,1.17,79.45,-21.274768672899526,0.0,0.0,0.0
1990-12-06 04:30:00+05:30,-19.54,1.24,75.75,-22.73458702885487,0.0,0.0,0.0
1990-12-06 05:30:00+05:30,-19.71,1.17,69.05,-23.943215495343,0.0,0.0,0.0
1990-12-06 06:30:00+05:30,-22.75,1.24,62.35,-27.978368807007364,0.0,0.0,0.0
1990-12-06 07:30:00+05:30,-23.2,1.24,59.3,-28.94569278200531,66.63,0.0,66.63
1990-12-06 08:30:00+05:30,-21.32,1.24,54.1,-28.15759584513963,313.75,1069.09,77.75
1990-12-06 09:30:00+05:30,-17.67,1.17,45.8,-26.5695968681777,479.6,1039.66,96.35
1990-12-06 10:30:00+05:30,-13.87,1.03,44.75,-23.32787273138848,593.5,1034.16,100.45
1990-12-06 11:30:00+05:30,-10.76,0.97,43.45,-20.811422214106603,634.15,955.22,120.45
1990-12-06 12:30:00+05:30,-9.45,0.97,41.95,-20.021548855422918,612.9,908.55,115.45
1990-12-06 13:30:00+05:30,-8.07,0.97,40.55,-19.162055175372256,514.45,799.97,110.2
1990-12-06 14:30:00+05:30,-7.4,1.03,40.7,-18.510404336621388,378.4,738.16,72.75
1990-12-06 15:30:00+05:30,-7.33,1.17,40.7,-18.446848460704597,190.45,510.05,47.65
1990-12-06 16:30:00+05:30,-8.31,1.03,40.4,-19.42324822460931,23.3,115.01,10.4
1990-12-06 17:30:00+05:30,-10.55,0.97,47.7,-19.5354678595282,0.0,0.0,0.0
1990-12-06 18:30:00+05:30,-12.68,0.97,51.75,-20.56648641212999,0.0,0.0,0.0
1990-12-06 19:30:00+05:30,-14.76,1.1,61.2,-20.584969567885206,0.0,0.0,0.0
1990-12-06 20:30:00+05:30,-16.59,1.1,66.6,-21.356644073434747,0.0,0.0,0.0
1990-12-06 21:30:00+05:30,-17.96,1.17,72.65,-21.678917441645623,0.0,0.0,0.0
1990-12-06 22:30:00+05:30,-19.37,1.24,72.35,-23.089640968986554,0.0,0.0,0.0
1990-12-06 23:30:00+05:30,-20.93,1.24,75.45,-24.129702782793952,0.0,0.0,0.0
1990-12-07 00:30:00+05:30,-19.74,1.31,62.95,-25.00412192673715,0.0,0.0,0.0
1990-12-07 01:30:00+05:30,-20.26,1.31,59.95,-26.03842362974756,0.0,0.0,0.0
1990-12-07 02:30:00+05:30,-20.56,1.31,54.4,-27.383742177965217,0.0,0.0,0.0
1990-12-07 03:30:00+05:30,-21.08,1.38,51.7,-28.421556960151882,0.0,0.0,0.0
1990-12-07 04:30:00+05:30,-21.54,1.31,51.55,-28.88280595924991,0.0,0.0,0.0
1990-12-07 05:30:00+05:30,-21.88,1.24,51.45,-29.221402126680523,0.0,0.0,0.0
1990-12-07 06:30:00+05:30,-21.69,1.24,49.15,-29.53195858572194,0.0,0.0,0.0
1990-12-07 07:30:00+05:30,-22.06,1.24,49.0,-29.90867665364266,67.59,0.0,67.59
1990-12-07 08:30:00+05:30,-20.36,1.17,42.75,-29.78725745437166,312.4,1085.58,75.55
1990-12-07 09:30:00+05:30,-16.73,1.17,34.65,-28.73804961445742,476.35,1022.87,101.8
1990-12-07 10:30:00+05:30,-12.87,1.1,34.1,-25.456900127624447,584.4,973.3,122.55
1990-12-07 11:30:00+05:30,-9.56,0.9,33.45,-22.719675513694305,627.95,923.33,133.2
1990-12-07 12:30:00+05:30,-7.45,0.69,34.05,-20.63646635539377,586.5,804.23,147.45
1990-12-07 13:30:00+05:30,-5.75,0.62,33.0,-19.48827064078197,497.2,714.51,137.0
1990-12-07 14:30:00+05:30,-4.67,0.62,31.85,-18.94679965686365,345.95,563.68,113.0
1990-12-07 15:30:00+05:30,-4.31,0.69,32.0,-18.57335743572116,154.3,245.58,85.65
1990-12-07 16:30:00+05:30,-4.95,0.55,31.85,-19.194291731603503,19.25,43.27,14.4
1990-12-07 17:30:00+05:30,-6.22,0.41,34.35,-19.438172185712254,0.0,0.0,0.0
1990-12-07 18:30:00+05:30,-7.52,0.41,38.95,-19.13525672615112,0.0,0.0,0.0
1990-12-07 19:30:00+05:30,-8.83,0.48,44.05,-18.884560188360787,0.0,0.0,0.0
1990-12-07 20:30:00+05:30,-9.66,0.48,45.9,-19.164318388071024,0.0,0.0,0.0
1990-12-07 21:30:00+05:30,-9.92,0.41,45.75,-19.441827608849344,0.0,0.0,0.0
1990-12-07 22:30:00+05:30,-10.23,0.41,45.6,-19.765296324566247,0.0,0.0,0.0
1990-12-07 23:30:00+05:30,-10.77,0.41,47.55,-19.775485957705314,0.0,0.0,0.0
1990-12-08 00:30:00+05:30,-12.45,0.55,49.45,-20.877386149670297,0.0,0.0,0.0
1990-12-08 01:30:00+05:30,-13.24,0.62,51.45,-21.155742544494327,0.0,0.0,0.0
1990-12-08 02:30:00+05:30,-14.5,0.69,56.05,-21.3518811874409,0.0,0.0,0.0
1990-12-08 03:30:00+05:30,-15.68,0.83,58.35,-22.004343561693428,0.0,0.0,0.0
1990-12-08 04:30:00+05:30,-16.64,0.76,60.8,-22.445227124030893,0.0,0.0,0.0
1990-12-08 05:30:00+05:30,-17.52,0.83,63.45,-22.798404701868996,0.0,0.0,0.0
1990-12-08 06:30:00+05:30,-16.78,0.9,69.6,-21.03259065725594,0.0,0.0,0.0
1990-12-08 07:30:00+05:30,-17.13,0.9,66.5,-21.891352643366865,41.35,0.0,41.35
1990-12-08 08:30:00+05:30,-14.8,0.76,55.9,-21.664862725653872,299.05,1038.11,75.15
1990-12-08 09:30:00+05:30,-10.7,0.62,47.55,-19.710807717602584,477.45,1127.8,67.15
1990-12-08 10:30:00+05:30,-7.31,0.21,42.55,-17.90358186480541,574.8,961.21,120.75
1990-12-08 11:30:00+05:30,-4.93,0.21,39.7,-16.567321272819402,619.8,936.36,119.8
1990-12-08 12:30:00+05:30,-4.19,0.76,41.6,-15.333126266435828,577.3,824.34,128.5
1990-12-08 13:30:00+05:30,-3.06,2.41,32.45,-17.30245068695214,456.75,575.62,167.2
1990-12-08 14:30:00+05:30,-2.86,2.62,29.7,-18.176359978536194,331.5,509.86,121.15
1990-12-08 15:30:00+05:30,-3.21,1.79,30.9,-18.01563045755393,155.3,278.27,77.6
1990-12-08 16:30:00+05:30,-3.59,1.38,28.25,-19.402710104405042,20.7,75.83,12.2
1990-12-08 17:30:00+05:30,-4.37,0.34,32.0,-18.62640505304276,0.0,0.0,0.0
1990-12-08 18:30:00+05:30,-5.12,0.07,33.3,-18.822939199776055,0.0,0.0,0.0
1990-12-08 19:30:00+05:30,-6.39,0.21,39.25,-18.023455592447238,0.0,0.0,0.0
1990-12-08 20:30:00+05:30,-7.83,0.41,44.35,-17.888367767839718,0.0,0.0,0.0
1990-12-08 21:30:00+05:30,-9.2,0.48,50.15,-17.69545247965134,0.0,0.0,0.0
1990-12-08 22:30:00+05:30,-10.91,0.62,56.8,-17.818037732518373,0.0,0.0,0.0
1990-12-08 23:30:00+05:30,-12.72,0.76,64.5,-18.028711006727306,0.0,0.0,0.0
1990-12-09 00:30:00+05:30,-14.89,0.83,73.2,-18.621462838546478,0.0,0.0,0.0
1990-12-09 01:30:00+05:30,-15.68,0.9,69.9,-19.923627072381112,0.0,0.0,0.0
1990-12-09 02:30:00+05:30,-15.98,0.9,69.8,-20.229148113407568,0.0,0.0,0.0
1990-12-09 03:30:00+05:30,-16.64,0.97,69.7,-20.88125123751018,0.0,0.0,0.0
1990-12-09 04:30:00+05:30,-16.7,0.9,66.6,-21.462064615003644,0.0,0.0,0.0
1990-12-09 05:30:00+05:30,-16.78,0.9,66.5,-21.555956428463414,0.0,0.0,0.0
1990-12-09 06:30:00+05:30,-17.29,0.9,63.45,-22.579046730459616,0.0,0.0,0.0
1990-12-09 07:30:00+05:30,-17.38,0.9,63.45,-22.664881212126165,45.1,0.0,45.1
1990-12-09 08:30:00+05:30,-15.98,0.9,55.65,-22.825934472055092,284.65,958.24,80.3
1990-12-09 09:30:00+05:30,-12.69,0.76,49.45,-21.10017845726223,449.15,920.84,116.25
1990-12-09 10:30:00+05:30,-9.67,0.48,50.15,-18.131965550475833,566.1,983.6,103.5
1990-12-09 11:30:00+05:30,-7.46,0.14,46.5,-16.985649653630738,614.35,937.94,115.15
1990-12-09 12:30:00+05:30,-6.29,0.21,46.75,-15.843902923466155,571.2,823.68,123.9
1990-12-09 13:30:00+05:30,-5.27,0.69,43.15,-15.874804627660156,407.8,499.27,157.15
1990-12-09 14:30:00+05:30,-4.68,1.38,38.0,-16.865369108230006,296.3,411.32,126.85
1990-12-09 15:30:00+05:30,-4.55,1.45,33.45,-18.263721744086382,145.4,244.26,77.25
1990-12-09 16:30:00+05:30,-4.93,0.83,33.3,-18.65419576272206,19.55,65.06,12.25
1990-12-09 17:30:00+05:30,-5.87,0.55,37.7,-18.030903821786215,0.0,0.0,0.0
1990-12-09 18:30:00+05:30,-7.22,0.55,44.5,-17.289277731931197,0.0,0.0,0.0
1990-12-09 19:30:00+05:30,-8.53,0.55,48.25,-17.533055944252098,0.0,0.0,0.0
1990-12-09 20:30:00+05:30,-10.01,0.55,54.65,-17.43063718648063,0.0,0.0,0.0
1990-12-09 21:30:00+05:30,-11.65,0.69,61.95,-17.487967019494864,0.0,0.0,0.0
1990-12-09 22:30:00+05:30,-13.27,0.69,67.3,-18.052303995325897,0.0,0.0,0.0
1990-12-09 23:30:00+05:30,-14.41,0.69,73.3,-18.140916659744484,0.0,0.0,0.0
1990-12-10 00:30:00+05:30,-14.99,0.69,76.5,-18.198675748657177,0.0,0.0,0.0
1990-12-10 01:30:00+05:30,-16.04,0.76,79.8,-18.724084553694876,0.0,0.0,0.0
1990-12-10 02:30:00+05:30,-17.61,0.83,83.25,-19.76550302512724,0.0,0.0,0.0
1990-12-10 03:30:00+05:30,-18.14,0.9,79.5,-20.818417115948833,0.0,0.0,0.0
1990-12-10 04:30:00+05:30,-18.49,0.9,72.5,-22.215121126967645,0.0,0.0,0.0
1990-12-10 05:30:00+05:30,-18.93,0.9,72.45,-22.64849103906829,0.0,0.0,0.0
1990-12-10 06:30:00+05:30,-19.22,0.9,63.05,-24.490658903990166,0.0,0.0,0.0
1990-12-10 07:30:00+05:30,-19.36,0.9,62.95,-24.641835404947702,27.15,0.0,27.15
1990-12-10 08:30:00+05:30,-18.19,0.83,55.1,-25.01568474581755,239.05,658.58,100.15
1990-12-10 09:30:00+05:30,-15.28,0.76,53.25,-22.668821435945937,403.85,708.43,149.3
1990-12-10 10:30:00+05:30,-12.36,0.55,51.75,-20.268028898722616,531.75,882.56,118.4
1990-12-10 11:30:00+05:30,-10.05,0.34,50.0,-18.52021778280226,624.3,968.09,110.65
1990-12-10 12:30:00+05:30,-8.58,0.07,46.2,-18.0936694788346,599.95,947.36,86.7
1990-12-10 13:30:00+05:30,-7.69,0.41,44.35,-17.760084853435988,491.5,762.95,109.15
1990-12-10 14:30:00+05:30,-7.08,0.76,39.1,-18.692424279476736,279.65,377.41,124.35
1990-12-10 15:30:00+05:30,-7.21,1.1,38.95,-18.855087890778375,122.45,150.59,80.45
1990-12-10 16:30:00+05:30,-7.62,1.1,38.95,-19.225641523882594,17.2,42.25,12.45
1990-12-10 17:30:00+05:30,-8.32,0.9,44.2,-18.377362849289998,0.0,0.0,0.0
1990-12-10 18:30:00+05:30,-9.1,0.69,48.1,-18.097004095242472,0.0,0.0,0.0
1990-12-10 19:30:00+05:30,-10.15,0.62,52.3,-18.082671222786722,0.0,0.0,0.0
1990-12-10 20:30:00+05:30,-11.37,0.48,59.25,-17.751513809348047,0.0,0.0,0.0
1990-12-10 21:30:00+05:30,-12.75,0.55,64.5,-18.057344542826108,0.0,0.0,0.0
1990-12-10 22:30:00+05:30,-14.13,0.62,67.2,-18.894407442578196,0.0,0.0,0.0
1990-12-10 23:30:00+05:30,-15.22,0.69,70.0,-19.46395697766731,0.0,0.0,0.0
1990-12-11 00:30:00+05:30,-16.81,0.76,79.65,-19.497985024672445,0.0,0.0,0.0
1990-12-11 01:30:00+05:30,-17.8,0.76,79.5,-20.486470390566563,0.0,0.0,0.0
1990-12-11 02:30:00+05:30,-18.73,0.83,75.9,-21.925017307613516,0.0,0.0,0.0
1990-12-11 03:30:00+05:30,-19.28,0.9,79.3,-21.960266293214683,0.0,0.0,0.0
1990-12-11 04:30:00+05:30,-19.53,0.9,75.75,-22.724870760295154,0.0,0.0,0.0
1990-12-11 05:30:00+05:30,-20.05,0.97,75.65,-23.245042538655674,0.0,0.0,0.0
1990-12-11 06:30:00+05:30,-21.38,0.97,71.95,-25.095194379157356,0.0,0.0,0.0
1990-12-11 07:30:00+05:30,-21.94,1.03,68.55,-26.16979300748375,38.3,0.0,38.3
1990-12-11 08:30:00+05:30,-20.66,0.97,57.05,-26.96014620569072,259.2,888.63,73.8
1990-12-11 09:30:00+05:30,-17.48,1.03,50.3,-25.361794873155855,452.35,954.5,111.4
1990-12-11 10:30:00+05:30,-14.23,0.97,48.85,-22.66874686654744,573.5,956.62,127.25
1990-12-11 11:30:00+05:30,-11.81,0.9,45.3,-21.294813753813145,626.35,967.7,114.4
1990-12-11 12:30:00+05:30,-10.53,0.62,43.6,-20.561057733713984,575.45,769.43,159.5
1990-12-11 13:30:00+05:30,-9.38,0.55,41.95,-19.957740236117104,447.95,540.3,177.6
1990-12-11 14:30:00+05:30,-8.65,0.62,38.65,-20.24651773320159,281.8,297.61,159.45
1990-12-11 15:30:00+05:30,-8.53,0.76,36.95,-20.658964535318557,140.2,177.49,90.7
1990-12-11 16:30:00+05:30,-8.87,0.83,38.5,-20.49030347515027,18.95,45.69,13.8
1990-12-11 17:30:00+05:30,-9.88,0.76,41.8,-20.455020310652657,0.0,0.0,0.0
1990-12-11 18:30:00+05:30,-11.06,0.76,45.45,-20.566935933333173,0.0,0.0,0.0
1990-12-11 19:30:00+05:30,-12.19,0.76,47.4,-21.12421114510064,0.0,0.0,0.0
1990-12-11 20:30:00+05:30,-13.34,0.76,51.45,-21.248975665201723,0.0,0.0,0.0
1990-12-11 21:30:00+05:30,-14.32,0.83,56.05,-21.182512921356572,0.0,0.0,0.0
1990-12-11 22:30:00+05:30,-14.97,0.9,58.5,-21.303853698437877,0.0,0.0,0.0
1990-12-11 23:30:00+05:30,-15.33,0.9,58.35,-21.673551745360083,0.0,0.0,0.0
1990-12-12 00:30:00+05:30,-16.24,0.97,58.25,-22.553150918887557,0.0,0.0,0.0
1990-12-12 01:30:00+05:30,-16.71,1.03,58.1,-23.026544907646432,0.0,0.0,0.0
1990-12-12 02:30:00+05:30,-16.82,1.03,55.35,-23.676931737011643,0.0,0.0,0.0
1990-12-12 03:30:00+05:30,-16.86,1.03,52.85,-24.232701727795416,0.0,0.0,0.0
1990-12-12 04:30:00+05:30,-16.64,0.97,48.3,-25.03097639608457,0.0,0.0,0.0
1990-12-12 05:30:00+05:30,-16.61,0.97,46.1,-25.519671592326194,0.0,0.0,0.0
1990-12-12 06:30:00+05:30,-15.88,0.97,46.25,-24.809920503710572,0.0,0.0,0.0
1990-12-12 07:30:00+05:30,-15.85,0.97,46.25,-24.782232157544307,59.6,0.0,59.6
1990-12-12 08:30:00+05:30,-14.84,0.9,42.4,-24.82138016210666,214.65,317.77,149.05
1990-12-12 09:30:00+05:30,-12.17,0.83,41.35,-22.665869012419503,346.35,321.39,232.2
1990-12-12 10:30:00+05:30,-9.43,0.62,41.95,-20.003317644848703,472.5,487.39,246.0
1990-12-12 11:30:00+05:30,-7.08,0.28,37.4,-19.213864596546394,524.2,530.04,244.55
1990-12-12 12:30:00+05:30,-5.98,0.21,36.05,-18.65751865542728,544.5,633.05,202.95
1990-12-12 13:30:00+05:30,-4.69,1.03,34.8,-17.920656364808913,403.6,423.74,191.85
1990-12-12 14:30:00+05:30,-4.15,2.07,30.6,-18.957888017768383,270.1,251.68,166.7
1990-12-12 15:30:00+05:30,-4.19,1.72,29.25,-19.520934929525968,147.6,228.32,83.9
1990-12-12 16:30:00+05:30,-4.67,1.03,29.1,-20.001131540343216,18.75,43.31,13.85
1990-12-12 17:30:00+05:30,-5.44,0.48,30.3,-20.20769108104978,0.0,0.0,0.0
1990-12-12 18:30:00+05:30,-6.4,0.28,34.35,-19.59865266094312,0.0,0.0,0.0
1990-12-12 19:30:00+05:30,-7.51,0.28,38.95,-19.126218454426862,0.0,0.0,0.0
1990-12-12 20:30:00+05:30,-8.53,0.34,42.25,-19.09960901547217,0.0,0.0,0.0
1990-12-12 21:30:00+05:30,-9.54,0.48,48.0,-18.528360238873073,0.0,0.0,0.0
1990-12-12 22:30:00+05:30,-10.32,0.48,52.15,-18.27519660775879,0.0,0.0,0.0
1990-12-12 23:30:00+05:30,-11.1,0.55,54.35,-18.517339171278685,0.0,0.0,0.0
1990-12-13 00:30:00+05:30,-12.34,0.62,59.15,-18.688798360040565,0.0,0.0,0.0
1990-12-13 01:30:00+05:30,-13.35,0.69,64.35,-18.65743877551026,0.0,0.0,0.0
1990-12-13 02:30:00+05:30,-14.18,0.76,64.25,-19.467764711099523,0.0,0.0,0.0
1990-12-13 03:30:00+05:30,-14.89,0.76,66.95,-19.666613551811736,0.0,0.0,0.0
1990-12-13 04:30:00+05:30,-15.08,0.83,64.05,-20.362868126350783,0.0,0.0,0.0
1990-12-13 05:30:00+05:30,-15.01,0.83,64.05,-20.296074330953253,0.0,0.0,0.0
1990-12-13 06:30:00+05:30,-15.24,0.83,61.1,-21.059644705019814,0.0,0.0,0.0
1990-12-13 07:30:00+05:30,-15.35,0.83,61.1,-21.164099330944403,58.7,0.0,58.7
1990-12-13 08:30:00+05:30,-14.32,0.83,56.05,-21.182512921356572,218.55,376.85,141.55
1990-12-13 09:30:00+05:30,-11.71,0.76,49.6,-20.155406406223666,343.85,341.13,223.35
1990-12-13 10:30:00+05:30,-9.15,0.69,46.05,-18.6566725966968,485.1,573.27,219.65
1990-12-13 11:30:00+05:30,-6.85,0.69,40.85,-17.967559487262122,509.95,499.94,246.85
1990-12-13 12:30:00+05:30,-6.07,0.55,39.4,-17.6889115991839,405.5,256.6,267.3
1990-12-13 13:30:00+05:30,-5.52,0.83,39.55,-17.14627605812109,330.3,178.0,241.45
1990-12-13 14:30:00+05:30,-5.25,1.03,41.3,-16.383651652848595,196.25,47.97,176.55
1990-12-13 15:30:00+05:30,-5.57,1.17,41.3,-16.674415412528173,82.1,18.09,77.05
1990-12-13 16:30:00+05:30,-6.34,0.97,46.75,-15.889950608194917,10.8,7.04,10.0
1990-12-13 17:30:00+05:30,-7.16,0.9,50.85,-15.634207257985148,0.0,0.0,0.0
1990-12-13 18:30:00+05:30,-7.82,0.83,57.6,-14.740140080709462,0.0,0.0,0.0
1990-12-13 19:30:00+05:30,-8.39,0.76,60.0,-14.781371614841545,0.0,0.0,0.0
1990-12-13 20:30:00+05:30,-8.81,0.69,65.25,-14.156884653532023,0.0,0.0,0.0
1990-12-13 21:30:00+05:30,-9.24,0.69,65.15,-14.58620171385386,0.0,0.0,0.0
1990-12-13 22:30:00+05:30,-9.73,0.69,67.9,-14.550971020483582,0.0,0.0,0.0
1990-12-13 23:30:00+05:30,-10.13,0.76,65.05,-15.454639667516552,0.0,0.0,0.0
1990-12-14 00:30:00+05:30,-10.36,0.69,67.8,-15.173124850097953,0.0,0.0,0.0
1990-12-14 01:30:00+05:30,-10.54,0.69,67.8,-15.34576032307957,0.0,0.0,0.0
1990-12-14 02:30:00+05:30,-10.86,0.76,67.7,-15.670508049631255,0.0,0.0,0.0
1990-12-14 03:30:00+05:30,-11.26,0.76,70.6,-15.54816733308346,0.0,0.0,0.0
1990-12-14 04:30:00+05:30,-11.94,0.83,67.6,-16.724021681681656,0.0,0.0,0.0
1990-12-14 05:30:00+05:30,-12.5,0.83,67.5,-17.27873863635502,0.0,0.0,0.0
1990-12-14 06:30:00+05:30,-12.5,0.9,67.5,-17.27873863635502,0.0,0.0,0.0
1990-12-14 07:30:00+05:30,-12.62,0.9,64.6,-17.914927174255293,62.25,0.0,62.25
1990-12-14 08:30:00+05:30,-11.89,0.97,61.95,-17.716019441319958,222.25,327.74,155.95
1990-12-14 09:30:00+05:30,-10.14,0.9,57.1,-17.03040048577308,362.05,366.54,233.25
1990-12-14 10:30:00+05:30,-7.82,0.83,57.6,-14.740140080709462,484.2,505.66,250.85
1990-12-14 11:30:00+05:30,-5.66,0.76,53.35,-13.651910486515831,520.35,466.54,275.4
1990-12-14 12:30:00+05:30,-4.59,0.76,49.4,-13.60272799148284,507.15,468.08,255.45
1990-12-14 13:30:00+05:30,-3.74,0.69,40.0,-15.399928231293742,351.45,206.43,248.5
1990-12-14 14:30:00+05:30,-3.48,0.62,35.25,-16.687849858735547,252.5,203.95,168.75
1990-12-14 15:30:00+05:30,-3.57,0.48,33.75,-17.28710590947407,116.0,137.03,77.7
1990-12-14 16:30:00+05:30,-4.11,0.34,33.6,-17.81988928928561,15.3,15.32,13.55
1990-12-14 17:30:00+05:30,-5.01,0.28,36.35,-17.690378881458624,0.0,0.0,0.0
1990-12-14 18:30:00+05:30,-6.06,0.41,41.15,-17.163093353110696,0.0,0.0,0.0
1990-12-14 19:30:00+05:30,-7.3,0.48,48.55,-16.32147993517802,0.0,0.0,0.0
1990-12-14 20:30:00+05:30,-8.57,0.55,52.7,-16.517486726733846,0.0,0.0,0.0
1990-12-14 21:30:00+05:30,-9.6,0.55,54.75,-17.02453281826728,0.0,0.0,0.0
1990-12-14 22:30:00+05:30,-10.57,0.62,59.5,-16.9447676052149,0.0,0.0,0.0
1990-12-14 23:30:00+05:30,-11.71,0.62,61.95,-17.544979006744015,0.0,0.0,0.0
1990-12-15 00:30:00+05:30,-12.51,0.69,64.6,-17.809924006141927,0.0,0.0,0.0
1990-12-15 01:30:00+05:30,-12.95,0.76,64.5,-18.24823917430532,0.0,0.0,0.0
1990-12-15 02:30:00+05:30,-13.73,0.9,70.2,-17.995359125555236,0.0,0.0,0.0
1990-12-15 03:30:00+05:30,-14.38,0.9,70.1,-18.638214475105208,0.0,0.0,0.0
1990-12-15 04:30:00+05:30,-15.29,0.83,73.1,-19.024528347096144,0.0,0.0,0.0
1990-12-15 05:30:00+05:30,-15.63,0.97,69.9,-19.875475686083288,0.0,0.0,0.0
1990-12-15 06:30:00+05:30,-16.59,1.03,63.65,-21.87554464035313,0.0,0.0,0.0
1990-12-15 07:30:00+05:30,-16.88,1.03,63.55,-22.170097898052834,58.8,0.0,58.8
1990-12-15 08:30:00+05:30,-16.23,1.03,55.65,-23.061099517142893,218.9,300.73,158.65
1990-12-15 09:30:00+05:30,-14.45,1.03,53.55,-21.827670022324334,374.45,461.47,213.1
1990-12-15 10:30:00+05:30,-12.14,0.9,51.85,-20.04043147018409,497.45,582.49,229.5
1990-12-15 11:30:00+05:30,-10.0,0.69,52.3,-17.942715433879993,514.6,428.7,290.0
1990-12-15 12:30:00+05:30,-8.84,0.83,50.3,-17.325606306434935,460.0,271.32,314.3
1990-12-15 13:30:00+05:30,-8.09,0.83,46.35,-17.604176543523092,420.2,400.89,220.4
1990-12-15 14:30:00+05:30,-7.73,1.03,48.4,-16.756256630364458,289.3,302.77,164.95
1990-12-15 15:30:00+05:30,-7.88,1.17,48.4,-16.894976792615928,146.95,228.81,82.9
1990-12-15 16:30:00+05:30,-8.52,0.97,50.45,-16.992844446736104,16.5,35.67,12.4
1990-12-15 17:30:00+05:30,-9.4,0.62,52.4,-17.36022851466891,0.0,0.0,0.0
1990-12-15 18:30:00+05:30,-10.38,0.34,56.95,-17.28774198616005,0.0,0.0,0.0
1990-12-15 19:30:00+05:30,-11.26,0.28,61.95,-17.117407271993905,0.0,0.0,0.0
1990-12-15 20:30:00+05:30,-12.02,0.28,59.25,-18.366257087685092,0.0,0.0,0.0
1990-12-15 21:30:00+05:30,-12.88,0.34,64.5,-18.181425184654852,0.0,0.0,0.0
1990-12-15 22:30:00+05:30,-13.73,0.48,70.2,-17.995359125555236,0.0,0.0,0.0
1990-12-15 23:30:00+05:30,-14.28,0.55,70.1,-18.541903795346332,0.0,0.0,0.0
1990-12-16 00:30:00+05:30,-15.56,0.55,69.9,-19.808064408883048,0.0,0.0,0.0
1990-12-16 01:30:00+05:30,-15.95,0.55,69.8,-20.200260116631366,0.0,0.0,0.0
1990-12-16 02:30:00+05:30,-16.52,0.62,66.6,-21.289559395915372,0.0,0.0,0.0
1990-12-16 03:30:00+05:30,-17.18,0.69,66.5,-21.939268175145227,0.0,0.0,0.0
1990-12-16 04:30:00+05:30,-17.7,0.69,66.4,-22.454723436945084,0.0,0.0,0.0
1990-12-16 05:30:00+05:30,-18.67,0.76,66.2,-23.41831518314307,0.0,0.0,0.0
1990-12-16 06:30:00+05:30,-20.72,0.83,65.7,-25.466749562355584,0.0,0.0,0.0
1990-12-16 07:30:00+05:30,-21.62,0.9,65.5,-26.362259905466235,38.0,0.0,38.0
1990-12-16 08:30:00+05:30,-20.9,0.97,59.7,-26.69141444024161,285.0,1036.36,79.3
1990-12-16 09:30:00+05:30,-18.51,0.9,54.95,-25.346754904729814,428.7,850.03,132.9
1990-12-16 10:30:00+05:30,-16.06,0.83,53.15,-23.42031403308157,581.05,1038.62,104.7
1990-12-16 11:30:00+05:30,-13.8,0.76,51.3,-21.711301043905394,637.15,1026.88,100.2
1990-12-16 12:30:00+05:30,-13.35,0.76,49.15,-21.782558463730407,609.45,921.46,115.2
1990-12-16 13:30:00+05:30,-12.29,0.97,47.25,-21.253052407413062,533.85,900.8,85.1
1990-12-16 14:30:00+05:30,-11.63,1.1,45.3,-21.129278103277066,389.8,785.28,67.15
1990-12-16 15:30:00+05:30,-11.64,1.1,45.3,-21.138474251169626,200.35,547.36,46.85
1990-12-16 16:30:00+05:30,-12.26,0.9,45.15,-21.74664908733921,27.25,140.81,10.95
1990-12-16 17:30:00+05:30,-13.71,0.62,46.95,-22.637535150190725,0.0,0.0,0.0
1990-12-16 18:30:00+05:30,-15.35,0.62,53.25,-22.734355525935754,0.0,0.0,0.0
1990-12-16 19:30:00+05:30,-16.93,0.69,55.35,-23.78036821101215,0.0,0.0,0.0
1990-12-16 20:30:00+05:30,-18.43,0.76,60.35,-24.228106057129,0.0,0.0,0.0
1990-12-16 21:30:00+05:30,-19.63,0.83,60.1,-25.413068449182163,0.0,0.0,0.0
1990-12-16 22:30:00+05:30,-20.63,0.83,59.8,-26.416966972601372,0.0,0.0,0.0
1990-12-16 23:30:00+05:30,-21.78,0.9,59.55,-27.553523006933176,0.0,0.0,0.0
1990-12-17 00:30:00+05:30,-22.9,0.9,59.3,-28.661173918836685,0.0,0.0,0.0
1990-12-17 01:30:00+05:30,-23.85,0.97,59.05,-29.60718909410038,0.0,0.0,0.0
1990-12-17 02:30:00+05:30,-24.41,0.9,53.4,-31.197889398537185,0.0,0.0,0.0
1990-12-17 03:30:00+05:30,-24.77,0.97,48.4,-32.558346753784754,0.0,0.0,0.0
1990-12-17 04:30:00+05:30,-25.25,0.97,45.9,-33.54990560161134,0.0,0.0,0.0
1990-12-17 05:30:00+05:30,-25.68,0.97,43.5,-34.494878826567756,0.0,0.0,0.0
1990-12-17 06:30:00+05:30,-26.79,0.97,39.0,-36.609787318933996,0.0,0.0,0.0
1990-12-17 07:30:00+05:30,-27.01,0.97,38.8,-36.86134956792079,32.9,0.0,32.9
1990-12-17 08:30:00+05:30,-25.55,0.97,32.0,-37.45221973341698,298.1,1195.2,63.0
1990-12-17 09:30:00+05:30,-22.37,0.9,29.75,-35.350199177703225,470.75,1136.18,77.15
1990-12-17 10:30:00+05:30,-18.59,0.83,34.05,-30.591036485698677,586.65,1078.01,93.6
1990-12-17 11:30:00+05:30,-15.49,0.76,33.35,-28.040164107367175,644.05,1082.59,78.95
1990-12-17 12:30:00+05:30,-13.52,0.69,30.9,-27.116505135319226,626.25,1026.28,76.3
1990-12-17 13:30:00+05:30,-12.06,0.83,28.55,-26.69316328168285,539.6,940.45,71.2
1990-12-17 14:30:00+05:30,-11.2,0.83,28.55,-25.938820429822517,392.5,804.57,61.7
1990-12-17 15:30:00+05:30,-10.96,0.83,27.35,-26.20106333930757,201.75,557.35,45.1
1990-12-17 16:30:00+05:30,-11.56,0.76,28.55,-26.254548587666623,27.8,146.16,10.75
1990-12-17 17:30:00+05:30,-13.39,0.69,30.9,-27.00144984852075,0.0,0.0,0.0
1990-12-17 18:30:00+05:30,-15.44,0.69,36.7,-26.95645858861733,0.0,0.0,0.0
1990-12-17 19:30:00+05:30,-17.35,0.76,39.7,-27.832050609219813,0.0,0.0,0.0
1990-12-17 20:30:00+05:30,-18.93,0.83,43.2,-28.36341043965342,0.0,0.0,0.0
1990-12-17 21:30:00+05:30,-20.19,0.9,47.25,-28.56116670647233,0.0,0.0,0.0
1990-12-17 22:30:00+05:30,-21.25,0.97,46.95,-29.61103177145607,0.0,0.0,0.0
1990-12-17 23:30:00+05:30,-22.05,0.97,46.65,-30.419694763623095,0.0,0.0,0.0
1990-12-18 00:30:00+05:30,-22.48,0.97,46.65,-30.817780890005515,0.0,0.0,0.0
1990-12-18 01:30:00+05:30,-23.01,1.03,44.25,-31.860244897102966,0.0,0.0,0.0
1990-12-18 02:30:00+05:30,-23.53,1.03,41.95,-32.89145493103828,0.0,0.0,0.0
1990-12-18 03:30:00+05:30,-24.19,1.1,41.8,-33.533196261329294,0.0,0.0,0.0
1990-12-18 04:30:00+05:30,-24.5,1.1,39.6,-34.368775047006565,0.0,0.0,0.0
1990-12-18 05:30:00+05:30,-24.76,1.1,37.65,-35.11709816460911,0.0,0.0,0.0
1990-12-18 06:30:00+05:30,-24.49,1.17,37.65,-34.87211800648229,0.0,0.0,0.0
1990-12-18 07:30:00+05:30,-24.64,1.17,35.8,-35.516381933561256,34.15,0.0,34.15
1990-12-18 08:30:00+05:30,-23.32,1.1,32.65,-35.25802485061526,287.85,1115.82,70.25
1990-12-18 09:30:00+05:30,-19.85,1.1,31.95,-32.382303259077695,459.8,1087.67,84.6
1990-12-18 10:30:00+05:30,-15.76,1.03,33.2,-28.3297877519667,564.85,1006.88,105.5
1990-12-18 11:30:00+05:30,-12.4,0.97,34.25,-24.988187325519718,628.35,1000.21,107.05
1990-12-18 12:30:00+05:30,-10.48,0.83,34.7,-23.125388791983607,610.95,946.19,104.3
1990-12-18 13:30:00+05:30,-8.94,0.76,32.1,-22.636147255243273,530.4,897.97,83.15
1990-12-18 14:30:00+05:30,-8.08,0.69,30.95,-22.290064477363735,386.75,779.27,66.05
1990-12-18 15:30:00+05:30,-7.83,0.69,32.4,-21.545900340469863,200.25,552.19,44.65
1990-12-18 16:30:00+05:30,-8.59,0.69,32.25,-22.272849870678307,27.8,143.23,10.95
1990-12-18 17:30:00+05:30,-10.45,0.69,38.05,-22.052124682491527,0.0,0.0,0.0
1990-12-18 18:30:00+05:30,-12.45,0.76,41.2,-22.962138390586723,0.0,0.0,0.0
1990-12-18 19:30:00+05:30,-14.38,0.83,46.7,-23.316705326129046,0.0,0.0,0.0
1990-12-18 20:30:00+05:30,-16.04,0.9,48.45,-24.440057498359284,0.0,0.0,0.0
1990-12-18 21:30:00+05:30,-17.33,0.97,52.7,-24.704257400307192,0.0,0.0,0.0
1990-12-18 22:30:00+05:30,-18.36,1.03,52.45,-25.720695919457025,0.0,0.0,0.0
1990-12-18 23:30:00+05:30,-19.34,1.1,54.7,-26.17719424740862,0.0,0.0,0.0
1990-12-19 00:30:00+05:30,-20.81,1.17,54.25,-27.648585034705388,0.0,0.0,0.0
1990-12-19 01:30:00+05:30,-21.37,1.1,54.1,-28.20456091363833,0.0,0.0,0.0
1990-12-19 02:30:00+05:30,-21.65,1.17,49.15,-29.49474186020236,0.0,0.0,0.0
1990-12-19 03:30:00+05:30,-22.03,1.24,46.65,-30.4011805567578,0.0,0.0,0.0
1990-12-19 04:30:00+05:30,-22.39,1.24,44.4,-31.253711313700816,0.0,0.0,0.0
1990-12-19 05:30:00+05:30,-22.87,1.31,44.25,-31.731280175347987,0.0,0.0,0.0
1990-12-19 06:30:00+05:30,-22.04,1.31,46.65,-30.41043764433697,0.0,0.0,0.0
1990-12-19 07:30:00+05:30,-22.3,1.31,44.4,-31.17079568652006,32.75,0.0,32.75
1990-12-19 08:30:00+05:30,-21.09,1.31,40.55,-31.013195601984446,285.15,1121.19,68.3
1990-12-19 09:30:00+05:30,-17.43,1.24,36.05,-28.94255538102449,458.0,1083.56,85.7
1990-12-19 10:30:00+05:30,-13.51,1.1,37.3,-25.037618520036194,576.7,1053.93,97.0
1990-12-19 11:30:00+05:30,-9.85,0.97,38.2,-21.4654256477662,629.0,1001.15,107.9
1990-12-19 12:30:00+05:30,-7.54,0.62,37.25,-19.674677020739143,615.7,976.12,93.3
1990-12-19 13:30:00+05:30,-5.71,0.41,36.05,-18.415630157068833,533.7,917.74,76.5
1990-12-19 14:30:00+05:30,-4.67,0.34,34.8,-17.902814492890005,389.6,792.16,63.2
1990-12-19 15:30:00+05:30,-4.47,0.41,33.45,-18.19265605185388,201.0,542.97,47.55
1990-12-19 16:30:00+05:30,-5.32,0.28,36.2,-18.01718276952048,28.9,149.92,11.1
1990-12-19 17:30:00+05:30,-6.93,0.21,40.85,-18.040209059488927,0.0,0.0,0.0
1990-12-19 18:30:00+05:30,-8.62,0.41,42.25,-19.1816831152184,0.0,0.0,0.0
1990-12-19 19:30:00+05:30,-10.64,0.55,47.7,-19.618649049192353,0.0,0.0,0.0
1990-12-19 20:30:00+05:30,-12.63,0.62,51.75,-20.51985055570615,0.0,0.0,0.0
1990-12-19 21:30:00+05:30,-14.77,0.62,58.5,-21.11480887395227,0.0,0.0,0.0
1990-12-19 22:30:00+05:30,-16.89,0.76,63.55,-22.17963572177538,0.0,0.0,0.0
1990-12-19 23:30:00+05:30,-18.23,0.83,63.3,-23.50227152264311,0.0,0.0,0.0
1990-12-20 00:30:00+05:30,-19.08,0.97,60.2,-24.87271309668383,0.0,0.0,0.0
1990-12-20 01:30:00+05:30,-21.45,1.03,65.5,-26.19946397177089,0.0,0.0,0.0
1990-12-20 02:30:00+05:30,-22.01,1.17,62.35,-27.273122059566685,0.0,0.0,0.0
1990-12-20 03:30:00+05:30,-22.56,1.17,56.65,-28.829937174404463,0.0,0.0,0.0
1990-12-20 04:30:00+05:30,-23.23,1.24,59.3,-28.97414578374493,0.0,0.0,0.0
1990-12-20 05:30:00+05:30,-23.17,1.17,53.85,-29.94488496600542,0.0,0.0,0.0
1990-12-20 06:30:00+05:30,-24.06,1.24,51.0,-31.35179741141921,0.0,0.0,0.0
1990-12-20 07:30:00+05:30,-24.16,1.24,48.55,-31.958939564520495,43.5,0.0,43.5
1990-12-20 08:30:00+05:30,-22.86,1.24,44.25,-31.722068661913358,285.8,1139.67,67.1
1990-12-20 09:30:00+05:30,-19.12,1.17,39.25,-29.563530999275585,458.95,1085.97,87.2
1990-12-20 10:30:00+05:30,-15.25,1.03,40.3,-25.7580318792477,579.05,1072.75,91.8
1990-12-20 11:30:00+05:30,-12.08,0.97,39.5,-23.10231660922734,603.35,856.08,158.25
1990-12-20 12:30:00+05:30,-10.58,0.83,39.85,-21.64147595819729,535.05,552.05,239.7
1990-12-20 13:30:00+05:30,-9.06,0.76,36.8,-21.182414841689955,408.3,358.94,229.4
1990-12-20 14:30:00+05:30,-8.28,0.9,35.3,-20.961730049897895,274.7,216.9,185.2
1990-12-20 15:30:00+05:30,-8.12,0.97,33.9,-21.28441213353013,129.0,80.24,106.25
1990-12-20 16:30:00+05:30,-8.83,0.69,38.5,-20.454173862783414,21.25,44.2,15.95
1990-12-20 17:30:00+05:30,-10.03,0.62,41.8,-20.591730754091486,0.0,0.0,0.0
1990-12-20 18:30:00+05:30,-11.07,0.69,45.45,-20.576133381452664,0.0,0.0,0.0
1990-12-20 19:30:00+05:30,-12.05,0.76,47.4,-20.994837262759148,0.0,0.0,0.0
1990-12-20 20:30:00+05:30,-12.99,0.83,49.3,-21.41355711171169,0.0,0.0,0.0
1990-12-20 21:30:00+05:30,-13.85,0.83,53.7,-21.233665404016882,0.0,0.0,0.0
1990-12-20 22:30:00+05:30,-14.57,0.83,53.55,-21.940053622007976,0.0,0.0,0.0
1990-12-20 23:30:00+05:30,-14.99,0.83,53.4,-22.365341327542676,0.0,0.0,0.0
1990-12-21 00:30:00+05:30,-15.42,0.76,55.75,-22.278783384271765,0.0,0.0,0.0
1990-12-21 01:30:00+05:30,-15.01,0.76,53.4,-22.384069102434786,0.0,0.0,0.0
1990-12-21 02:30:00+05:30,-14.8,0.69,53.4,-22.187432760686573,0.0,0.0,0.0
1990-12-21 03:30:00+05:30,-14.69,0.69,53.55,-22.052441027349378,0.0,0.0,0.0
1990-12-21 04:30:00+05:30,-14.57,0.69,53.55,-21.940053622007976,0.0,0.0,0.0
1990-12-21 05:30:00+05:30,-14.64,0.76,53.55,-22.005612479284927,0.0,0.0,0.0
1990-12-21 06:30:00+05:30,-13.83,0.69,58.75,-20.1769536212157,0.0,0.0,0.0
1990-12-21 07:30:00+05:30,-13.81,0.69,61.45,-19.63539174364455,47.75,0.0,47.75
1990-12-21 08:30:00+05:30,-13.0,0.69,59.0,-19.342719471602393,167.65,130.99,142.7
1990-12-21 09:30:00+05:30,-11.18,0.62,56.8,-18.072220965012406,284.6,146.71,234.55
1990-12-21 10:30:00+05:30,-9.25,0.48,59.75,-15.645703519658145,369.45,136.31,307.65
1990-12-21 11:30:00+05:30,-7.84,0.41,57.6,-14.75898103220117,430.35,207.33,322.65
1990-12-21 12:30:00+05:30,-7.42,0.69,60.25,-13.812552398738198,431.55,274.05,284.95
1990-12-21 13:30:00+05:30,-6.55,1.24,55.55,-13.988933363208066,292.75,132.43,226.7
1990-12-21 14:30:00+05:30,-6.34,1.31,55.55,-13.791938098815027,242.95,198.5,160.9
1990-12-21 15:30:00+05:30,-6.4,1.24,58.0,-13.317391517616327,125.6,97.69,97.8
1990-12-21 16:30:00+05:30,-6.83,0.9,60.4,-13.223485480247197,18.4,21.87,15.75
1990-12-21 17:30:00+05:30,-7.62,0.48,62.9,-13.47316431828013,0.0,0.0,0.0
1990-12-21 18:30:00+05:30,-8.37,0.28,71.2,-12.659843739017722,0.0,0.0,0.0
1990-12-21 19:30:00+05:30,-9.01,0.21,74.15,-12.774955008790558,0.0,0.0,0.0
1990-12-21 20:30:00+05:30,-9.64,0.21,74.1,-13.393191353628259,0.0,0.0,0.0
1990-12-21 21:30:00+05:30,-10.09,0.34,77.2,-13.324755281326397,0.0,0.0,0.0
1990-12-21 22:30:00+05:30,-10.39,0.34,73.9,-14.152391467117509,0.0,0.0,0.0
1990-12-21 23:30:00+05:30,-11.14,0.41,67.7,-15.939036295038129,0.0,0.0,0.0
1990-12-22 00:30:00+05:30,-11.58,0.41,80.35,-14.285975563292356,0.0,0.0,0.0
1990-12-22 01:30:00+05:30,-11.93,0.48,77.0,-15.14569895504194,0.0,0.0,0.0
1990-12-22 02:30:00+05:30,-12.03,0.62,77.0,-15.242937020199536,0.0,0.0,0.0
1990-12-22 03:30:00+05:30,-12.46,0.62,76.9,-15.676768293655266,0.0,0.0,0.0
1990-12-22 04:30:00+05:30,-13.66,0.69,80.15,-16.34777798174688,0.0,0.0,0.0
1990-12-22 05:30:00+05:30,-14.05,0.69,76.65,-17.261661051468582,0.0,0.0,0.0
1990-12-22 06:30:00+05:30,-14.16,0.76,76.65,-17.368598898723572,0.0,0.0,0.0
1990-12-22 07:30:00+05:30,-14.14,0.76,73.35,-17.871582736293693,51.35,0.0,51.35
1990-12-22 08:30:00+05:30,-13.9,0.76,70.2,-18.159098078670706,179.45,118.16,157.1
1990-12-22 09:30:00+05:30,-12.37,0.62,73.65,-16.109926896468597,293.7,116.59,254.05
1990-12-22 10:30:00+05:30,-10.1,0.55,74.0,-13.85510655981259,405.8,178.84,324.85
1990-12-22 11:30:00+05:30,-8.24,0.55,68.25,-13.058572305122706,452.75,216.81,340.2
1990-12-22 12:30:00+05:30,-7.41,0.41,65.6,-12.753979254823506,402.85,168.41,312.75
1990-12-22 13:30:00+05:30,-6.71,0.34,65.7,-12.066423626086282,320.45,116.19,262.45
1990-12-22 14:30:00+05:30,-6.18,0.55,63.1,-12.064506124529492,252.05,75.69,220.7
1990-12-22 15:30:00+05:30,-5.85,0.62,63.25,-11.72103008798299,121.85,31.85,112.75
1990-12-22 16:30:00+05:30,-5.98,0.41,63.25,-11.844677896163812,14.8,1.22,14.65
1990-12-22 17:30:00+05:30,-6.42,0.21,65.8,-11.770422581112037,0.0,0.0,0.0
1990-12-22 18:30:00+05:30,-7.08,0.07,68.55,-11.891062316775187,0.0,0.0,0.0
1990-12-22 19:30:00+05:30,-7.7,0.14,77.55,-10.944070623647656,0.0,0.0,0.0
1990-12-22 20:30:00+05:30,-8.21,0.21,80.8,-10.92457572349379,0.0,0.0,0.0
1990-12-22 21:30:00+05:30,-8.66,0.21,77.45,-11.893953472517277,0.0,0.0,0.0
1990-12-22 22:30:00+05:30,-9.08,0.21,80.7,-11.790092351797998,0.0,0.0,0.0
1990-12-22 23:30:00+05:30,-9.32,0.28,80.65,-12.032295422669273,0.0,0.0,0.0
1990-12-23 00:30:00+05:30,-9.11,0.14,74.15,-12.871765138582624,0.0,0.0,0.0
1990-12-23 01:30:00+05:30,-9.6,0.21,71.0,-13.879926560763188,0.0,0.0,0.0
1990-12-23 02:30:00+05:30,-10.33,0.41,70.8,-14.617841102481753,0.0,0.0,0.0
1990-12-23 03:30:00+05:30,-10.9,0.48,70.7,-15.184204904272384,0.0,0.0,0.0
1990-12-23 04:30:00+05:30,-11.42,0.48,70.6,-15.70230574362865,0.0,0.0,0.0
1990-12-23 05:30:00+05:30,-12.01,0.62,67.6,-16.79115492947667,0.0,0.0,0.0
1990-12-23 06:30:00+05:30,-11.68,0.62,70.6,-15.952789052429674,0.0,0.0,0.0
1990-12-23 07:30:00+05:30,-11.76,0.62,70.6,-16.029862930068035,51.4,0.0,51.4
1990-12-23 08:30:00+05:30,-11.66,0.62,70.6,-15.933520736722661,203.05,332.34,140.6
1990-12-23 09:30:00+05:30,-10.76,0.48,73.8,-14.527053140355589,342.5,321.57,233.45
1990-12-23 10:30:00+05:30,-8.94,0.41,80.7,-11.653316818287152,455.95,338.16,303.1
1990-12-23 11:30:00+05:30,-7.02,0.41,71.5,-11.306136832021046,547.0,547.25,263.05
1990-12-23 12:30:00+05:30,-5.9,0.9,63.25,-11.768586540517743,522.8,501.91,254.2
1990-12-23 13:30:00+05:30,-5.64,0.9,58.2,-12.558517779108776,399.4,334.16,232.4
1990-12-23 14:30:00+05:30,-5.51,0.76,53.5,-13.477281362092269,290.1,249.7,186.45
1990-12-23 15:30:00+05:30,-5.8,0.62,55.7,-13.252171929285186,167.2,304.78,79.75
1990-12-23 16:30:00+05:30,-6.39,0.55,63.1,-12.264209168565245,23.75,66.94,15.45
1990-12-23 17:30:00+05:30,-7.09,0.48,63.0,-12.949566117058401,0.0,0.0,0.0
1990-12-23 18:30:00+05:30,-8.38,0.34,71.2,-12.669481604050999,0.0,0.0,0.0
1990-12-23 19:30:00+05:30,-9.79,0.41,77.2,-13.033031457155255,0.0,0.0,0.0
1990-12-23 20:30:00+05:30,-11.06,0.41,80.45,-13.762799595770238,0.0,0.0,0.0
1990-12-23 21:30:00+05:30,-12.24,0.55,80.3,-14.938226575480682,0.0,0.0,0.0
1990-12-23 22:30:00+05:30,-13.04,0.55,80.25,-15.727187249397309,0.0,0.0,0.0
1990-12-23 23:30:00+05:30,-13.62,0.55,80.15,-16.30870965268263,0.0,0.0,0.0
1990-12-24 00:30:00+05:30,-14.17,0.55,76.65,-17.3783205926043,0.0,0.0,0.0
1990-12-24 01:30:00+05:30,-14.64,0.55,76.6,-17.842984378953858,0.0,0.0,0.0
1990-12-24 02:30:00+05:30,-15.09,0.62,76.5,-18.29588310680568,0.0,0.0,0.0
1990-12-24 03:30:00+05:30,-15.89,0.62,83.4,-18.05706544602308,0.0,0.0,0.0
1990-12-24 04:30:00+05:30,-16.71,0.69,79.7,-19.393014557712387,0.0,0.0,0.0
1990-12-24 05:30:00+05:30,-17.35,0.76,79.6,-20.03254406239292,0.0,0.0,0.0
1990-12-24 06:30:00+05:30,-20.15,0.76,75.65,-23.342199067660573,0.0,0.0,0.0
1990-12-24 07:30:00+05:30,-20.77,0.83,72.15,-24.47451767149649,35.4,0.0,35.4
1990-12-24 08:30:00+05:30,-21.07,0.83,72.05,-24.780047037242863,271.15,1023.74,79.95
1990-12-24 09:30:00+05:30,-20.13,0.76,68.95,-24.363655364479474,447.25,1027.93,99.55
1990-12-24 10:30:00+05:30,-18.3,0.76,75.9,-21.50718679462817,576.05,1043.57,104.9
1990-12-24 11:30:00+05:30,-15.07,0.76,70.0,-19.319493335587406,632.5,1009.76,108.7
1990-12-24 12:30:00+05:30,-13.67,0.62,67.3,-18.435846085579577,576.2,695.42,203.85
1990-12-24 13:30:00+05:30,-12.2,0.62,61.95,-18.010604806963933,444.7,348.2,270.45
1990-12-24 14:30:00+05:30,-11.18,0.62,62.05,-17.022153031994122,298.55,235.38,200.6
1990-12-24 15:30:00+05:30,-10.79,0.55,62.05,-16.65156809604587,154.1,140.33,113.65
1990-12-24 16:30:00+05:30,-10.99,0.48,59.4,-17.362090977447345,25.6,47.4,19.65
1990-12-24 17:30:00+05:30,-11.83,0.48,59.25,-18.18655307663498,0.0,0.0,0.0
1990-12-24 18:30:00+05:30,-12.99,0.48,61.7,-18.808917780314054,0.0,0.0,0.0
1990-12-24 19:30:00+05:30,-14.16,0.62,61.45,-19.967847710114885,0.0,0.0,0.0
1990-12-24 20:30:00+05:30,-15.45,0.69,66.85,-20.2207839601613,0.0,0.0,0.0
1990-12-24 21:30:00+05:30,-16.77,0.76,69.6,-21.02296290530651,0.0,0.0,0.0
1990-12-24 22:30:00+05:30,-18.13,0.83,69.4,-22.365225792993876,0.0,0.0,0.0
1990-12-24 23:30:00+05:30,-19.57,0.9,72.35,-23.283049477557064,0.0,0.0,0.0
1990-12-25 00:30:00+05:30,-21.82,0.97,82.65,-23.977262914694407,0.0,0.0,0.0
1990-12-25 01:30:00+05:30,-23.36,1.03,78.75,-26.02061531993409,0.0,0.0,0.0
1990-12-25 02:30:00+05:30,-24.44,1.1,74.95,-27.61222374202781,0.0,0.0,0.0
1990-12-25 03:30:00+05:30,-24.92,1.1,74.85,-28.092825048743293,0.0,0.0,0.0
1990-12-25 04:30:00+05:30,-25.49,1.17,74.75,-28.6607445473338,0.0,0.0,0.0
1990-12-25 05:30:00+05:30,-25.98,1.17,71.15,-29.66288147293222,0.0,0.0,0.0
1990-12-25 06:30:00+05:30,-25.95,1.24,67.75,-30.153584417702092,0.0,0.0,0.0
1990-12-25 07:30:00+05:30,-26.32,1.31,61.45,-31.534348040686588,27.85,0.0,27.85
1990-12-25 08:30:00+05:30,-26.0,1.31,58.5,-31.74394170998131,290.5,1253.24,57.75
1990-12-25 09:30:00+05:30,-24.53,1.17,56.1,-30.792722310612255,466.9,1167.59,72.85
1990-12-25 10:30:00+05:30,-22.21,1.1,65.35,-26.952311324771582,586.8,1108.59,86.75
1990-12-25 11:30:00+05:30,-17.72,1.03,66.4,-22.473888661634625,645.15,1073.32,88.4
1990-12-25 12:30:00+05:30,-15.0,0.97,66.95,-19.772058429418458,629.8,1012.56,87.25
1990-12-25 13:30:00+05:30,-13.06,0.9,64.5,-18.353234476663904,549.35,937.72,79.35
1990-12-25 14:30:00+05:30,-12.0,0.83,61.95,-17.820547454317087,403.15,798.78,69.85
1990-12-25 15:30:00+05:30,-12.05,0.83,61.95,-17.868061015861453,214.6,570.11,49.45
1990-12-25 16:30:00+05:30,-12.92,0.9,61.7,-18.74241348649637,33.05,150.59,13.9
1990-12-25 17:30:00+05:30,-14.38,0.9,58.6,-20.726480406321546,0.0,0.0,0.0
1990-12-25 18:30:00+05:30,-16.17,0.9,58.25,-22.486992919654266,0.0,0.0,0.0
1990-12-25 19:30:00+05:30,-17.89,0.9,60.45,-23.697041097436426,0.0,0.0,0.0
1990-12-25 20:30:00+05:30,-20.11,0.97,65.85,-24.85718682333351,0.0,0.0,0.0
1990-12-25 21:30:00+05:30,-21.81,1.03,68.55,-26.0447190472995,0.0,0.0,0.0
1990-12-25 22:30:00+05:30,-22.9,1.03,62.2,-28.14732576527319,0.0,0.0,0.0
1990-12-25 23:30:00+05:30,-23.81,1.1,62.1,-29.03177830098228,0.0,0.0,0.0
1990-12-26 00:30:00+05:30,-24.55,1.1,61.85,-29.779883291076352,0.0,0.0,0.0
1990-12-26 01:30:00+05:30,-25.07,1.1,61.7,-30.301000256199483,0.0,0.0,0.0
1990-12-26 02:30:00+05:30,-25.55,1.1,61.55,-30.783892043615005,0.0,0.0,0.0
1990-12-26 03:30:00+05:30,-25.93,1.1,61.45,-31.162898616427157,0.0,0.0,0.0
1990-12-26 04:30:00+05:30,-26.13,1.17,61.45,-31.353381485612505,0.0,0.0,0.0
1990-12-26 05:30:00+05:30,-26.13,1.1,58.5,-31.86715630697292,0.0,0.0,0.0
1990-12-26 06:30:00+05:30,-25.71,1.1,58.65,-31.44231014640362,0.0,0.0,0.0
1990-12-26 07:30:00+05:30,-25.57,1.1,58.65,-31.30959765434061,32.75,0.0,32.75
1990-12-26 08:30:00+05:30,-25.17,1.03,58.75,-30.91253704971085,226.65,757.71,86.65
1990-12-26 09:30:00+05:30,-23.11,0.97,59.3,-28.860334993641644,413.2,853.39,125.75
1990-12-26 10:30:00+05:30,-20.14,0.9,68.95,-24.373279260239254,549.6,942.5,124.75
1990-12-26 11:30:00+05:30,-16.87,0.97,69.6,-21.11924114408681,583.05,706.23,216.65
1990-12-26 12:30:00+05:30,-15.12,0.83,70.0,-19.36764748947334,499.4,638.52,156.95
1990-12-26 13:30:00+05:30,-14.27,0.83,70.1,-18.532272813590158,489.45,758.0,108.85
1990-12-26 14:30:00+05:30,-13.63,0.83,67.3,-18.397490626646785,389.8,707.76,93.6
1990-12-26 15:30:00+05:30,-13.64,0.76,67.3,-18.407079465339375,206.4,485.4,65.05
1990-12-26 16:30:00+05:30,-14.31,0.76,70.1,-18.5707968346722,34.6,155.57,14.55
1990-12-26 17:30:00+05:30,-15.54,0.76,66.85,-20.307052326509506,0.0,0.0,0.0
1990-12-26 18:30:00+05:30,-17.26,0.76,69.6,-21.494741548777846,0.0,0.0,0.0
1990-12-26 19:30:00+05:30,-19.12,0.83,72.45,-22.832243083986533,0.0,0.0,0.0
1990-12-26 20:30:00+05:30,-20.94,0.9,79.05,-23.61641495141363,0.0,0.0,0.0
1990-12-26 21:30:00+05:30,-22.62,0.97,75.3,-25.793502099328617,0.0,0.0,0.0
1990-12-26 22:30:00+05:30,-24.06,1.03,75.05,-27.22867162843767,0.0,0.0,0.0
1990-12-26 23:30:00+05:30,-25.11,1.1,74.85,-28.277342015061297,0.0,0.0,0.0
1990-12-27 00:30:00+05:30,-25.23,1.17,71.35,-28.908085583271056,0.0,0.0,0.0
1990-12-27 01:30:00+05:30,-26.22,1.17,74.65,-29.383939801005656,0.0,0.0,0.0
1990-12-27 02:30:00+05:30,-27.08,1.17,74.5,-30.240361869969792,0.0,0.0,0.0
1990-12-27 03:30:00+05:30,-27.52,1.17,70.85,-31.19557284936925,0.0,0.0,0.0
1990-12-27 04:30:00+05:30,-27.84,1.17,64.15,-32.538164728989386,0.0,0.0,0.0
1990-12-27 05:30:00+05:30,-28.2,1.17,64.05,-32.89873123946574,0.0,0.0,0.0
1990-12-27 06:30:00+05:30,-29.83,1.17,60.55,-35.02809030048796,0.0,0.0,0.0
1990-12-27 07:30:00+05:30,-30.21,1.17,60.4,-35.41479225358885,27.4,0.0,27.4
1990-12-27 08:30:00+05:30,-30.01,1.17,57.4,-35.73718843873168,296.55,1271.14,62.77
1990-12-27 09:30:00+05:30,-28.61,1.1,52.25,-35.36317689174205,477.05,1207.93,70.85
1990-12-27 10:30:00+05:30,-26.52,1.03,67.65,-30.717317150408924,603.1,1161.73,79.65
1990-12-27 11:30:00+05:30,-21.97,1.03,62.35,-27.235003814781887,662.8,1116.05,83.55
1990-12-27 12:30:00+05:30,-19.47,1.03,62.95,-24.746704832048092,650.3,1056.83,82.85
1990-12-27 13:30:00+05:30,-17.76,1.1,60.6,-23.545770719366445,567.25,973.55,77.45
1990-12-27 14:30:00+05:30,-16.9,1.1,63.55,-22.189173565213302,421.2,844.0,66.85
1990-12-27 15:30:00+05:30,-17.1,1.03,63.55,-22.379934574295316,227.75,609.25,49.35
1990-12-27 16:30:00+05:30,-18.22,1.1,57.7,-24.530816163961298,38.95,192.45,13.8
1990-12-27 17:30:00+05:30,-20.21,1.03,57.2,-26.506540392168105,0.0,0.0,0.0
1990-12-27 18:30:00+05:30,-21.44,1.03,54.1,-28.270313106196063,0.0,0.0,0.0
1990-12-27 19:30:00+05:30,-23.02,1.03,53.85,-29.803986191515605,0.0,0.0,0.0
1990-12-27 20:30:00+05:30,-24.59,1.1,50.85,-31.877827855524675,0.0,0.0,0.0
1990-12-27 21:30:00+05:30,-26.27,1.17,50.4,-33.539228503119624,0.0,0.0,0.0
1990-12-27 22:30:00+05:30,-27.83,1.17,47.45,-35.6048329376085,0.0,0.0,0.0
1990-12-27 23:30:00+05:30,-29.08,1.24,52.1,-35.832920969399304,0.0,0.0,0.0
1990-12-28 00:30:00+05:30,-29.61,1.17,51.95,-36.35882195054804,0.0,0.0,0.0
1990-12-28 01:30:00+05:30,-30.31,1.17,51.8,-37.044006504871945,0.0,0.0,0.0
1990-12-28 02:30:00+05:30,-30.92,1.17,57.1,-36.65119343090026,0.0,0.0,0.0
1990-12-28 03:30:00+05:30,-31.34,1.17,54.25,-37.55514686466322,0.0,0.0,0.0
1990-12-28 04:30:00+05:30,-31.67,1.17,54.1,-37.89330262678496,0.0,0.0,0.0
1990-12-28 05:30:00+05:30,-31.97,1.17,53.95,-38.20313505428053,0.0,0.0,0.0
1990-12-28 06:30:00+05:30,-32.84,1.17,51.05,-39.558493479916464,0.0,0.0,0.0
1990-12-28 07:30:00+05:30,-33.08,1.17,48.4,-40.29660377361746,26.8,0.0,26.8
1990-12-28 08:30:00+05:30,-32.84,1.17,45.9,-40.58196100757053,295.0,1271.22,62.17
1990-12-28 09:30:00+05:30,-31.06,1.1,51.5,-37.804543835957176,475.05,1203.88,70.75
1990-12-28 10:30:00+05:30,-26.7,1.03,64.4,-31.406815751521453,600.9,1157.51,79.45
1990-12-28 11:30:00+05:30,-21.79,0.97,59.55,-27.563008133902244,660.2,1111.23,83.1
1990-12-28 12:30:00+05:30,-19.05,0.97,60.2,-24.844244482270895,647.45,1050.11,82.85
1990-12-28 13:30:00+05:30,-16.97,0.97,58.0,-23.291682483080805,561.05,944.33,84.9
1990-12-28 14:30:00+05:30,-15.91,0.97,55.65,-22.760091055334406,408.0,763.6,86.3
1990-12-28 15:30:00+05:30,-15.91,0.83,58.25,-22.241273153284784,211.4,482.12,69.4
1990-12-28 16:30:00+05:30,-17.08,0.9,58.0,-23.39562008154071,35.55,130.49,18.25
1990-12-28 17:30:00+05:30,-19.18,0.83,60.2,-24.967609901779504,0.0,0.0,0.0
1990-12-28 18:30:00+05:30,-20.7,0.9,57.05,-26.99791285129558,0.0,0.0,0.0
1990-12-28 19:30:00+05:30,-22.48,0.97,56.65,-28.754421680509484,0.0,0.0,0.0
1990-12-28 20:30:00+05:30,-23.93,1.1,56.25,-30.198399424578202,0.0,0.0,0.0
1990-12-28 21:30:00+05:30,-25.08,1.1,50.7,-32.36636046285068,0.0,0.0,0.0
1990-12-28 22:30:00+05:30,-25.94,1.17,47.95,-33.74221484472038,0.0,0.0,0.0
1990-12-28 23:30:00+05:30,-26.74,1.17,45.45,-35.02854068711131,0.0,0.0,0.0
1990-12-29 00:30:00+05:30,-26.81,1.17,41.0,-36.1290267104202,0.0,0.0,0.0
1990-12-29 01:30:00+05:30,-27.39,1.17,40.7,-36.73323995621726,0.0,0.0,0.0
1990-12-29 02:30:00+05:30,-27.72,1.17,38.65,-37.54641113634892,0.0,0.0,0.0
1990-12-29 03:30:00+05:30,-27.78,1.17,38.65,-37.601062374653786,0.0,0.0,0.0
1990-12-29 04:30:00+05:30,-27.68,1.17,38.65,-37.50997774910811,0.0,0.0,0.0
1990-12-29 05:30:00+05:30,-27.81,1.17,38.65,-37.62838851467021,0.0,0.0,0.0
1990-12-29 06:30:00+05:30,-25.98,1.17,39.15,-35.83328267052478,0.0,0.0,0.0
1990-12-29 07:30:00+05:30,-25.94,1.17,41.2,-35.28345501047564,42.95,0.0,42.95
1990-12-29 08:30:00+05:30,-25.47,1.1,45.75,-33.78696003459472,238.2,656.73,118.35
1990-12-29 09:30:00+05:30,-22.63,0.97,59.4,-28.386989440211423,390.95,593.32,191.9
1990-12-29 10:30:00+05:30,-17.94,0.97,60.45,-23.744496334887195,528.15,732.04,198.35
1990-12-29 11:30:00+05:30,-14.42,0.9,58.6,-20.764291750878513,604.15,798.15,189.3
1990-12-29 12:30:00+05:30,-12.38,0.9,56.55,-19.253754867511006,586.8,728.61,194.45
1990-12-29 13:30:00+05:30,-10.9,0.97,56.8,-17.808623876424175,495.05,614.52,184.45
1990-12-29 14:30:00+05:30,-10.2,0.97,54.5,-17.641362301518125,323.0,365.62,168.4
1990-12-29 15:30:00+05:30,-10.32,0.83,56.95,-17.231251173652822,170.6,237.23,100.3
1990-12-29 16:30:00+05:30,-11.2,0.83,59.4,-17.560724930238347,29.05,42.37,23.35
1990-12-29 17:30:00+05:30,-12.75,0.76,64.5,-18.057344542826108,0.0,0.0,0.0
1990-12-29 18:30:00+05:30,-14.0,0.76,61.45,-19.815864640627385,0.0,0.0,0.0
1990-12-29 19:30:00+05:30,-15.54,0.83,63.9,-20.82887144478798,0.0,0.0,0.0
1990-12-29 20:30:00+05:30,-16.97,0.9,63.55,-22.25593902131449,0.0,0.0,0.0
1990-12-29 21:30:00+05:30,-18.18,0.97,60.45,-23.97228903671283,0.0,0.0,0.0
1990-12-29 22:30:00+05:30,-19.45,1.03,62.95,-24.72763748245345,0.0,0.0,0.0
1990-12-29 23:30:00+05:30,-20.57,1.03,59.8,-26.3600479817282,0.0,0.0,0.0
1990-12-30 00:30:00+05:30,-21.78,1.1,59.55,-27.553523006933176,0.0,0.0,0.0
1990-12-30 01:30:00+05:30,-22.64,1.1,56.65,-28.905454225592013,0.0,0.0,0.0
1990-12-30 02:30:00+05:30,-23.34,1.17,62.1,-28.583916133575297,0.0,0.0,0.0
1990-12-30 03:30:00+05:30,-23.98,1.17,61.95,-29.21961518693777,0.0,0.0,0.0
1990-12-30 04:30:00+05:30,-24.78,1.17,61.85,-29.9990137374511,0.0,0.0,0.0
1990-12-30 05:30:00+05:30,-25.32,1.17,61.7,-30.53915572977308,0.0,0.0,0.0
1990-12-30 06:30:00+05:30,-24.85,1.24,61.7,-30.091434276306806,0.0,0.0,0.0
1990-12-30 07:30:00+05:30,-24.67,1.24,58.9,-30.41163774085734,45.2,0.0,45.2
1990-12-30 08:30:00+05:30,-23.89,1.1,59.05,-29.645116358083172,225.5,503.2,133.95
1990-12-30 09:30:00+05:30,-21.7,1.1,62.45,-26.96023577498707,367.15,448.92,216.65
1990-12-30 10:30:00+05:30,-17.35,1.03,69.5,-21.59787081003324,472.3,385.1,298.75
1990-12-30 11:30:00+05:30,-13.74,0.97,67.2,-18.520480684387167,530.1,435.8,303.35
1990-12-30 12:30:00+05:30,-11.55,0.9,64.7,-16.875149369438994,514.65,370.75,314.65
1990-12-30 13:30:00+05:30,-9.88,0.9,62.3,-15.738472518752259,471.6,474.49,231.15
1990-12-30 14:30:00+05:30,-8.86,0.83,59.9,-15.246370817036059,311.9,236.52,211.5
1990-12-30 15:30:00+05:30,-8.71,0.76,62.5,-14.587580325608966,172.3,199.34,112.85
1990-12-30 16:30:00+05:30,-9.4,0.83,62.4,-15.262869518794583,29.8,42.09,24.05
1990-12-30 17:30:00+05:30,-10.78,0.83,64.8,-16.121636360738247,0.0,0.0,0.0
1990-12-30 18:30:00+05:30,-11.66,0.83,61.95,-17.49746896560217,0.0,0.0,0.0
1990-12-30 19:30:00+05:30,-12.73,0.83,64.5,-18.038255499670136,0.0,0.0,0.0
1990-12-30 20:30:00+05:30,-13.67,0.9,64.35,-18.962836030710015,0.0,0.0,0.0
1990-12-30 21:30:00+05:30,-14.52,0.9,64.15,-19.81038523273889,0.0,0.0,0.0
1990-12-30 22:30:00+05:30,-15.23,0.9,64.05,-20.50600088685876,0.0,0.0,0.0
1990-12-30 23:30:00+05:30,-15.87,0.9,66.75,-20.640680463573602,0.0,0.0,0.0
1990-12-31 00:30:00+05:30,-16.99,0.97,66.5,-21.757191530867544,0.0,0.0,0.0
1990-12-31 01:30:00+05:30,-17.37,0.97,66.4,-22.1385075855873,0.0,0.0,0.0
1990-12-31 02:30:00+05:30,-18.04,0.97,66.3,-22.79762183892676,0.0,0.0,0.0
1990-12-31 03:30:00+05:30,-18.73,1.03,66.2,-23.475803720820025,0.0,0.0,0.0
1990-12-31 04:30:00+05:30,-19.26,1.03,66.05,-24.009073354159714,0.0,0.0,0.0
1990-12-31 05:30:00+05:30,-19.62,1.03,65.95,-24.370898768771276,0.0,0.0,0.0
1990-12-31 06:30:00+05:30,-19.42,1.03,65.95,-24.17931476967901,0.0,0.0,0.0
1990-12-31 07:30:00+05:30,-19.6,1.03,62.95,-24.87064456563139,47.25,0.0,47.25
1990-12-31 08:30:00+05:30,-19.42,1.03,62.95,-24.699036608921556,244.0,697.07,117.5
1990-12-31 09:30:00+05:30,-17.56,0.97,63.45,-22.836554982544744,406.35,680.51,178.3
1990-12-31 10:30:00+05:30,-14.69,0.9,70.1,-18.936787544993518,533.95,729.97,204.8
1990-12-31 11:30:00+05:30,-11.32,0.9,67.6,-16.12944963940745,569.45,613.96,249.6
1990-12-31 12:30:00+05:30,-9.6,0.76,65.15,-14.929943624840863,566.7,547.74,270.65
1990-12-31 13:30:00+05:30,-8.23,0.76,62.65,-14.102027042116546,496.1,544.88,219.2
1990-12-31 14:30:00+05:30,-7.42,0.69,57.7,-14.342149319958509,348.4,386.41,183.7
1990-12-31 15:30:00+05:30,-7.25,0.62,55.3,-14.700615087954933,184.85,249.99,109.8
1990-12-31 16:30:00+05:30,-7.87,0.76,57.6,-14.787242636057904,34.35,78.93,23.4
1990-12-31 17:30:00+05:30,-9.13,0.76,57.35,-16.026798766399,0.0,0.0,0.0
1990-12-31 18:30:00+05:30,-10.81,0.69,64.8,-16.150272866688418,0.0,0.0,0.0
1990-12-31 19:30:00+05:30,-12.53,0.76,64.6,-17.8290153200169,0.0,0.0,0.0
1990-12-31 20:30:00+05:30,-14.1,0.76,70.2,-18.351737918852645,0.0,0.0,0.0
1990-12-31 21:30:00+05:30,-19.44,0.94,81.54,-21.798399306851643,0.0,0.0,0.0
1990-12-31 22:30:00+05:30,-19.61,0.94,78.96,-22.331322376804657,0.0,0.0,0.0
1990-12-31 23:30:00+05:30,-19.78,0.95,76.37,-22.875515710543105,0.0,0.0,0.0
1991-01-01 00:30:00+05:30,-19.95,0.96,73.78,-23.430249945535166,0.0,0.0,0.0
1991-01-01 01:30:00+05:30,-20.12,0.97,71.19,-23.99626844011382,0.0,0.0,0.0
1991-01-01 02:30:00+05:30,-20.29,0.97,68.6,-24.574395262662538,0.0,0.0,0.0
1991-01-01 03:30:00+05:30,-20.47,0.98,66.01,-25.175129181113327,0.0,0.0,0.0
1991-01-01 04:30:00+05:30,-20.64,0.99,63.42,-25.780292435924455,0.0,0.0,0.0
